------- Begin of ETEST.UK_MASTER-------

insert into "ETEST"."UK_MASTER" ("UK_ID", "UK_NAME", "UK_DESCRIPTION", "TRAIN_UNSEEN", "CURRICULUM_ID", "PART" ) values (1, '생애주기', null, '1', null, '생애주기');
insert into "ETEST"."UK_MASTER" ("UK_ID", "UK_NAME", "UK_DESCRIPTION", "TRAIN_UNSEEN", "CURRICULUM_ID", "PART" ) values (2, '생애주기 가설', null, '1', null, '생애주기');
insert into "ETEST"."UK_MASTER" ("UK_ID", "UK_NAME", "UK_DESCRIPTION", "TRAIN_UNSEEN", "CURRICULUM_ID", "PART" ) values (3, '생애재무 계획', null, '1', null, '생애주기');
insert into "ETEST"."UK_MASTER" ("UK_ID", "UK_NAME", "UK_DESCRIPTION", "TRAIN_UNSEEN", "CURRICULUM_ID", "PART" ) values (4, '사회 초년생의 재무 계획', null, '1', null, '생애주기');
insert into "ETEST"."UK_MASTER" ("UK_ID", "UK_NAME", "UK_DESCRIPTION", "TRAIN_UNSEEN", "CURRICULUM_ID", "PART" ) values (5, '사회 초년생의 재무 목표 달성에 적합한 금융상품', null, '1', null, '생애주기');
insert into "ETEST"."UK_MASTER" ("UK_ID", "UK_NAME", "UK_DESCRIPTION", "TRAIN_UNSEEN", "CURRICULUM_ID", "PART" ) values (6, 'ISA', null, '1', null, '생애주기');
insert into "ETEST"."UK_MASTER" ("UK_ID", "UK_NAME", "UK_DESCRIPTION", "TRAIN_UNSEEN", "CURRICULUM_ID", "PART" ) values (7, '주택 마련을 위한 재무계획', null, '1', null, '생애주기');
insert into "ETEST"."UK_MASTER" ("UK_ID", "UK_NAME", "UK_DESCRIPTION", "TRAIN_UNSEEN", "CURRICULUM_ID", "PART" ) values (8, '주택담보대출', null, '1', null, '생애주기');
insert into "ETEST"."UK_MASTER" ("UK_ID", "UK_NAME", "UK_DESCRIPTION", "TRAIN_UNSEEN", "CURRICULUM_ID", "PART" ) values (9, '고정금리와 변동금리', null, '1', null, '생애주기');
insert into "ETEST"."UK_MASTER" ("UK_ID", "UK_NAME", "UK_DESCRIPTION", "TRAIN_UNSEEN", "CURRICULUM_ID", "PART" ) values (10, '중도상환수수료', null, '1', null, '생애주기');
insert into "ETEST"."UK_MASTER" ("UK_ID", "UK_NAME", "UK_DESCRIPTION", "TRAIN_UNSEEN", "CURRICULUM_ID", "PART" ) values (11, '자녀 교육을 위한 재무 계획', null, '1', null, '생애주기');
insert into "ETEST"."UK_MASTER" ("UK_ID", "UK_NAME", "UK_DESCRIPTION", "TRAIN_UNSEEN", "CURRICULUM_ID", "PART" ) values (12, '은퇴 준비를 위한 재무 계획', null, '1', null, '생애주기');
insert into "ETEST"."UK_MASTER" ("UK_ID", "UK_NAME", "UK_DESCRIPTION", "TRAIN_UNSEEN", "CURRICULUM_ID", "PART" ) values (13, '필요자금 마련방법', null, '1', null, '필요자금 마련방법');
insert into "ETEST"."UK_MASTER" ("UK_ID", "UK_NAME", "UK_DESCRIPTION", "TRAIN_UNSEEN", "CURRICULUM_ID", "PART" ) values (14, '저축', null, '1', null, '필요자금 마련방법');
insert into "ETEST"."UK_MASTER" ("UK_ID", "UK_NAME", "UK_DESCRIPTION", "TRAIN_UNSEEN", "CURRICULUM_ID", "PART" ) values (15, '은행 예적금', null, '1', null, '필요자금 마련방법');
insert into "ETEST"."UK_MASTER" ("UK_ID", "UK_NAME", "UK_DESCRIPTION", "TRAIN_UNSEEN", "CURRICULUM_ID", "PART" ) values (16, '예금자 보호제도', null, '1', null, '필요자금 마련방법');
insert into "ETEST"."UK_MASTER" ("UK_ID", "UK_NAME", "UK_DESCRIPTION", "TRAIN_UNSEEN", "CURRICULUM_ID", "PART" ) values (17, '요구불예금', null, '1', null, '필요자금 마련방법');
insert into "ETEST"."UK_MASTER" ("UK_ID", "UK_NAME", "UK_DESCRIPTION", "TRAIN_UNSEEN", "CURRICULUM_ID", "PART" ) values (18, '저축성 예금', null, '1', null, '필요자금 마련방법');
insert into "ETEST"."UK_MASTER" ("UK_ID", "UK_NAME", "UK_DESCRIPTION", "TRAIN_UNSEEN", "CURRICULUM_ID", "PART" ) values (19, '대출', null, '1', null, '필요자금 마련방법');
insert into "ETEST"."UK_MASTER" ("UK_ID", "UK_NAME", "UK_DESCRIPTION", "TRAIN_UNSEEN", "CURRICULUM_ID", "PART" ) values (20, '부채관리', null, '1', null, '필요자금 마련방법');
insert into "ETEST"."UK_MASTER" ("UK_ID", "UK_NAME", "UK_DESCRIPTION", "TRAIN_UNSEEN", "CURRICULUM_ID", "PART" ) values (21, '대출기관', null, '1', null, '필요자금 마련방법');
insert into "ETEST"."UK_MASTER" ("UK_ID", "UK_NAME", "UK_DESCRIPTION", "TRAIN_UNSEEN", "CURRICULUM_ID", "PART" ) values (22, '제1금융권', null, '1', null, '필요자금 마련방법');
insert into "ETEST"."UK_MASTER" ("UK_ID", "UK_NAME", "UK_DESCRIPTION", "TRAIN_UNSEEN", "CURRICULUM_ID", "PART" ) values (23, '제2금융권', null, '1', null, '필요자금 마련방법');
insert into "ETEST"."UK_MASTER" ("UK_ID", "UK_NAME", "UK_DESCRIPTION", "TRAIN_UNSEEN", "CURRICULUM_ID", "PART" ) values (24, '대출상품', null, '1', null, '필요자금 마련방법');
insert into "ETEST"."UK_MASTER" ("UK_ID", "UK_NAME", "UK_DESCRIPTION", "TRAIN_UNSEEN", "CURRICULUM_ID", "PART" ) values (25, '신용대출', null, '1', null, '필요자금 마련방법');
insert into "ETEST"."UK_MASTER" ("UK_ID", "UK_NAME", "UK_DESCRIPTION", "TRAIN_UNSEEN", "CURRICULUM_ID", "PART" ) values (26, '담보대출', null, '1', null, '필요자금 마련방법');
insert into "ETEST"."UK_MASTER" ("UK_ID", "UK_NAME", "UK_DESCRIPTION", "TRAIN_UNSEEN", "CURRICULUM_ID", "PART" ) values (27, '대출금리', null, '1', null, '필요자금 마련방법');
insert into "ETEST"."UK_MASTER" ("UK_ID", "UK_NAME", "UK_DESCRIPTION", "TRAIN_UNSEEN", "CURRICULUM_ID", "PART" ) values (28, '고정금리', null, '1', null, '필요자금 마련방법');
insert into "ETEST"."UK_MASTER" ("UK_ID", "UK_NAME", "UK_DESCRIPTION", "TRAIN_UNSEEN", "CURRICULUM_ID", "PART" ) values (29, '변동금리', null, '1', null, '필요자금 마련방법');
insert into "ETEST"."UK_MASTER" ("UK_ID", "UK_NAME", "UK_DESCRIPTION", "TRAIN_UNSEEN", "CURRICULUM_ID", "PART" ) values (30, '기준금리', null, '1', null, '가치변화의 요인');
insert into "ETEST"."UK_MASTER" ("UK_ID", "UK_NAME", "UK_DESCRIPTION", "TRAIN_UNSEEN", "CURRICULUM_ID", "PART" ) values (31, '콜 금리', null, '1', null, '필요자금 마련방법');
insert into "ETEST"."UK_MASTER" ("UK_ID", "UK_NAME", "UK_DESCRIPTION", "TRAIN_UNSEEN", "CURRICULUM_ID", "PART" ) values (32, '양도성 예금증서', null, '1', null, '필요자금 마련방법');
insert into "ETEST"."UK_MASTER" ("UK_ID", "UK_NAME", "UK_DESCRIPTION", "TRAIN_UNSEEN", "CURRICULUM_ID", "PART" ) values (33, 'COFIX', null, '1', null, '필요자금 마련방법');
insert into "ETEST"."UK_MASTER" ("UK_ID", "UK_NAME", "UK_DESCRIPTION", "TRAIN_UNSEEN", "CURRICULUM_ID", "PART" ) values (34, '상환방식', null, '1', null, '필요자금 마련방법');
insert into "ETEST"."UK_MASTER" ("UK_ID", "UK_NAME", "UK_DESCRIPTION", "TRAIN_UNSEEN", "CURRICULUM_ID", "PART" ) values (35, '일시상환', null, '1', null, '필요자금 마련방법');
insert into "ETEST"."UK_MASTER" ("UK_ID", "UK_NAME", "UK_DESCRIPTION", "TRAIN_UNSEEN", "CURRICULUM_ID", "PART" ) values (36, '분할상환', null, '1', null, '필요자금 마련방법');
insert into "ETEST"."UK_MASTER" ("UK_ID", "UK_NAME", "UK_DESCRIPTION", "TRAIN_UNSEEN", "CURRICULUM_ID", "PART" ) values (37, '원리금균등상환', null, '1', null, '필요자금 마련방법');
insert into "ETEST"."UK_MASTER" ("UK_ID", "UK_NAME", "UK_DESCRIPTION", "TRAIN_UNSEEN", "CURRICULUM_ID", "PART" ) values (38, '원금균등상환', null, '1', null, '필요자금 마련방법');
insert into "ETEST"."UK_MASTER" ("UK_ID", "UK_NAME", "UK_DESCRIPTION", "TRAIN_UNSEEN", "CURRICULUM_ID", "PART" ) values (39, '대출 상환 기간', null, '1', null, '필요자금 마련방법');
insert into "ETEST"."UK_MASTER" ("UK_ID", "UK_NAME", "UK_DESCRIPTION", "TRAIN_UNSEEN", "CURRICULUM_ID", "PART" ) values (40, '부채 상환 원칙', null, '1', null, '필요자금 마련방법');
insert into "ETEST"."UK_MASTER" ("UK_ID", "UK_NAME", "UK_DESCRIPTION", "TRAIN_UNSEEN", "CURRICULUM_ID", "PART" ) values (41, '투자', null, '1', null, '필요자금 마련방법');
insert into "ETEST"."UK_MASTER" ("UK_ID", "UK_NAME", "UK_DESCRIPTION", "TRAIN_UNSEEN", "CURRICULUM_ID", "PART" ) values (42, '투자 필요성', null, '1', null, '필요자금 마련방법');
insert into "ETEST"."UK_MASTER" ("UK_ID", "UK_NAME", "UK_DESCRIPTION", "TRAIN_UNSEEN", "CURRICULUM_ID", "PART" ) values (43, '인플레이션', null, '1', null, '필요자금 마련방법');
insert into "ETEST"."UK_MASTER" ("UK_ID", "UK_NAME", "UK_DESCRIPTION", "TRAIN_UNSEEN", "CURRICULUM_ID", "PART" ) values (44, '하이퍼 인플레이션', null, '1', null, '필요자금 마련방법');
insert into "ETEST"."UK_MASTER" ("UK_ID", "UK_NAME", "UK_DESCRIPTION", "TRAIN_UNSEEN", "CURRICULUM_ID", "PART" ) values (45, '이자계산방법', null, '1', null, '필요자금 마련방법');
insert into "ETEST"."UK_MASTER" ("UK_ID", "UK_NAME", "UK_DESCRIPTION", "TRAIN_UNSEEN", "CURRICULUM_ID", "PART" ) values (46, '단리', null, '1', null, '필요자금 마련방법');
insert into "ETEST"."UK_MASTER" ("UK_ID", "UK_NAME", "UK_DESCRIPTION", "TRAIN_UNSEEN", "CURRICULUM_ID", "PART" ) values (47, '복리', null, '1', null, '필요자금 마련방법');
insert into "ETEST"."UK_MASTER" ("UK_ID", "UK_NAME", "UK_DESCRIPTION", "TRAIN_UNSEEN", "CURRICULUM_ID", "PART" ) values (48, '복리 효과를 높이는 3요소', null, '1', null, '필요자금 마련방법');
insert into "ETEST"."UK_MASTER" ("UK_ID", "UK_NAME", "UK_DESCRIPTION", "TRAIN_UNSEEN", "CURRICULUM_ID", "PART" ) values (49, '시간', null, '1', null, '필요자금 마련방법');
insert into "ETEST"."UK_MASTER" ("UK_ID", "UK_NAME", "UK_DESCRIPTION", "TRAIN_UNSEEN", "CURRICULUM_ID", "PART" ) values (50, '수익률', null, '1', null, '필요자금 마련방법');
insert into "ETEST"."UK_MASTER" ("UK_ID", "UK_NAME", "UK_DESCRIPTION", "TRAIN_UNSEEN", "CURRICULUM_ID", "PART" ) values (51, '수수료와 세금', null, '1', null, '필요자금 마련방법');
insert into "ETEST"."UK_MASTER" ("UK_ID", "UK_NAME", "UK_DESCRIPTION", "TRAIN_UNSEEN", "CURRICULUM_ID", "PART" ) values (52, '저축과 투자의 차이', null, '1', null, '필요자금 마련방법');
insert into "ETEST"."UK_MASTER" ("UK_ID", "UK_NAME", "UK_DESCRIPTION", "TRAIN_UNSEEN", "CURRICULUM_ID", "PART" ) values (53, '저축의 미래현금흐름', null, '1', null, '필요자금 마련방법');
insert into "ETEST"."UK_MASTER" ("UK_ID", "UK_NAME", "UK_DESCRIPTION", "TRAIN_UNSEEN", "CURRICULUM_ID", "PART" ) values (54, '투자의 미래현금흐름', null, '1', null, '필요자금 마련방법');
insert into "ETEST"."UK_MASTER" ("UK_ID", "UK_NAME", "UK_DESCRIPTION", "TRAIN_UNSEEN", "CURRICULUM_ID", "PART" ) values (55, '투자와 투기의 차이', null, '1', null, '필요자금 마련방법');
insert into "ETEST"."UK_MASTER" ("UK_ID", "UK_NAME", "UK_DESCRIPTION", "TRAIN_UNSEEN", "CURRICULUM_ID", "PART" ) values (56, '튤립 투기', null, '1', null, '필요자금 마련방법');
insert into "ETEST"."UK_MASTER" ("UK_ID", "UK_NAME", "UK_DESCRIPTION", "TRAIN_UNSEEN", "CURRICULUM_ID", "PART" ) values (57, '현명한 투자자', null, '1', null, '필요자금 마련방법');
insert into "ETEST"."UK_MASTER" ("UK_ID", "UK_NAME", "UK_DESCRIPTION", "TRAIN_UNSEEN", "CURRICULUM_ID", "PART" ) values (58, '금융 이해력', null, '1', null, '필요자금 마련방법');
insert into "ETEST"."UK_MASTER" ("UK_ID", "UK_NAME", "UK_DESCRIPTION", "TRAIN_UNSEEN", "CURRICULUM_ID", "PART" ) values (59, '금융 지식', null, '1', null, '필요자금 마련방법');
insert into "ETEST"."UK_MASTER" ("UK_ID", "UK_NAME", "UK_DESCRIPTION", "TRAIN_UNSEEN", "CURRICULUM_ID", "PART" ) values (60, '금융 행위', null, '1', null, '필요자금 마련방법');
insert into "ETEST"."UK_MASTER" ("UK_ID", "UK_NAME", "UK_DESCRIPTION", "TRAIN_UNSEEN", "CURRICULUM_ID", "PART" ) values (61, '금융 태도', null, '1', null, '필요자금 마련방법');
insert into "ETEST"."UK_MASTER" ("UK_ID", "UK_NAME", "UK_DESCRIPTION", "TRAIN_UNSEEN", "CURRICULUM_ID", "PART" ) values (62, '투자의 속성', null, '1', null, '필요자금 마련방법');
insert into "ETEST"."UK_MASTER" ("UK_ID", "UK_NAME", "UK_DESCRIPTION", "TRAIN_UNSEEN", "CURRICULUM_ID", "PART" ) values (63, '투자수익', null, '1', null, '필요자금 마련방법');
insert into "ETEST"."UK_MASTER" ("UK_ID", "UK_NAME", "UK_DESCRIPTION", "TRAIN_UNSEEN", "CURRICULUM_ID", "PART" ) values (64, '요구수익률', null, '1', null, '필요자금 마련방법');
insert into "ETEST"."UK_MASTER" ("UK_ID", "UK_NAME", "UK_DESCRIPTION", "TRAIN_UNSEEN", "CURRICULUM_ID", "PART" ) values (65, '요구수익률의 측정', null, '1', null, '필요자금 마련방법');
insert into "ETEST"."UK_MASTER" ("UK_ID", "UK_NAME", "UK_DESCRIPTION", "TRAIN_UNSEEN", "CURRICULUM_ID", "PART" ) values (66, '수익률의 측정', null, '1', null, '필요자금 마련방법');
insert into "ETEST"."UK_MASTER" ("UK_ID", "UK_NAME", "UK_DESCRIPTION", "TRAIN_UNSEEN", "CURRICULUM_ID", "PART" ) values (67, '72의 법칙', null, '1', null, '필요자금 마련방법');
insert into "ETEST"."UK_MASTER" ("UK_ID", "UK_NAME", "UK_DESCRIPTION", "TRAIN_UNSEEN", "CURRICULUM_ID", "PART" ) values (68, '수수료', null, '1', null, '필요자금 마련방법');
insert into "ETEST"."UK_MASTER" ("UK_ID", "UK_NAME", "UK_DESCRIPTION", "TRAIN_UNSEEN", "CURRICULUM_ID", "PART" ) values (69, '세금', null, '1', null, '필요자금 마련방법');
insert into "ETEST"."UK_MASTER" ("UK_ID", "UK_NAME", "UK_DESCRIPTION", "TRAIN_UNSEEN", "CURRICULUM_ID", "PART" ) values (70, '기회비용', null, '1', null, '필요자금 마련방법');
insert into "ETEST"."UK_MASTER" ("UK_ID", "UK_NAME", "UK_DESCRIPTION", "TRAIN_UNSEEN", "CURRICULUM_ID", "PART" ) values (71, '투자위험(리스크)', null, '1', null, '필요자금 마련방법');
insert into "ETEST"."UK_MASTER" ("UK_ID", "UK_NAME", "UK_DESCRIPTION", "TRAIN_UNSEEN", "CURRICULUM_ID", "PART" ) values (72, '리스크와 데인저의 차이', null, '1', null, '필요자금 마련방법');
insert into "ETEST"."UK_MASTER" ("UK_ID", "UK_NAME", "UK_DESCRIPTION", "TRAIN_UNSEEN", "CURRICULUM_ID", "PART" ) values (73, '리스크 특징', null, '1', null, '필요자금 마련방법');
insert into "ETEST"."UK_MASTER" ("UK_ID", "UK_NAME", "UK_DESCRIPTION", "TRAIN_UNSEEN", "CURRICULUM_ID", "PART" ) values (74, '대형주/소형주', null, '1', null, '필요자금 마련방법');
insert into "ETEST"."UK_MASTER" ("UK_ID", "UK_NAME", "UK_DESCRIPTION", "TRAIN_UNSEEN", "CURRICULUM_ID", "PART" ) values (75, '가치주/성장주', null, '1', null, '필요자금 마련방법');
insert into "ETEST"."UK_MASTER" ("UK_ID", "UK_NAME", "UK_DESCRIPTION", "TRAIN_UNSEEN", "CURRICULUM_ID", "PART" ) values (76, '투자위험의 측정', null, '1', null, '필요자금 마련방법');
insert into "ETEST"."UK_MASTER" ("UK_ID", "UK_NAME", "UK_DESCRIPTION", "TRAIN_UNSEEN", "CURRICULUM_ID", "PART" ) values (77, '분산과 표준편차', null, '1', null, '필요자금 마련방법');
insert into "ETEST"."UK_MASTER" ("UK_ID", "UK_NAME", "UK_DESCRIPTION", "TRAIN_UNSEEN", "CURRICULUM_ID", "PART" ) values (78, '리스크의 척도', null, '1', null, '필요자금 마련방법');
insert into "ETEST"."UK_MASTER" ("UK_ID", "UK_NAME", "UK_DESCRIPTION", "TRAIN_UNSEEN", "CURRICULUM_ID", "PART" ) values (79, '리스크 트레이싱', null, '1', null, '필요자금 마련방법');
insert into "ETEST"."UK_MASTER" ("UK_ID", "UK_NAME", "UK_DESCRIPTION", "TRAIN_UNSEEN", "CURRICULUM_ID", "PART" ) values (80, '증권사 거래기간', null, '1', null, '필요자금 마련방법');
insert into "ETEST"."UK_MASTER" ("UK_ID", "UK_NAME", "UK_DESCRIPTION", "TRAIN_UNSEEN", "CURRICULUM_ID", "PART" ) values (81, '주식투자 비중', null, '1', null, '필요자금 마련방법');
insert into "ETEST"."UK_MASTER" ("UK_ID", "UK_NAME", "UK_DESCRIPTION", "TRAIN_UNSEEN", "CURRICULUM_ID", "PART" ) values (82, '보유종목 수', null, '1', null, '필요자금 마련방법');
insert into "ETEST"."UK_MASTER" ("UK_ID", "UK_NAME", "UK_DESCRIPTION", "TRAIN_UNSEEN", "CURRICULUM_ID", "PART" ) values (83, '선호 투자종목', null, '1', null, '필요자금 마련방법');
insert into "ETEST"."UK_MASTER" ("UK_ID", "UK_NAME", "UK_DESCRIPTION", "TRAIN_UNSEEN", "CURRICULUM_ID", "PART" ) values (84, '리스크 프로파일', null, '1', null, '필요자금 마련방법');
insert into "ETEST"."UK_MASTER" ("UK_ID", "UK_NAME", "UK_DESCRIPTION", "TRAIN_UNSEEN", "CURRICULUM_ID", "PART" ) values (85, '리스크 선호도(Risk Ability)', null, '1', null, '필요자금 마련방법');
insert into "ETEST"."UK_MASTER" ("UK_ID", "UK_NAME", "UK_DESCRIPTION", "TRAIN_UNSEEN", "CURRICULUM_ID", "PART" ) values (86, '자기자본 대비 리스크 부담 수준', null, '1', null, '필요자금 마련방법');
insert into "ETEST"."UK_MASTER" ("UK_ID", "UK_NAME", "UK_DESCRIPTION", "TRAIN_UNSEEN", "CURRICULUM_ID", "PART" ) values (87, '리스크 감내수준에 대한 의사결정', null, '1', null, '필요자금 마련방법');
insert into "ETEST"."UK_MASTER" ("UK_ID", "UK_NAME", "UK_DESCRIPTION", "TRAIN_UNSEEN", "CURRICULUM_ID", "PART" ) values (88, '리스크 허용정도(Risk Tolerance)', null, '1', null, '필요자금 마련방법');
insert into "ETEST"."UK_MASTER" ("UK_ID", "UK_NAME", "UK_DESCRIPTION", "TRAIN_UNSEEN", "CURRICULUM_ID", "PART" ) values (89, '투자위험정도(Investment Risk)', null, '1', null, '필요자금 마련방법');
insert into "ETEST"."UK_MASTER" ("UK_ID", "UK_NAME", "UK_DESCRIPTION", "TRAIN_UNSEEN", "CURRICULUM_ID", "PART" ) values (90, '재무적 위험(Financial Risk)', null, '1', null, '필요자금 마련방법');
insert into "ETEST"."UK_MASTER" ("UK_ID", "UK_NAME", "UK_DESCRIPTION", "TRAIN_UNSEEN", "CURRICULUM_ID", "PART" ) values (91, '투기 위험(Speculative risk)', null, '1', null, '필요자금 마련방법');
insert into "ETEST"."UK_MASTER" ("UK_ID", "UK_NAME", "UK_DESCRIPTION", "TRAIN_UNSEEN", "CURRICULUM_ID", "PART" ) values (92, '기대수익률과 위험의 관계', null, '1', null, '필요자금 마련방법');
insert into "ETEST"."UK_MASTER" ("UK_ID", "UK_NAME", "UK_DESCRIPTION", "TRAIN_UNSEEN", "CURRICULUM_ID", "PART" ) values (93, '투자의 원칙', null, '1', null, '필요자금 마련방법');
insert into "ETEST"."UK_MASTER" ("UK_ID", "UK_NAME", "UK_DESCRIPTION", "TRAIN_UNSEEN", "CURRICULUM_ID", "PART" ) values (94, '목적기반 통합 투자관리', null, '1', null, '필요자금 마련방법');
insert into "ETEST"."UK_MASTER" ("UK_ID", "UK_NAME", "UK_DESCRIPTION", "TRAIN_UNSEEN", "CURRICULUM_ID", "PART" ) values (95, '투자관리 3단계 과정', null, '1', null, '필요자금 마련방법');
insert into "ETEST"."UK_MASTER" ("UK_ID", "UK_NAME", "UK_DESCRIPTION", "TRAIN_UNSEEN", "CURRICULUM_ID", "PART" ) values (96, '투자계획의 수립(Plan)', null, '1', null, '필요자금 마련방법');
insert into "ETEST"."UK_MASTER" ("UK_ID", "UK_NAME", "UK_DESCRIPTION", "TRAIN_UNSEEN", "CURRICULUM_ID", "PART" ) values (97, '투자목표', null, '1', null, '필요자금 마련방법');
insert into "ETEST"."UK_MASTER" ("UK_ID", "UK_NAME", "UK_DESCRIPTION", "TRAIN_UNSEEN", "CURRICULUM_ID", "PART" ) values (98, '생애주기와 투자목표', null, '1', null, '필요자금 마련방법');
insert into "ETEST"."UK_MASTER" ("UK_ID", "UK_NAME", "UK_DESCRIPTION", "TRAIN_UNSEEN", "CURRICULUM_ID", "PART" ) values (99, '자산관리 목표', null, '1', null, '필요자금 마련방법');
insert into "ETEST"."UK_MASTER" ("UK_ID", "UK_NAME", "UK_DESCRIPTION", "TRAIN_UNSEEN", "CURRICULUM_ID", "PART" ) values (100, '투자종목', null, '1', null, '필요자금 마련방법');
insert into "ETEST"."UK_MASTER" ("UK_ID", "UK_NAME", "UK_DESCRIPTION", "TRAIN_UNSEEN", "CURRICULUM_ID", "PART" ) values (101, '초보자에게 맞는 주식 종목', null, '1', null, '필요자금 마련방법');
insert into "ETEST"."UK_MASTER" ("UK_ID", "UK_NAME", "UK_DESCRIPTION", "TRAIN_UNSEEN", "CURRICULUM_ID", "PART" ) values (102, '시가총액', null, '1', null, '필요자금 마련방법');
insert into "ETEST"."UK_MASTER" ("UK_ID", "UK_NAME", "UK_DESCRIPTION", "TRAIN_UNSEEN", "CURRICULUM_ID", "PART" ) values (103, '시가', null, '1', null, '필요자금 마련방법');
insert into "ETEST"."UK_MASTER" ("UK_ID", "UK_NAME", "UK_DESCRIPTION", "TRAIN_UNSEEN", "CURRICULUM_ID", "PART" ) values (104, '상한가/하한가', null, '1', null, '필요자금 마련방법');
insert into "ETEST"."UK_MASTER" ("UK_ID", "UK_NAME", "UK_DESCRIPTION", "TRAIN_UNSEEN", "CURRICULUM_ID", "PART" ) values (105, '종가', null, '1', null, '필요자금 마련방법');
insert into "ETEST"."UK_MASTER" ("UK_ID", "UK_NAME", "UK_DESCRIPTION", "TRAIN_UNSEEN", "CURRICULUM_ID", "PART" ) values (106, '52주 신고가', null, '1', null, '필요자금 마련방법');
insert into "ETEST"."UK_MASTER" ("UK_ID", "UK_NAME", "UK_DESCRIPTION", "TRAIN_UNSEEN", "CURRICULUM_ID", "PART" ) values (107, '투자기간', null, '1', null, '필요자금 마련방법');
insert into "ETEST"."UK_MASTER" ("UK_ID", "UK_NAME", "UK_DESCRIPTION", "TRAIN_UNSEEN", "CURRICULUM_ID", "PART" ) values (108, '투자지역', null, '1', null, '필요자금 마련방법');
insert into "ETEST"."UK_MASTER" ("UK_ID", "UK_NAME", "UK_DESCRIPTION", "TRAIN_UNSEEN", "CURRICULUM_ID", "PART" ) values (109, '국내투자', null, '1', null, '필요자금 마련방법');
insert into "ETEST"."UK_MASTER" ("UK_ID", "UK_NAME", "UK_DESCRIPTION", "TRAIN_UNSEEN", "CURRICULUM_ID", "PART" ) values (110, '글로벌 투자', null, '1', null, '필요자금 마련방법');
insert into "ETEST"."UK_MASTER" ("UK_ID", "UK_NAME", "UK_DESCRIPTION", "TRAIN_UNSEEN", "CURRICULUM_ID", "PART" ) values (111, '투자방법', null, '1', null, '필요자금 마련방법');
insert into "ETEST"."UK_MASTER" ("UK_ID", "UK_NAME", "UK_DESCRIPTION", "TRAIN_UNSEEN", "CURRICULUM_ID", "PART" ) values (112, '직접투자', null, '1', null, '필요자금 마련방법');
insert into "ETEST"."UK_MASTER" ("UK_ID", "UK_NAME", "UK_DESCRIPTION", "TRAIN_UNSEEN", "CURRICULUM_ID", "PART" ) values (113, '간접투자', null, '1', null, '필요자금 마련방법');
insert into "ETEST"."UK_MASTER" ("UK_ID", "UK_NAME", "UK_DESCRIPTION", "TRAIN_UNSEEN", "CURRICULUM_ID", "PART" ) values (114, '투자전략', null, '1', null, '필요자금 마련방법');
insert into "ETEST"."UK_MASTER" ("UK_ID", "UK_NAME", "UK_DESCRIPTION", "TRAIN_UNSEEN", "CURRICULUM_ID", "PART" ) values (115, '액티브투자', null, '1', null, '필요자금 마련방법');
insert into "ETEST"."UK_MASTER" ("UK_ID", "UK_NAME", "UK_DESCRIPTION", "TRAIN_UNSEEN", "CURRICULUM_ID", "PART" ) values (116, '패시브투자', null, '1', null, '필요자금 마련방법');
insert into "ETEST"."UK_MASTER" ("UK_ID", "UK_NAME", "UK_DESCRIPTION", "TRAIN_UNSEEN", "CURRICULUM_ID", "PART" ) values (117, '벤치마크지수', null, '1', null, '필요자금 마련방법');
insert into "ETEST"."UK_MASTER" ("UK_ID", "UK_NAME", "UK_DESCRIPTION", "TRAIN_UNSEEN", "CURRICULUM_ID", "PART" ) values (118, '투자시점', null, '1', null, '필요자금 마련방법');
insert into "ETEST"."UK_MASTER" ("UK_ID", "UK_NAME", "UK_DESCRIPTION", "TRAIN_UNSEEN", "CURRICULUM_ID", "PART" ) values (119, '거치식투자', null, '1', null, '필요자금 마련방법');
insert into "ETEST"."UK_MASTER" ("UK_ID", "UK_NAME", "UK_DESCRIPTION", "TRAIN_UNSEEN", "CURRICULUM_ID", "PART" ) values (120, '적립식투자', null, '1', null, '필요자금 마련방법');
insert into "ETEST"."UK_MASTER" ("UK_ID", "UK_NAME", "UK_DESCRIPTION", "TRAIN_UNSEEN", "CURRICULUM_ID", "PART" ) values (121, '정액분할투자', null, '1', null, '필요자금 마련방법');
insert into "ETEST"."UK_MASTER" ("UK_ID", "UK_NAME", "UK_DESCRIPTION", "TRAIN_UNSEEN", "CURRICULUM_ID", "PART" ) values (122, '매입 단가 평준화 효과', null, '1', null, '필요자금 마련방법');
insert into "ETEST"."UK_MASTER" ("UK_ID", "UK_NAME", "UK_DESCRIPTION", "TRAIN_UNSEEN", "CURRICULUM_ID", "PART" ) values (123, '거치식과 적립식 투자성과 비교', null, '1', null, '필요자금 마련방법');
insert into "ETEST"."UK_MASTER" ("UK_ID", "UK_NAME", "UK_DESCRIPTION", "TRAIN_UNSEEN", "CURRICULUM_ID", "PART" ) values (124, '투자금의 성격', null, '1', null, '필요자금 마련방법');
insert into "ETEST"."UK_MASTER" ("UK_ID", "UK_NAME", "UK_DESCRIPTION", "TRAIN_UNSEEN", "CURRICULUM_ID", "PART" ) values (125, '대출투자', null, '1', null, '필요자금 마련방법');
insert into "ETEST"."UK_MASTER" ("UK_ID", "UK_NAME", "UK_DESCRIPTION", "TRAIN_UNSEEN", "CURRICULUM_ID", "PART" ) values (126, '레버리지투자', null, '1', null, '필요자금 마련방법');
insert into "ETEST"."UK_MASTER" ("UK_ID", "UK_NAME", "UK_DESCRIPTION", "TRAIN_UNSEEN", "CURRICULUM_ID", "PART" ) values (127, '법규 및 제도', null, '1', null, '필요자금 마련방법');
insert into "ETEST"."UK_MASTER" ("UK_ID", "UK_NAME", "UK_DESCRIPTION", "TRAIN_UNSEEN", "CURRICULUM_ID", "PART" ) values (128, '투자전략의 실행(Do)', null, '1', null, '필요자금 마련방법');
insert into "ETEST"."UK_MASTER" ("UK_ID", "UK_NAME", "UK_DESCRIPTION", "TRAIN_UNSEEN", "CURRICULUM_ID", "PART" ) values (129, '자산배분 전략', null, '1', null, '필요자금 마련방법');
insert into "ETEST"."UK_MASTER" ("UK_ID", "UK_NAME", "UK_DESCRIPTION", "TRAIN_UNSEEN", "CURRICULUM_ID", "PART" ) values (130, '전략적 자산배분', null, '1', null, '필요자금 마련방법');
insert into "ETEST"."UK_MASTER" ("UK_ID", "UK_NAME", "UK_DESCRIPTION", "TRAIN_UNSEEN", "CURRICULUM_ID", "PART" ) values (131, '투자목적 및 투자제약요건 파악', null, '1', null, '필요자금 마련방법');
insert into "ETEST"."UK_MASTER" ("UK_ID", "UK_NAME", "UK_DESCRIPTION", "TRAIN_UNSEEN", "CURRICULUM_ID", "PART" ) values (132, '자산집단의 선택', null, '1', null, '필요자금 마련방법');
insert into "ETEST"."UK_MASTER" ("UK_ID", "UK_NAME", "UK_DESCRIPTION", "TRAIN_UNSEEN", "CURRICULUM_ID", "PART" ) values (133, '미래 기대수익 추정', null, '1', null, '필요자금 마련방법');
insert into "ETEST"."UK_MASTER" ("UK_ID", "UK_NAME", "UK_DESCRIPTION", "TRAIN_UNSEEN", "CURRICULUM_ID", "PART" ) values (134, '최적 자산구성의 선택', null, '1', null, '필요자금 마련방법');
insert into "ETEST"."UK_MASTER" ("UK_ID", "UK_NAME", "UK_DESCRIPTION", "TRAIN_UNSEEN", "CURRICULUM_ID", "PART" ) values (135, '전술적 자산배분', null, '1', null, '필요자금 마련방법');
insert into "ETEST"."UK_MASTER" ("UK_ID", "UK_NAME", "UK_DESCRIPTION", "TRAIN_UNSEEN", "CURRICULUM_ID", "PART" ) values (136, '역투자전략', null, '1', null, '필요자금 마련방법');
insert into "ETEST"."UK_MASTER" ("UK_ID", "UK_NAME", "UK_DESCRIPTION", "TRAIN_UNSEEN", "CURRICULUM_ID", "PART" ) values (137, '평균반전과정', null, '1', null, '필요자금 마련방법');
insert into "ETEST"."UK_MASTER" ("UK_ID", "UK_NAME", "UK_DESCRIPTION", "TRAIN_UNSEEN", "CURRICULUM_ID", "PART" ) values (138, '포뮬러 플랜(Formula Plan)', null, '1', null, '필요자금 마련방법');
insert into "ETEST"."UK_MASTER" ("UK_ID", "UK_NAME", "UK_DESCRIPTION", "TRAIN_UNSEEN", "CURRICULUM_ID", "PART" ) values (139, '투자율 고정법', null, '1', null, '필요자금 마련방법');
insert into "ETEST"."UK_MASTER" ("UK_ID", "UK_NAME", "UK_DESCRIPTION", "TRAIN_UNSEEN", "CURRICULUM_ID", "PART" ) values (140, '투자액 고정법', null, '1', null, '필요자금 마련방법');
insert into "ETEST"."UK_MASTER" ("UK_ID", "UK_NAME", "UK_DESCRIPTION", "TRAIN_UNSEEN", "CURRICULUM_ID", "PART" ) values (141, '달러코스트 평균법', null, '1', null, '필요자금 마련방법');
insert into "ETEST"."UK_MASTER" ("UK_ID", "UK_NAME", "UK_DESCRIPTION", "TRAIN_UNSEEN", "CURRICULUM_ID", "PART" ) values (142, '척도법', null, '1', null, '필요자금 마련방법');
insert into "ETEST"."UK_MASTER" ("UK_ID", "UK_NAME", "UK_DESCRIPTION", "TRAIN_UNSEEN", "CURRICULUM_ID", "PART" ) values (143, '변동비율법', null, '1', null, '필요자금 마련방법');
insert into "ETEST"."UK_MASTER" ("UK_ID", "UK_NAME", "UK_DESCRIPTION", "TRAIN_UNSEEN", "CURRICULUM_ID", "PART" ) values (144, '적극적(active) 투자관리', null, '1', null, '필요자금 마련방법');
insert into "ETEST"."UK_MASTER" ("UK_ID", "UK_NAME", "UK_DESCRIPTION", "TRAIN_UNSEEN", "CURRICULUM_ID", "PART" ) values (145, '소극적(passive) 투자관리', null, '1', null, '필요자금 마련방법');
insert into "ETEST"."UK_MASTER" ("UK_ID", "UK_NAME", "UK_DESCRIPTION", "TRAIN_UNSEEN", "CURRICULUM_ID", "PART" ) values (146, '사후 통제(See)', null, '1', null, '필요자금 마련방법');
insert into "ETEST"."UK_MASTER" ("UK_ID", "UK_NAME", "UK_DESCRIPTION", "TRAIN_UNSEEN", "CURRICULUM_ID", "PART" ) values (147, '포트폴리오 성과평가', null, '1', null, '필요자금 마련방법');
insert into "ETEST"."UK_MASTER" ("UK_ID", "UK_NAME", "UK_DESCRIPTION", "TRAIN_UNSEEN", "CURRICULUM_ID", "PART" ) values (148, '포트폴리오 수정', null, '1', null, '필요자금 마련방법');
insert into "ETEST"."UK_MASTER" ("UK_ID", "UK_NAME", "UK_DESCRIPTION", "TRAIN_UNSEEN", "CURRICULUM_ID", "PART" ) values (149, '포트폴리오 관리기준 수정', null, '1', null, '필요자금 마련방법');
insert into "ETEST"."UK_MASTER" ("UK_ID", "UK_NAME", "UK_DESCRIPTION", "TRAIN_UNSEEN", "CURRICULUM_ID", "PART" ) values (150, '분산투자', null, '1', null, '필요자금 마련방법');
insert into "ETEST"."UK_MASTER" ("UK_ID", "UK_NAME", "UK_DESCRIPTION", "TRAIN_UNSEEN", "CURRICULUM_ID", "PART" ) values (151, '포트폴리오 전략', null, '1', null, '필요자금 마련방법');
insert into "ETEST"."UK_MASTER" ("UK_ID", "UK_NAME", "UK_DESCRIPTION", "TRAIN_UNSEEN", "CURRICULUM_ID", "PART" ) values (152, '주식 포트폴리오', null, '1', null, '필요자금 마련방법');
insert into "ETEST"."UK_MASTER" ("UK_ID", "UK_NAME", "UK_DESCRIPTION", "TRAIN_UNSEEN", "CURRICULUM_ID", "PART" ) values (153, '소극적 포트폴리오 전략', null, '1', null, '필요자금 마련방법');
insert into "ETEST"."UK_MASTER" ("UK_ID", "UK_NAME", "UK_DESCRIPTION", "TRAIN_UNSEEN", "CURRICULUM_ID", "PART" ) values (154, '적극적 포트폴리오 전략', null, '1', null, '필요자금 마련방법');
insert into "ETEST"."UK_MASTER" ("UK_ID", "UK_NAME", "UK_DESCRIPTION", "TRAIN_UNSEEN", "CURRICULUM_ID", "PART" ) values (155, '핵심-위성 포트폴리오 관리전략', null, '1', null, '필요자금 마련방법');
insert into "ETEST"."UK_MASTER" ("UK_ID", "UK_NAME", "UK_DESCRIPTION", "TRAIN_UNSEEN", "CURRICULUM_ID", "PART" ) values (156, 'ETF 포트폴리오', null, '1', null, '필요자금 마련방법');
insert into "ETEST"."UK_MASTER" ("UK_ID", "UK_NAME", "UK_DESCRIPTION", "TRAIN_UNSEEN", "CURRICULUM_ID", "PART" ) values (157, '알파 투자전략', null, '1', null, '필요자금 마련방법');
insert into "ETEST"."UK_MASTER" ("UK_ID", "UK_NAME", "UK_DESCRIPTION", "TRAIN_UNSEEN", "CURRICULUM_ID", "PART" ) values (158, 'ETF의 장점', null, '1', null, '필요자금 마련방법');
insert into "ETEST"."UK_MASTER" ("UK_ID", "UK_NAME", "UK_DESCRIPTION", "TRAIN_UNSEEN", "CURRICULUM_ID", "PART" ) values (159, '베타 투자전략', null, '1', null, '필요자금 마련방법');
insert into "ETEST"."UK_MASTER" ("UK_ID", "UK_NAME", "UK_DESCRIPTION", "TRAIN_UNSEEN", "CURRICULUM_ID", "PART" ) values (160, '베타-알파 투자전략', null, '1', null, '필요자금 마련방법');
insert into "ETEST"."UK_MASTER" ("UK_ID", "UK_NAME", "UK_DESCRIPTION", "TRAIN_UNSEEN", "CURRICULUM_ID", "PART" ) values (161, '분산투자 효과', null, '1', null, '필요자금 마련방법');
insert into "ETEST"."UK_MASTER" ("UK_ID", "UK_NAME", "UK_DESCRIPTION", "TRAIN_UNSEEN", "CURRICULUM_ID", "PART" ) values (162, '분산투자에 따른 위험감소', null, '1', null, '필요자금 마련방법');
insert into "ETEST"."UK_MASTER" ("UK_ID", "UK_NAME", "UK_DESCRIPTION", "TRAIN_UNSEEN", "CURRICULUM_ID", "PART" ) values (163, '체계적 위험', null, '1', null, '필요자금 마련방법');
insert into "ETEST"."UK_MASTER" ("UK_ID", "UK_NAME", "UK_DESCRIPTION", "TRAIN_UNSEEN", "CURRICULUM_ID", "PART" ) values (164, '비체계적 위험', null, '1', null, '필요자금 마련방법');
insert into "ETEST"."UK_MASTER" ("UK_ID", "UK_NAME", "UK_DESCRIPTION", "TRAIN_UNSEEN", "CURRICULUM_ID", "PART" ) values (165, '분산투자의 한계', null, '1', null, '필요자금 마련방법');
insert into "ETEST"."UK_MASTER" ("UK_ID", "UK_NAME", "UK_DESCRIPTION", "TRAIN_UNSEEN", "CURRICULUM_ID", "PART" ) values (166, '장기투자', null, '1', null, '필요자금 마련방법');
insert into "ETEST"."UK_MASTER" ("UK_ID", "UK_NAME", "UK_DESCRIPTION", "TRAIN_UNSEEN", "CURRICULUM_ID", "PART" ) values (167, '위험과 보유기간', null, '1', null, '필요자금 마련방법');
insert into "ETEST"."UK_MASTER" ("UK_ID", "UK_NAME", "UK_DESCRIPTION", "TRAIN_UNSEEN", "CURRICULUM_ID", "PART" ) values (168, '장기투자 효과', null, '1', null, '필요자금 마련방법');
insert into "ETEST"."UK_MASTER" ("UK_ID", "UK_NAME", "UK_DESCRIPTION", "TRAIN_UNSEEN", "CURRICULUM_ID", "PART" ) values (169, '생애주기관점에서의 투자', null, '1', null, '필요자금 마련방법');
insert into "ETEST"."UK_MASTER" ("UK_ID", "UK_NAME", "UK_DESCRIPTION", "TRAIN_UNSEEN", "CURRICULUM_ID", "PART" ) values (170, '금융투자상품', null, '1', null, '필요자금 마련방법');
insert into "ETEST"."UK_MASTER" ("UK_ID", "UK_NAME", "UK_DESCRIPTION", "TRAIN_UNSEEN", "CURRICULUM_ID", "PART" ) values (171, '주식', null, '1', null, '필요자금 마련방법');
insert into "ETEST"."UK_MASTER" ("UK_ID", "UK_NAME", "UK_DESCRIPTION", "TRAIN_UNSEEN", "CURRICULUM_ID", "PART" ) values (172, '주식소유자로서 주주', null, '1', null, '필요자금 마련방법');
insert into "ETEST"."UK_MASTER" ("UK_ID", "UK_NAME", "UK_DESCRIPTION", "TRAIN_UNSEEN", "CURRICULUM_ID", "PART" ) values (173, '주주의 권리', null, '1', null, '필요자금 마련방법');
insert into "ETEST"."UK_MASTER" ("UK_ID", "UK_NAME", "UK_DESCRIPTION", "TRAIN_UNSEEN", "CURRICULUM_ID", "PART" ) values (174, '자익권', null, '1', null, '필요자금 마련방법');
insert into "ETEST"."UK_MASTER" ("UK_ID", "UK_NAME", "UK_DESCRIPTION", "TRAIN_UNSEEN", "CURRICULUM_ID", "PART" ) values (175, '이익배당청구권', null, '1', null, '필요자금 마련방법');
insert into "ETEST"."UK_MASTER" ("UK_ID", "UK_NAME", "UK_DESCRIPTION", "TRAIN_UNSEEN", "CURRICULUM_ID", "PART" ) values (176, '배당', null, '1', null, '필요자금 마련방법');
insert into "ETEST"."UK_MASTER" ("UK_ID", "UK_NAME", "UK_DESCRIPTION", "TRAIN_UNSEEN", "CURRICULUM_ID", "PART" ) values (177, '배당수익률', null, '1', null, '필요자금 마련방법');
insert into "ETEST"."UK_MASTER" ("UK_ID", "UK_NAME", "UK_DESCRIPTION", "TRAIN_UNSEEN", "CURRICULUM_ID", "PART" ) values (178, '시가배당율', null, '1', null, '필요자금 마련방법');
insert into "ETEST"."UK_MASTER" ("UK_ID", "UK_NAME", "UK_DESCRIPTION", "TRAIN_UNSEEN", "CURRICULUM_ID", "PART" ) values (179, '배당성장', null, '1', null, '필요자금 마련방법');
insert into "ETEST"."UK_MASTER" ("UK_ID", "UK_NAME", "UK_DESCRIPTION", "TRAIN_UNSEEN", "CURRICULUM_ID", "PART" ) values (180, '배당성향', null, '1', null, '필요자금 마련방법');
insert into "ETEST"."UK_MASTER" ("UK_ID", "UK_NAME", "UK_DESCRIPTION", "TRAIN_UNSEEN", "CURRICULUM_ID", "PART" ) values (181, '잔여재산분배청구권', null, '1', null, '필요자금 마련방법');
insert into "ETEST"."UK_MASTER" ("UK_ID", "UK_NAME", "UK_DESCRIPTION", "TRAIN_UNSEEN", "CURRICULUM_ID", "PART" ) values (182, '신주인수권', null, '1', null, '필요자금 마련방법');
insert into "ETEST"."UK_MASTER" ("UK_ID", "UK_NAME", "UK_DESCRIPTION", "TRAIN_UNSEEN", "CURRICULUM_ID", "PART" ) values (183, '공익권', null, '1', null, '필요자금 마련방법');
insert into "ETEST"."UK_MASTER" ("UK_ID", "UK_NAME", "UK_DESCRIPTION", "TRAIN_UNSEEN", "CURRICULUM_ID", "PART" ) values (184, '의결권', null, '1', null, '필요자금 마련방법');
insert into "ETEST"."UK_MASTER" ("UK_ID", "UK_NAME", "UK_DESCRIPTION", "TRAIN_UNSEEN", "CURRICULUM_ID", "PART" ) values (185, '주주총회', null, '1', null, '금융투자상품 관리');
insert into "ETEST"."UK_MASTER" ("UK_ID", "UK_NAME", "UK_DESCRIPTION", "TRAIN_UNSEEN", "CURRICULUM_ID", "PART" ) values (186, '전자투표제', null, '1', null, '필요자금 마련방법');
insert into "ETEST"."UK_MASTER" ("UK_ID", "UK_NAME", "UK_DESCRIPTION", "TRAIN_UNSEEN", "CURRICULUM_ID", "PART" ) values (187, '장부열람청구권', null, '1', null, '필요자금 마련방법');
insert into "ETEST"."UK_MASTER" ("UK_ID", "UK_NAME", "UK_DESCRIPTION", "TRAIN_UNSEEN", "CURRICULUM_ID", "PART" ) values (188, '이사선(해)임요구권', null, '1', null, '필요자금 마련방법');
insert into "ETEST"."UK_MASTER" ("UK_ID", "UK_NAME", "UK_DESCRIPTION", "TRAIN_UNSEEN", "CURRICULUM_ID", "PART" ) values (189, '주총소집요구권', null, '1', null, '필요자금 마련방법');
insert into "ETEST"."UK_MASTER" ("UK_ID", "UK_NAME", "UK_DESCRIPTION", "TRAIN_UNSEEN", "CURRICULUM_ID", "PART" ) values (190, '주주의 책임', null, '1', null, '필요자금 마련방법');
insert into "ETEST"."UK_MASTER" ("UK_ID", "UK_NAME", "UK_DESCRIPTION", "TRAIN_UNSEEN", "CURRICULUM_ID", "PART" ) values (191, '유한책임의 원칙', null, '1', null, '필요자금 마련방법');
insert into "ETEST"."UK_MASTER" ("UK_ID", "UK_NAME", "UK_DESCRIPTION", "TRAIN_UNSEEN", "CURRICULUM_ID", "PART" ) values (192, '주주와 채권자 비교', null, '1', null, '필요자금 마련방법');
insert into "ETEST"."UK_MASTER" ("UK_ID", "UK_NAME", "UK_DESCRIPTION", "TRAIN_UNSEEN", "CURRICULUM_ID", "PART" ) values (193, '자기자본', null, '1', null, '필요자금 마련방법');
insert into "ETEST"."UK_MASTER" ("UK_ID", "UK_NAME", "UK_DESCRIPTION", "TRAIN_UNSEEN", "CURRICULUM_ID", "PART" ) values (194, '타인자본', null, '1', null, '필요자금 마련방법');
insert into "ETEST"."UK_MASTER" ("UK_ID", "UK_NAME", "UK_DESCRIPTION", "TRAIN_UNSEEN", "CURRICULUM_ID", "PART" ) values (195, '종류', null, '1', null, '필요자금 마련방법');
insert into "ETEST"."UK_MASTER" ("UK_ID", "UK_NAME", "UK_DESCRIPTION", "TRAIN_UNSEEN", "CURRICULUM_ID", "PART" ) values (196, '보통주', null, '1', null, '필요자금 마련방법');
insert into "ETEST"."UK_MASTER" ("UK_ID", "UK_NAME", "UK_DESCRIPTION", "TRAIN_UNSEEN", "CURRICULUM_ID", "PART" ) values (197, '우선주', null, '1', null, '필요자금 마련방법');
insert into "ETEST"."UK_MASTER" ("UK_ID", "UK_NAME", "UK_DESCRIPTION", "TRAIN_UNSEEN", "CURRICULUM_ID", "PART" ) values (198, '시장', null, '1', null, '필요자금 마련방법');
insert into "ETEST"."UK_MASTER" ("UK_ID", "UK_NAME", "UK_DESCRIPTION", "TRAIN_UNSEEN", "CURRICULUM_ID", "PART" ) values (199, '발행시장', null, '1', null, '필요자금 마련방법');
insert into "ETEST"."UK_MASTER" ("UK_ID", "UK_NAME", "UK_DESCRIPTION", "TRAIN_UNSEEN", "CURRICULUM_ID", "PART" ) values (200, '기업공개(IPO)', null, '1', null, '금융투자상품의 매매');
insert into "ETEST"."UK_MASTER" ("UK_ID", "UK_NAME", "UK_DESCRIPTION", "TRAIN_UNSEEN", "CURRICULUM_ID", "PART" ) values (201, '구주매출', null, '1', null, '필요자금 마련방법');
insert into "ETEST"."UK_MASTER" ("UK_ID", "UK_NAME", "UK_DESCRIPTION", "TRAIN_UNSEEN", "CURRICULUM_ID", "PART" ) values (202, '신주모집', null, '1', null, '필요자금 마련방법');
insert into "ETEST"."UK_MASTER" ("UK_ID", "UK_NAME", "UK_DESCRIPTION", "TRAIN_UNSEEN", "CURRICULUM_ID", "PART" ) values (203, '청약', null, '1', null, '필요자금 마련방법');
insert into "ETEST"."UK_MASTER" ("UK_ID", "UK_NAME", "UK_DESCRIPTION", "TRAIN_UNSEEN", "CURRICULUM_ID", "PART" ) values (204, '공시', null, '1', null, '필요자금 마련방법');
insert into "ETEST"."UK_MASTER" ("UK_ID", "UK_NAME", "UK_DESCRIPTION", "TRAIN_UNSEEN", "CURRICULUM_ID", "PART" ) values (205, '증권신고서', null, '1', null, '필요자금 마련방법');
insert into "ETEST"."UK_MASTER" ("UK_ID", "UK_NAME", "UK_DESCRIPTION", "TRAIN_UNSEEN", "CURRICULUM_ID", "PART" ) values (206, '상장', null, '1', null, '필요자금 마련방법');
insert into "ETEST"."UK_MASTER" ("UK_ID", "UK_NAME", "UK_DESCRIPTION", "TRAIN_UNSEEN", "CURRICULUM_ID", "PART" ) values (207, '상장폐지', null, '1', null, '금융투자상품 관리');
insert into "ETEST"."UK_MASTER" ("UK_ID", "UK_NAME", "UK_DESCRIPTION", "TRAIN_UNSEEN", "CURRICULUM_ID", "PART" ) values (208, '정리매매', null, '1', null, '금융투자상품 관리');
insert into "ETEST"."UK_MASTER" ("UK_ID", "UK_NAME", "UK_DESCRIPTION", "TRAIN_UNSEEN", "CURRICULUM_ID", "PART" ) values (209, '발행방법', null, '1', null, '필요자금 마련방법');
insert into "ETEST"."UK_MASTER" ("UK_ID", "UK_NAME", "UK_DESCRIPTION", "TRAIN_UNSEEN", "CURRICULUM_ID", "PART" ) values (210, '공모', null, '1', null, '필요자금 마련방법');
insert into "ETEST"."UK_MASTER" ("UK_ID", "UK_NAME", "UK_DESCRIPTION", "TRAIN_UNSEEN", "CURRICULUM_ID", "PART" ) values (211, '주주배정방식', null, '1', null, '필요자금 마련방법');
insert into "ETEST"."UK_MASTER" ("UK_ID", "UK_NAME", "UK_DESCRIPTION", "TRAIN_UNSEEN", "CURRICULUM_ID", "PART" ) values (212, '일반공모방식', null, '1', null, '필요자금 마련방법');
insert into "ETEST"."UK_MASTER" ("UK_ID", "UK_NAME", "UK_DESCRIPTION", "TRAIN_UNSEEN", "CURRICULUM_ID", "PART" ) values (213, '사모', null, '1', null, '필요자금 마련방법');
insert into "ETEST"."UK_MASTER" ("UK_ID", "UK_NAME", "UK_DESCRIPTION", "TRAIN_UNSEEN", "CURRICULUM_ID", "PART" ) values (214, '주식수의 증감', null, '1', null, '필요자금 마련방법');
insert into "ETEST"."UK_MASTER" ("UK_ID", "UK_NAME", "UK_DESCRIPTION", "TRAIN_UNSEEN", "CURRICULUM_ID", "PART" ) values (215, '증자', null, '1', null, '필요자금 마련방법');
insert into "ETEST"."UK_MASTER" ("UK_ID", "UK_NAME", "UK_DESCRIPTION", "TRAIN_UNSEEN", "CURRICULUM_ID", "PART" ) values (216, '유상증자', null, '1', null, '필요자금 마련방법');
insert into "ETEST"."UK_MASTER" ("UK_ID", "UK_NAME", "UK_DESCRIPTION", "TRAIN_UNSEEN", "CURRICULUM_ID", "PART" ) values (217, '실권주', null, '1', null, '필요자금 마련방법');
insert into "ETEST"."UK_MASTER" ("UK_ID", "UK_NAME", "UK_DESCRIPTION", "TRAIN_UNSEEN", "CURRICULUM_ID", "PART" ) values (218, '무상증자', null, '1', null, '필요자금 마련방법');
insert into "ETEST"."UK_MASTER" ("UK_ID", "UK_NAME", "UK_DESCRIPTION", "TRAIN_UNSEEN", "CURRICULUM_ID", "PART" ) values (219, '이익잉여금', null, '1', null, '필요자금 마련방법');
insert into "ETEST"."UK_MASTER" ("UK_ID", "UK_NAME", "UK_DESCRIPTION", "TRAIN_UNSEEN", "CURRICULUM_ID", "PART" ) values (220, '감자', null, '1', null, '필요자금 마련방법');
insert into "ETEST"."UK_MASTER" ("UK_ID", "UK_NAME", "UK_DESCRIPTION", "TRAIN_UNSEEN", "CURRICULUM_ID", "PART" ) values (221, '유상감자', null, '1', null, '필요자금 마련방법');
insert into "ETEST"."UK_MASTER" ("UK_ID", "UK_NAME", "UK_DESCRIPTION", "TRAIN_UNSEEN", "CURRICULUM_ID", "PART" ) values (222, '무상감자', null, '1', null, '필요자금 마련방법');
insert into "ETEST"."UK_MASTER" ("UK_ID", "UK_NAME", "UK_DESCRIPTION", "TRAIN_UNSEEN", "CURRICULUM_ID", "PART" ) values (223, '유통시장', null, '1', null, '필요자금 마련방법');
insert into "ETEST"."UK_MASTER" ("UK_ID", "UK_NAME", "UK_DESCRIPTION", "TRAIN_UNSEEN", "CURRICULUM_ID", "PART" ) values (224, '장내시장', null, '1', null, '필요자금 마련방법');
insert into "ETEST"."UK_MASTER" ("UK_ID", "UK_NAME", "UK_DESCRIPTION", "TRAIN_UNSEEN", "CURRICULUM_ID", "PART" ) values (225, '한국거래소', null, '1', null, '필요자금 마련방법');
insert into "ETEST"."UK_MASTER" ("UK_ID", "UK_NAME", "UK_DESCRIPTION", "TRAIN_UNSEEN", "CURRICULUM_ID", "PART" ) values (226, '시장구분', null, '1', null, '필요자금 마련방법');
insert into "ETEST"."UK_MASTER" ("UK_ID", "UK_NAME", "UK_DESCRIPTION", "TRAIN_UNSEEN", "CURRICULUM_ID", "PART" ) values (227, '코스피, 코스닥, 코넥스', null, '1', null, '필요자금 마련방법');
insert into "ETEST"."UK_MASTER" ("UK_ID", "UK_NAME", "UK_DESCRIPTION", "TRAIN_UNSEEN", "CURRICULUM_ID", "PART" ) values (228, '매매 제도', null, '1', null, '필요자금 마련방법');
insert into "ETEST"."UK_MASTER" ("UK_ID", "UK_NAME", "UK_DESCRIPTION", "TRAIN_UNSEEN", "CURRICULUM_ID", "PART" ) values (229, '매매시간', null, '1', null, '필요자금 마련방법');
insert into "ETEST"."UK_MASTER" ("UK_ID", "UK_NAME", "UK_DESCRIPTION", "TRAIN_UNSEEN", "CURRICULUM_ID", "PART" ) values (230, '가격제한폭', null, '1', null, '필요자금 마련방법');
insert into "ETEST"."UK_MASTER" ("UK_ID", "UK_NAME", "UK_DESCRIPTION", "TRAIN_UNSEEN", "CURRICULUM_ID", "PART" ) values (231, '기준가격', null, '1', null, '금융투자상품의 매매');
insert into "ETEST"."UK_MASTER" ("UK_ID", "UK_NAME", "UK_DESCRIPTION", "TRAIN_UNSEEN", "CURRICULUM_ID", "PART" ) values (232, '주문 방법', null, '1', null, '필요자금 마련방법');
insert into "ETEST"."UK_MASTER" ("UK_ID", "UK_NAME", "UK_DESCRIPTION", "TRAIN_UNSEEN", "CURRICULUM_ID", "PART" ) values (233, '주문일과 결제일 비교', null, '1', null, '필요자금 마련방법');
insert into "ETEST"."UK_MASTER" ("UK_ID", "UK_NAME", "UK_DESCRIPTION", "TRAIN_UNSEEN", "CURRICULUM_ID", "PART" ) values (234, '종목코드', null, '1', null, '필요자금 마련방법');
insert into "ETEST"."UK_MASTER" ("UK_ID", "UK_NAME", "UK_DESCRIPTION", "TRAIN_UNSEEN", "CURRICULUM_ID", "PART" ) values (235, '장외시장', null, '1', null, '필요자금 마련방법');
insert into "ETEST"."UK_MASTER" ("UK_ID", "UK_NAME", "UK_DESCRIPTION", "TRAIN_UNSEEN", "CURRICULUM_ID", "PART" ) values (236, '금융투자협회', null, '1', null, '필요자금 마련방법');
insert into "ETEST"."UK_MASTER" ("UK_ID", "UK_NAME", "UK_DESCRIPTION", "TRAIN_UNSEEN", "CURRICULUM_ID", "PART" ) values (237, 'K-OTC시장', null, '1', null, '필요자금 마련방법');
insert into "ETEST"."UK_MASTER" ("UK_ID", "UK_NAME", "UK_DESCRIPTION", "TRAIN_UNSEEN", "CURRICULUM_ID", "PART" ) values (238, '상대매매', null, '1', null, '필요자금 마련방법');
insert into "ETEST"."UK_MASTER" ("UK_ID", "UK_NAME", "UK_DESCRIPTION", "TRAIN_UNSEEN", "CURRICULUM_ID", "PART" ) values (239, '금융소득', null, '1', null, '필요자금 마련방법');
insert into "ETEST"."UK_MASTER" ("UK_ID", "UK_NAME", "UK_DESCRIPTION", "TRAIN_UNSEEN", "CURRICULUM_ID", "PART" ) values (240, '종합과세', null, '1', null, '필요자금 마련방법');
insert into "ETEST"."UK_MASTER" ("UK_ID", "UK_NAME", "UK_DESCRIPTION", "TRAIN_UNSEEN", "CURRICULUM_ID", "PART" ) values (241, '분리과세', null, '1', null, '필요자금 마련방법');
insert into "ETEST"."UK_MASTER" ("UK_ID", "UK_NAME", "UK_DESCRIPTION", "TRAIN_UNSEEN", "CURRICULUM_ID", "PART" ) values (242, '증권거래세', null, '1', null, '필요자금 마련방법');
insert into "ETEST"."UK_MASTER" ("UK_ID", "UK_NAME", "UK_DESCRIPTION", "TRAIN_UNSEEN", "CURRICULUM_ID", "PART" ) values (243, '양도소득세', null, '1', null, '필요자금 마련방법');
insert into "ETEST"."UK_MASTER" ("UK_ID", "UK_NAME", "UK_DESCRIPTION", "TRAIN_UNSEEN", "CURRICULUM_ID", "PART" ) values (244, '비과세', null, '1', null, '필요자금 마련방법');
insert into "ETEST"."UK_MASTER" ("UK_ID", "UK_NAME", "UK_DESCRIPTION", "TRAIN_UNSEEN", "CURRICULUM_ID", "PART" ) values (245, '거래비용', null, '1', null, '필요자금 마련방법');
insert into "ETEST"."UK_MASTER" ("UK_ID", "UK_NAME", "UK_DESCRIPTION", "TRAIN_UNSEEN", "CURRICULUM_ID", "PART" ) values (246, '거래수수료', null, '1', null, '필요자금 마련방법');
insert into "ETEST"."UK_MASTER" ("UK_ID", "UK_NAME", "UK_DESCRIPTION", "TRAIN_UNSEEN", "CURRICULUM_ID", "PART" ) values (247, '가치평가', null, '1', null, '필요자금 마련방법');
insert into "ETEST"."UK_MASTER" ("UK_ID", "UK_NAME", "UK_DESCRIPTION", "TRAIN_UNSEEN", "CURRICULUM_ID", "PART" ) values (248, '기본적 분석', null, '1', null, '필요자금 마련방법');
insert into "ETEST"."UK_MASTER" ("UK_ID", "UK_NAME", "UK_DESCRIPTION", "TRAIN_UNSEEN", "CURRICULUM_ID", "PART" ) values (249, '내재가치', null, '1', null, '필요자금 마련방법');
insert into "ETEST"."UK_MASTER" ("UK_ID", "UK_NAME", "UK_DESCRIPTION", "TRAIN_UNSEEN", "CURRICULUM_ID", "PART" ) values (250, '분석방법', null, '1', null, '필요자금 마련방법');
insert into "ETEST"."UK_MASTER" ("UK_ID", "UK_NAME", "UK_DESCRIPTION", "TRAIN_UNSEEN", "CURRICULUM_ID", "PART" ) values (251, '탑다운 방식', null, '1', null, '필요자금 마련방법');
insert into "ETEST"."UK_MASTER" ("UK_ID", "UK_NAME", "UK_DESCRIPTION", "TRAIN_UNSEEN", "CURRICULUM_ID", "PART" ) values (252, '바텀업 방식', null, '1', null, '필요자금 마련방법');
insert into "ETEST"."UK_MASTER" ("UK_ID", "UK_NAME", "UK_DESCRIPTION", "TRAIN_UNSEEN", "CURRICULUM_ID", "PART" ) values (253, '재무제표', null, '1', null, '필요자금 마련방법');
insert into "ETEST"."UK_MASTER" ("UK_ID", "UK_NAME", "UK_DESCRIPTION", "TRAIN_UNSEEN", "CURRICULUM_ID", "PART" ) values (254, '재무상태표', null, '1', null, '필요자금 마련방법');
insert into "ETEST"."UK_MASTER" ("UK_ID", "UK_NAME", "UK_DESCRIPTION", "TRAIN_UNSEEN", "CURRICULUM_ID", "PART" ) values (255, '총자산', null, '1', null, '필요자금 마련방법');
insert into "ETEST"."UK_MASTER" ("UK_ID", "UK_NAME", "UK_DESCRIPTION", "TRAIN_UNSEEN", "CURRICULUM_ID", "PART" ) values (256, '부채', null, '1', null, '필요자금 마련방법');
insert into "ETEST"."UK_MASTER" ("UK_ID", "UK_NAME", "UK_DESCRIPTION", "TRAIN_UNSEEN", "CURRICULUM_ID", "PART" ) values (257, '순자산', null, '1', null, '필요자금 마련방법');
insert into "ETEST"."UK_MASTER" ("UK_ID", "UK_NAME", "UK_DESCRIPTION", "TRAIN_UNSEEN", "CURRICULUM_ID", "PART" ) values (258, '손익계산서', null, '1', null, '필요자금 마련방법');
insert into "ETEST"."UK_MASTER" ("UK_ID", "UK_NAME", "UK_DESCRIPTION", "TRAIN_UNSEEN", "CURRICULUM_ID", "PART" ) values (259, '매출액', null, '1', null, '필요자금 마련방법');
insert into "ETEST"."UK_MASTER" ("UK_ID", "UK_NAME", "UK_DESCRIPTION", "TRAIN_UNSEEN", "CURRICULUM_ID", "PART" ) values (260, '영업이익', null, '1', null, '필요자금 마련방법');
insert into "ETEST"."UK_MASTER" ("UK_ID", "UK_NAME", "UK_DESCRIPTION", "TRAIN_UNSEEN", "CURRICULUM_ID", "PART" ) values (261, '순이익', null, '1', null, '필요자금 마련방법');
insert into "ETEST"."UK_MASTER" ("UK_ID", "UK_NAME", "UK_DESCRIPTION", "TRAIN_UNSEEN", "CURRICULUM_ID", "PART" ) values (262, '현금흐름표', null, '1', null, '필요자금 마련방법');
insert into "ETEST"."UK_MASTER" ("UK_ID", "UK_NAME", "UK_DESCRIPTION", "TRAIN_UNSEEN", "CURRICULUM_ID", "PART" ) values (263, '주석', null, '1', null, '필요자금 마련방법');
insert into "ETEST"."UK_MASTER" ("UK_ID", "UK_NAME", "UK_DESCRIPTION", "TRAIN_UNSEEN", "CURRICULUM_ID", "PART" ) values (264, '재무비율', null, '1', null, '필요자금 마련방법');
insert into "ETEST"."UK_MASTER" ("UK_ID", "UK_NAME", "UK_DESCRIPTION", "TRAIN_UNSEEN", "CURRICULUM_ID", "PART" ) values (265, '수익성 지표', null, '1', null, '필요자금 마련방법');
insert into "ETEST"."UK_MASTER" ("UK_ID", "UK_NAME", "UK_DESCRIPTION", "TRAIN_UNSEEN", "CURRICULUM_ID", "PART" ) values (266, '영업이익률', null, '1', null, '필요자금 마련방법');
insert into "ETEST"."UK_MASTER" ("UK_ID", "UK_NAME", "UK_DESCRIPTION", "TRAIN_UNSEEN", "CURRICULUM_ID", "PART" ) values (267, '자기자본이익률(ROE)', null, '1', null, '필요자금 마련방법');
insert into "ETEST"."UK_MASTER" ("UK_ID", "UK_NAME", "UK_DESCRIPTION", "TRAIN_UNSEEN", "CURRICULUM_ID", "PART" ) values (268, '안정성 지표', null, '1', null, '필요자금 마련방법');
insert into "ETEST"."UK_MASTER" ("UK_ID", "UK_NAME", "UK_DESCRIPTION", "TRAIN_UNSEEN", "CURRICULUM_ID", "PART" ) values (269, '유동비율', null, '1', null, '필요자금 마련방법');
insert into "ETEST"."UK_MASTER" ("UK_ID", "UK_NAME", "UK_DESCRIPTION", "TRAIN_UNSEEN", "CURRICULUM_ID", "PART" ) values (270, '레버리지비율', null, '1', null, '필요자금 마련방법');
insert into "ETEST"."UK_MASTER" ("UK_ID", "UK_NAME", "UK_DESCRIPTION", "TRAIN_UNSEEN", "CURRICULUM_ID", "PART" ) values (271, '이자보상비율', null, '1', null, '필요자금 마련방법');
insert into "ETEST"."UK_MASTER" ("UK_ID", "UK_NAME", "UK_DESCRIPTION", "TRAIN_UNSEEN", "CURRICULUM_ID", "PART" ) values (272, '성장성 지표', null, '1', null, '필요자금 마련방법');
insert into "ETEST"."UK_MASTER" ("UK_ID", "UK_NAME", "UK_DESCRIPTION", "TRAIN_UNSEEN", "CURRICULUM_ID", "PART" ) values (273, '매출액증가율', null, '1', null, '필요자금 마련방법');
insert into "ETEST"."UK_MASTER" ("UK_ID", "UK_NAME", "UK_DESCRIPTION", "TRAIN_UNSEEN", "CURRICULUM_ID", "PART" ) values (274, '영업이익증가율', null, '1', null, '필요자금 마련방법');
insert into "ETEST"."UK_MASTER" ("UK_ID", "UK_NAME", "UK_DESCRIPTION", "TRAIN_UNSEEN", "CURRICULUM_ID", "PART" ) values (275, '재무비율 활용의 한계', null, '1', null, '필요자금 마련방법');
insert into "ETEST"."UK_MASTER" ("UK_ID", "UK_NAME", "UK_DESCRIPTION", "TRAIN_UNSEEN", "CURRICULUM_ID", "PART" ) values (276, '무형자산 ', null, '1', null, '필요자금 마련방법');
insert into "ETEST"."UK_MASTER" ("UK_ID", "UK_NAME", "UK_DESCRIPTION", "TRAIN_UNSEEN", "CURRICULUM_ID", "PART" ) values (277, '지식재산권', null, '1', null, '필요자금 마련방법');
insert into "ETEST"."UK_MASTER" ("UK_ID", "UK_NAME", "UK_DESCRIPTION", "TRAIN_UNSEEN", "CURRICULUM_ID", "PART" ) values (278, '미래가치', null, '1', null, '필요자금 마련방법');
insert into "ETEST"."UK_MASTER" ("UK_ID", "UK_NAME", "UK_DESCRIPTION", "TRAIN_UNSEEN", "CURRICULUM_ID", "PART" ) values (279, 'PDR', null, '1', null, '필요자금 마련방법');
insert into "ETEST"."UK_MASTER" ("UK_ID", "UK_NAME", "UK_DESCRIPTION", "TRAIN_UNSEEN", "CURRICULUM_ID", "PART" ) values (280, '주가배수', null, '1', null, '필요자금 마련방법');
insert into "ETEST"."UK_MASTER" ("UK_ID", "UK_NAME", "UK_DESCRIPTION", "TRAIN_UNSEEN", "CURRICULUM_ID", "PART" ) values (281, '주가이익비율(PER)', null, '1', null, '필요자금 마련방법');
insert into "ETEST"."UK_MASTER" ("UK_ID", "UK_NAME", "UK_DESCRIPTION", "TRAIN_UNSEEN", "CURRICULUM_ID", "PART" ) values (282, 'PEGR', null, '1', null, '필요자금 마련방법');
insert into "ETEST"."UK_MASTER" ("UK_ID", "UK_NAME", "UK_DESCRIPTION", "TRAIN_UNSEEN", "CURRICULUM_ID", "PART" ) values (283, '주가매출비율(PSR)', null, '1', null, '필요자금 마련방법');
insert into "ETEST"."UK_MASTER" ("UK_ID", "UK_NAME", "UK_DESCRIPTION", "TRAIN_UNSEEN", "CURRICULUM_ID", "PART" ) values (284, '주가장부가치비율(PBR)', null, '1', null, '필요자금 마련방법');
insert into "ETEST"."UK_MASTER" ("UK_ID", "UK_NAME", "UK_DESCRIPTION", "TRAIN_UNSEEN", "CURRICULUM_ID", "PART" ) values (285, '자사주소각', null, '1', null, '필요자금 마련방법');
insert into "ETEST"."UK_MASTER" ("UK_ID", "UK_NAME", "UK_DESCRIPTION", "TRAIN_UNSEEN", "CURRICULUM_ID", "PART" ) values (286, 'EV/EBITDA', null, '1', null, '필요자금 마련방법');
insert into "ETEST"."UK_MASTER" ("UK_ID", "UK_NAME", "UK_DESCRIPTION", "TRAIN_UNSEEN", "CURRICULUM_ID", "PART" ) values (287, '산업분석', null, '1', null, '필요자금 마련방법');
insert into "ETEST"."UK_MASTER" ("UK_ID", "UK_NAME", "UK_DESCRIPTION", "TRAIN_UNSEEN", "CURRICULUM_ID", "PART" ) values (288, '산업의 생애주기', null, '1', null, '필요자금 마련방법');
insert into "ETEST"."UK_MASTER" ("UK_ID", "UK_NAME", "UK_DESCRIPTION", "TRAIN_UNSEEN", "CURRICULUM_ID", "PART" ) values (289, '도입기', null, '1', null, '필요자금 마련방법');
insert into "ETEST"."UK_MASTER" ("UK_ID", "UK_NAME", "UK_DESCRIPTION", "TRAIN_UNSEEN", "CURRICULUM_ID", "PART" ) values (290, '성장기', null, '1', null, '필요자금 마련방법');
insert into "ETEST"."UK_MASTER" ("UK_ID", "UK_NAME", "UK_DESCRIPTION", "TRAIN_UNSEEN", "CURRICULUM_ID", "PART" ) values (291, '성숙기', null, '1', null, '필요자금 마련방법');
insert into "ETEST"."UK_MASTER" ("UK_ID", "UK_NAME", "UK_DESCRIPTION", "TRAIN_UNSEEN", "CURRICULUM_ID", "PART" ) values (292, '쇠퇴기', null, '1', null, '필요자금 마련방법');
insert into "ETEST"."UK_MASTER" ("UK_ID", "UK_NAME", "UK_DESCRIPTION", "TRAIN_UNSEEN", "CURRICULUM_ID", "PART" ) values (293, '업종 구분', null, '1', null, '필요자금 마련방법');
insert into "ETEST"."UK_MASTER" ("UK_ID", "UK_NAME", "UK_DESCRIPTION", "TRAIN_UNSEEN", "CURRICULUM_ID", "PART" ) values (294, '경기순환업종', null, '1', null, '필요자금 마련방법');
insert into "ETEST"."UK_MASTER" ("UK_ID", "UK_NAME", "UK_DESCRIPTION", "TRAIN_UNSEEN", "CURRICULUM_ID", "PART" ) values (295, '경기민감주', null, '1', null, '필요자금 마련방법');
insert into "ETEST"."UK_MASTER" ("UK_ID", "UK_NAME", "UK_DESCRIPTION", "TRAIN_UNSEEN", "CURRICULUM_ID", "PART" ) values (296, '업종대표주', null, '1', null, '필요자금 마련방법');
insert into "ETEST"."UK_MASTER" ("UK_ID", "UK_NAME", "UK_DESCRIPTION", "TRAIN_UNSEEN", "CURRICULUM_ID", "PART" ) values (297, '경기방어업종', null, '1', null, '필요자금 마련방법');
insert into "ETEST"."UK_MASTER" ("UK_ID", "UK_NAME", "UK_DESCRIPTION", "TRAIN_UNSEEN", "CURRICULUM_ID", "PART" ) values (298, '종합적 판단', null, '1', null, '필요자금 마련방법');
insert into "ETEST"."UK_MASTER" ("UK_ID", "UK_NAME", "UK_DESCRIPTION", "TRAIN_UNSEEN", "CURRICULUM_ID", "PART" ) values (299, '기술적 분석', null, '1', null, '필요자금 마련방법');
insert into "ETEST"."UK_MASTER" ("UK_ID", "UK_NAME", "UK_DESCRIPTION", "TRAIN_UNSEEN", "CURRICULUM_ID", "PART" ) values (300, '기술적 분석 특징', null, '1', null, '필요자금 마련방법');
insert into "ETEST"."UK_MASTER" ("UK_ID", "UK_NAME", "UK_DESCRIPTION", "TRAIN_UNSEEN", "CURRICULUM_ID", "PART" ) values (301, '챠트', null, '1', null, '필요자금 마련방법');
insert into "ETEST"."UK_MASTER" ("UK_ID", "UK_NAME", "UK_DESCRIPTION", "TRAIN_UNSEEN", "CURRICULUM_ID", "PART" ) values (302, '캔들챠트', null, '1', null, '필요자금 마련방법');
insert into "ETEST"."UK_MASTER" ("UK_ID", "UK_NAME", "UK_DESCRIPTION", "TRAIN_UNSEEN", "CURRICULUM_ID", "PART" ) values (303, '이동평균선', null, '1', null, '필요자금 마련방법');
insert into "ETEST"."UK_MASTER" ("UK_ID", "UK_NAME", "UK_DESCRIPTION", "TRAIN_UNSEEN", "CURRICULUM_ID", "PART" ) values (304, '골든크로스', null, '1', null, '필요자금 마련방법');
insert into "ETEST"."UK_MASTER" ("UK_ID", "UK_NAME", "UK_DESCRIPTION", "TRAIN_UNSEEN", "CURRICULUM_ID", "PART" ) values (305, '데드크로스', null, '1', null, '필요자금 마련방법');
insert into "ETEST"."UK_MASTER" ("UK_ID", "UK_NAME", "UK_DESCRIPTION", "TRAIN_UNSEEN", "CURRICULUM_ID", "PART" ) values (306, '거래량', null, '1', null, '필요자금 마련방법');
insert into "ETEST"."UK_MASTER" ("UK_ID", "UK_NAME", "UK_DESCRIPTION", "TRAIN_UNSEEN", "CURRICULUM_ID", "PART" ) values (307, '증시주변자금', null, '1', null, '필요자금 마련방법');
insert into "ETEST"."UK_MASTER" ("UK_ID", "UK_NAME", "UK_DESCRIPTION", "TRAIN_UNSEEN", "CURRICULUM_ID", "PART" ) values (308, '고객예탁금', null, '1', null, '필요자금 마련방법');
insert into "ETEST"."UK_MASTER" ("UK_ID", "UK_NAME", "UK_DESCRIPTION", "TRAIN_UNSEEN", "CURRICULUM_ID", "PART" ) values (309, '주식신용잔고', null, '1', null, '필요자금 마련방법');
insert into "ETEST"."UK_MASTER" ("UK_ID", "UK_NAME", "UK_DESCRIPTION", "TRAIN_UNSEEN", "CURRICULUM_ID", "PART" ) values (310, '공매도', null, '1', null, '필요자금 마련방법');
insert into "ETEST"."UK_MASTER" ("UK_ID", "UK_NAME", "UK_DESCRIPTION", "TRAIN_UNSEEN", "CURRICULUM_ID", "PART" ) values (311, '가치변화의 요인', null, '1', null, '가치변화의 요인');
insert into "ETEST"."UK_MASTER" ("UK_ID", "UK_NAME", "UK_DESCRIPTION", "TRAIN_UNSEEN", "CURRICULUM_ID", "PART" ) values (312, '금리', null, '1', null, '가치변화의 요인');
insert into "ETEST"."UK_MASTER" ("UK_ID", "UK_NAME", "UK_DESCRIPTION", "TRAIN_UNSEEN", "CURRICULUM_ID", "PART" ) values (313, '금리하락시 경제에 미치는 영향', null, '1', null, '가치변화의 요인');
insert into "ETEST"."UK_MASTER" ("UK_ID", "UK_NAME", "UK_DESCRIPTION", "TRAIN_UNSEEN", "CURRICULUM_ID", "PART" ) values (314, '금리상승시 경제에 미치는 영향', null, '1', null, '가치변화의 요인');
insert into "ETEST"."UK_MASTER" ("UK_ID", "UK_NAME", "UK_DESCRIPTION", "TRAIN_UNSEEN", "CURRICULUM_ID", "PART" ) values (315, '경기', null, '1', null, '가치변화의 요인');
insert into "ETEST"."UK_MASTER" ("UK_ID", "UK_NAME", "UK_DESCRIPTION", "TRAIN_UNSEEN", "CURRICULUM_ID", "PART" ) values (316, '경기가 상품가격에 미치는 영향', null, '1', null, '가치변화의 요인');
insert into "ETEST"."UK_MASTER" ("UK_ID", "UK_NAME", "UK_DESCRIPTION", "TRAIN_UNSEEN", "CURRICULUM_ID", "PART" ) values (317, '경기 좋을때 금리와 주가', null, '1', null, '가치변화의 요인');
insert into "ETEST"."UK_MASTER" ("UK_ID", "UK_NAME", "UK_DESCRIPTION", "TRAIN_UNSEEN", "CURRICULUM_ID", "PART" ) values (318, '경기 나쁠때 금리와 주가', null, '1', null, '가치변화의 요인');
insert into "ETEST"."UK_MASTER" ("UK_ID", "UK_NAME", "UK_DESCRIPTION", "TRAIN_UNSEEN", "CURRICULUM_ID", "PART" ) values (319, '경제지표', null, '1', null, '가치변화의 요인');
insert into "ETEST"."UK_MASTER" ("UK_ID", "UK_NAME", "UK_DESCRIPTION", "TRAIN_UNSEEN", "CURRICULUM_ID", "PART" ) values (320, 'GDP', null, '1', null, '가치변화의 요인');
insert into "ETEST"."UK_MASTER" ("UK_ID", "UK_NAME", "UK_DESCRIPTION", "TRAIN_UNSEEN", "CURRICULUM_ID", "PART" ) values (321, '경기종합지수', null, '1', null, '가치변화의 요인');
insert into "ETEST"."UK_MASTER" ("UK_ID", "UK_NAME", "UK_DESCRIPTION", "TRAIN_UNSEEN", "CURRICULUM_ID", "PART" ) values (322, '선행지수', null, '1', null, '가치변화의 요인');
insert into "ETEST"."UK_MASTER" ("UK_ID", "UK_NAME", "UK_DESCRIPTION", "TRAIN_UNSEEN", "CURRICULUM_ID", "PART" ) values (323, '동행지수', null, '1', null, '가치변화의 요인');
insert into "ETEST"."UK_MASTER" ("UK_ID", "UK_NAME", "UK_DESCRIPTION", "TRAIN_UNSEEN", "CURRICULUM_ID", "PART" ) values (324, '후행지수', null, '1', null, '가치변화의 요인');
insert into "ETEST"."UK_MASTER" ("UK_ID", "UK_NAME", "UK_DESCRIPTION", "TRAIN_UNSEEN", "CURRICULUM_ID", "PART" ) values (325, '실업률', null, '1', null, '가치변화의 요인');
insert into "ETEST"."UK_MASTER" ("UK_ID", "UK_NAME", "UK_DESCRIPTION", "TRAIN_UNSEEN", "CURRICULUM_ID", "PART" ) values (326, '물가', null, '1', null, '가치변화의 요인');
insert into "ETEST"."UK_MASTER" ("UK_ID", "UK_NAME", "UK_DESCRIPTION", "TRAIN_UNSEEN", "CURRICULUM_ID", "PART" ) values (327, '물가지수', null, '1', null, '가치변화의 요인');
insert into "ETEST"."UK_MASTER" ("UK_ID", "UK_NAME", "UK_DESCRIPTION", "TRAIN_UNSEEN", "CURRICULUM_ID", "PART" ) values (328, '소비자물가지수(CPI)', null, '1', null, '가치변화의 요인');
insert into "ETEST"."UK_MASTER" ("UK_ID", "UK_NAME", "UK_DESCRIPTION", "TRAIN_UNSEEN", "CURRICULUM_ID", "PART" ) values (329, '생산자물가지수(PPI)', null, '1', null, '가치변화의 요인');
insert into "ETEST"."UK_MASTER" ("UK_ID", "UK_NAME", "UK_DESCRIPTION", "TRAIN_UNSEEN", "CURRICULUM_ID", "PART" ) values (330, '물가가 채권시장에 미치는 영향', null, '1', null, '가치변화의 요인');
insert into "ETEST"."UK_MASTER" ("UK_ID", "UK_NAME", "UK_DESCRIPTION", "TRAIN_UNSEEN", "CURRICULUM_ID", "PART" ) values (331, '물가가 주식시장에 미치는 영향', null, '1', null, '가치변화의 요인');
insert into "ETEST"."UK_MASTER" ("UK_ID", "UK_NAME", "UK_DESCRIPTION", "TRAIN_UNSEEN", "CURRICULUM_ID", "PART" ) values (332, '정부정책', null, '1', null, '가치변화의 요인');
insert into "ETEST"."UK_MASTER" ("UK_ID", "UK_NAME", "UK_DESCRIPTION", "TRAIN_UNSEEN", "CURRICULUM_ID", "PART" ) values (333, '재정정책', null, '1', null, '가치변화의 요인');
insert into "ETEST"."UK_MASTER" ("UK_ID", "UK_NAME", "UK_DESCRIPTION", "TRAIN_UNSEEN", "CURRICULUM_ID", "PART" ) values (334, '확장재정정책', null, '1', null, '가치변화의 요인');
insert into "ETEST"."UK_MASTER" ("UK_ID", "UK_NAME", "UK_DESCRIPTION", "TRAIN_UNSEEN", "CURRICULUM_ID", "PART" ) values (335, '긴축재정정책', null, '1', null, '가치변화의 요인');
insert into "ETEST"."UK_MASTER" ("UK_ID", "UK_NAME", "UK_DESCRIPTION", "TRAIN_UNSEEN", "CURRICULUM_ID", "PART" ) values (336, '테이퍼링', null, '1', null, '가치변화의 요인');
insert into "ETEST"."UK_MASTER" ("UK_ID", "UK_NAME", "UK_DESCRIPTION", "TRAIN_UNSEEN", "CURRICULUM_ID", "PART" ) values (337, '통화정책', null, '1', null, '가치변화의 요인');
insert into "ETEST"."UK_MASTER" ("UK_ID", "UK_NAME", "UK_DESCRIPTION", "TRAIN_UNSEEN", "CURRICULUM_ID", "PART" ) values (338, '지급준비율', null, '1', null, '가치변화의 요인');
insert into "ETEST"."UK_MASTER" ("UK_ID", "UK_NAME", "UK_DESCRIPTION", "TRAIN_UNSEEN", "CURRICULUM_ID", "PART" ) values (339, '통안채 발행', null, '1', null, '가치변화의 요인');
insert into "ETEST"."UK_MASTER" ("UK_ID", "UK_NAME", "UK_DESCRIPTION", "TRAIN_UNSEEN", "CURRICULUM_ID", "PART" ) values (340, '시장간 영향', null, '1', null, '가치변화의 요인');
insert into "ETEST"."UK_MASTER" ("UK_ID", "UK_NAME", "UK_DESCRIPTION", "TRAIN_UNSEEN", "CURRICULUM_ID", "PART" ) values (341, '채권시장과 주식시장 관계', null, '1', null, '가치변화의 요인');
insert into "ETEST"."UK_MASTER" ("UK_ID", "UK_NAME", "UK_DESCRIPTION", "TRAIN_UNSEEN", "CURRICULUM_ID", "PART" ) values (342, '채권시장과 부동산시장 관계', null, '1', null, '가치변화의 요인');
insert into "ETEST"."UK_MASTER" ("UK_ID", "UK_NAME", "UK_DESCRIPTION", "TRAIN_UNSEEN", "CURRICULUM_ID", "PART" ) values (343, '외환시장과 경기 관계', null, '1', null, '가치변화의 요인');
insert into "ETEST"."UK_MASTER" ("UK_ID", "UK_NAME", "UK_DESCRIPTION", "TRAIN_UNSEEN", "CURRICULUM_ID", "PART" ) values (344, '주식시장과 부동산시장 관계', null, '1', null, '가치변화의 요인');
insert into "ETEST"."UK_MASTER" ("UK_ID", "UK_NAME", "UK_DESCRIPTION", "TRAIN_UNSEEN", "CURRICULUM_ID", "PART" ) values (345, '코리아디스카운트', null, '1', null, '가치변화의 요인');
insert into "ETEST"."UK_MASTER" ("UK_ID", "UK_NAME", "UK_DESCRIPTION", "TRAIN_UNSEEN", "CURRICULUM_ID", "PART" ) values (346, '금융투자상품의 매매', null, '1', null, '금융투자상품의 매매');
insert into "ETEST"."UK_MASTER" ("UK_ID", "UK_NAME", "UK_DESCRIPTION", "TRAIN_UNSEEN", "CURRICULUM_ID", "PART" ) values (347, '금융회사', null, '1', null, '금융투자상품의 매매');
insert into "ETEST"."UK_MASTER" ("UK_ID", "UK_NAME", "UK_DESCRIPTION", "TRAIN_UNSEEN", "CURRICULUM_ID", "PART" ) values (348, '금융투자회사', null, '1', null, '금융투자상품의 매매');
insert into "ETEST"."UK_MASTER" ("UK_ID", "UK_NAME", "UK_DESCRIPTION", "TRAIN_UNSEEN", "CURRICULUM_ID", "PART" ) values (349, '금융투자업', null, '1', null, '금융투자상품의 매매');
insert into "ETEST"."UK_MASTER" ("UK_ID", "UK_NAME", "UK_DESCRIPTION", "TRAIN_UNSEEN", "CURRICULUM_ID", "PART" ) values (350, '투자매매업', null, '1', null, '금융투자상품의 매매');
insert into "ETEST"."UK_MASTER" ("UK_ID", "UK_NAME", "UK_DESCRIPTION", "TRAIN_UNSEEN", "CURRICULUM_ID", "PART" ) values (351, '투자중개업', null, '1', null, '금융투자상품의 매매');
insert into "ETEST"."UK_MASTER" ("UK_ID", "UK_NAME", "UK_DESCRIPTION", "TRAIN_UNSEEN", "CURRICULUM_ID", "PART" ) values (352, '집합투자업', null, '1', null, '금융투자상품의 매매');
insert into "ETEST"."UK_MASTER" ("UK_ID", "UK_NAME", "UK_DESCRIPTION", "TRAIN_UNSEEN", "CURRICULUM_ID", "PART" ) values (353, '펀드', null, '1', null, '금융투자상품의 매매');
insert into "ETEST"."UK_MASTER" ("UK_ID", "UK_NAME", "UK_DESCRIPTION", "TRAIN_UNSEEN", "CURRICULUM_ID", "PART" ) values (354, '신탁업', null, '1', null, '금융투자상품의 매매');
insert into "ETEST"."UK_MASTER" ("UK_ID", "UK_NAME", "UK_DESCRIPTION", "TRAIN_UNSEEN", "CURRICULUM_ID", "PART" ) values (355, '금전신탁', null, '1', null, '금융투자상품의 매매');
insert into "ETEST"."UK_MASTER" ("UK_ID", "UK_NAME", "UK_DESCRIPTION", "TRAIN_UNSEEN", "CURRICULUM_ID", "PART" ) values (356, '재산신탁', null, '1', null, '금융투자상품의 매매');
insert into "ETEST"."UK_MASTER" ("UK_ID", "UK_NAME", "UK_DESCRIPTION", "TRAIN_UNSEEN", "CURRICULUM_ID", "PART" ) values (357, '특정금전신탁', null, '1', null, '금융투자상품의 매매');
insert into "ETEST"."UK_MASTER" ("UK_ID", "UK_NAME", "UK_DESCRIPTION", "TRAIN_UNSEEN", "CURRICULUM_ID", "PART" ) values (358, '불특정금전신탁', null, '1', null, '금융투자상품의 매매');
insert into "ETEST"."UK_MASTER" ("UK_ID", "UK_NAME", "UK_DESCRIPTION", "TRAIN_UNSEEN", "CURRICULUM_ID", "PART" ) values (359, '투자일임업', null, '1', null, '금융투자상품의 매매');
insert into "ETEST"."UK_MASTER" ("UK_ID", "UK_NAME", "UK_DESCRIPTION", "TRAIN_UNSEEN", "CURRICULUM_ID", "PART" ) values (360, '랩어카운트', null, '1', null, '금융투자상품의 매매');
insert into "ETEST"."UK_MASTER" ("UK_ID", "UK_NAME", "UK_DESCRIPTION", "TRAIN_UNSEEN", "CURRICULUM_ID", "PART" ) values (361, '투자자문업', null, '1', null, '금융투자상품의 매매');
insert into "ETEST"."UK_MASTER" ("UK_ID", "UK_NAME", "UK_DESCRIPTION", "TRAIN_UNSEEN", "CURRICULUM_ID", "PART" ) values (362, '직접투자 채널', null, '1', null, '금융투자상품의 매매');
insert into "ETEST"."UK_MASTER" ("UK_ID", "UK_NAME", "UK_DESCRIPTION", "TRAIN_UNSEEN", "CURRICULUM_ID", "PART" ) values (363, '주식 위탁계좌', null, '1', null, '금융투자상품의 매매');
insert into "ETEST"."UK_MASTER" ("UK_ID", "UK_NAME", "UK_DESCRIPTION", "TRAIN_UNSEEN", "CURRICULUM_ID", "PART" ) values (364, '주식 매매', null, '1', null, '금융투자상품의 매매');
insert into "ETEST"."UK_MASTER" ("UK_ID", "UK_NAME", "UK_DESCRIPTION", "TRAIN_UNSEEN", "CURRICULUM_ID", "PART" ) values (365, '공모주 투자', null, '1', null, '금융투자상품의 매매');
insert into "ETEST"."UK_MASTER" ("UK_ID", "UK_NAME", "UK_DESCRIPTION", "TRAIN_UNSEEN", "CURRICULUM_ID", "PART" ) values (366, '공모주 청약절차', null, '1', null, '금융투자상품의 매매');
insert into "ETEST"."UK_MASTER" ("UK_ID", "UK_NAME", "UK_DESCRIPTION", "TRAIN_UNSEEN", "CURRICULUM_ID", "PART" ) values (367, '스팩(SPAC) 투자', null, '1', null, '금융투자상품의 매매');
insert into "ETEST"."UK_MASTER" ("UK_ID", "UK_NAME", "UK_DESCRIPTION", "TRAIN_UNSEEN", "CURRICULUM_ID", "PART" ) values (368, '채권 위탁계좌', null, '1', null, '금융투자상품의 매매');
insert into "ETEST"."UK_MASTER" ("UK_ID", "UK_NAME", "UK_DESCRIPTION", "TRAIN_UNSEEN", "CURRICULUM_ID", "PART" ) values (369, '채권시장의 구조', null, '1', null, '금융투자상품의 매매');
insert into "ETEST"."UK_MASTER" ("UK_ID", "UK_NAME", "UK_DESCRIPTION", "TRAIN_UNSEEN", "CURRICULUM_ID", "PART" ) values (370, '채권발행시장', null, '1', null, '금융투자상품의 매매');
insert into "ETEST"."UK_MASTER" ("UK_ID", "UK_NAME", "UK_DESCRIPTION", "TRAIN_UNSEEN", "CURRICULUM_ID", "PART" ) values (371, '채권유통시장', null, '1', null, '금융투자상품의 매매');
insert into "ETEST"."UK_MASTER" ("UK_ID", "UK_NAME", "UK_DESCRIPTION", "TRAIN_UNSEEN", "CURRICULUM_ID", "PART" ) values (372, '장내채권시장', null, '1', null, '금융투자상품의 매매');
insert into "ETEST"."UK_MASTER" ("UK_ID", "UK_NAME", "UK_DESCRIPTION", "TRAIN_UNSEEN", "CURRICULUM_ID", "PART" ) values (373, '소액채권시장', null, '1', null, '금융투자상품의 매매');
insert into "ETEST"."UK_MASTER" ("UK_ID", "UK_NAME", "UK_DESCRIPTION", "TRAIN_UNSEEN", "CURRICULUM_ID", "PART" ) values (374, '일반채권시장', null, '1', null, '금융투자상품의 매매');
insert into "ETEST"."UK_MASTER" ("UK_ID", "UK_NAME", "UK_DESCRIPTION", "TRAIN_UNSEEN", "CURRICULUM_ID", "PART" ) values (375, '소매채권시장', null, '1', null, '금융투자상품의 매매');
insert into "ETEST"."UK_MASTER" ("UK_ID", "UK_NAME", "UK_DESCRIPTION", "TRAIN_UNSEEN", "CURRICULUM_ID", "PART" ) values (376, '장내국채시장', null, '1', null, '금융투자상품의 매매');
insert into "ETEST"."UK_MASTER" ("UK_ID", "UK_NAME", "UK_DESCRIPTION", "TRAIN_UNSEEN", "CURRICULUM_ID", "PART" ) values (377, '장외채권시장', null, '1', null, '금융투자상품의 매매');
insert into "ETEST"."UK_MASTER" ("UK_ID", "UK_NAME", "UK_DESCRIPTION", "TRAIN_UNSEEN", "CURRICULUM_ID", "PART" ) values (378, '도매시장', null, '1', null, '금융투자상품의 매매');
insert into "ETEST"."UK_MASTER" ("UK_ID", "UK_NAME", "UK_DESCRIPTION", "TRAIN_UNSEEN", "CURRICULUM_ID", "PART" ) values (379, '소매시장', null, '1', null, '금융투자상품의 매매');
insert into "ETEST"."UK_MASTER" ("UK_ID", "UK_NAME", "UK_DESCRIPTION", "TRAIN_UNSEEN", "CURRICULUM_ID", "PART" ) values (380, '간접투자 채널', null, '1', null, '금융투자상품의 매매');
insert into "ETEST"."UK_MASTER" ("UK_ID", "UK_NAME", "UK_DESCRIPTION", "TRAIN_UNSEEN", "CURRICULUM_ID", "PART" ) values (381, '펀드 투자', null, '1', null, '금융투자상품의 매매');
insert into "ETEST"."UK_MASTER" ("UK_ID", "UK_NAME", "UK_DESCRIPTION", "TRAIN_UNSEEN", "CURRICULUM_ID", "PART" ) values (382, '일임운용 투자', null, '1', null, '금융투자상품의 매매');
insert into "ETEST"."UK_MASTER" ("UK_ID", "UK_NAME", "UK_DESCRIPTION", "TRAIN_UNSEEN", "CURRICULUM_ID", "PART" ) values (383, '신탁 투자', null, '1', null, '금융투자상품의 매매');
insert into "ETEST"."UK_MASTER" ("UK_ID", "UK_NAME", "UK_DESCRIPTION", "TRAIN_UNSEEN", "CURRICULUM_ID", "PART" ) values (384, '위탁계좌와 특정금전신탁 비교', null, '1', null, '금융투자상품의 매매');
insert into "ETEST"."UK_MASTER" ("UK_ID", "UK_NAME", "UK_DESCRIPTION", "TRAIN_UNSEEN", "CURRICULUM_ID", "PART" ) values (385, '직접투자와 간접투자 비교', null, '1', null, '금융투자상품의 매매');
insert into "ETEST"."UK_MASTER" ("UK_ID", "UK_NAME", "UK_DESCRIPTION", "TRAIN_UNSEEN", "CURRICULUM_ID", "PART" ) values (386, '매매과정', null, '1', null, '금융투자상품의 매매');
insert into "ETEST"."UK_MASTER" ("UK_ID", "UK_NAME", "UK_DESCRIPTION", "TRAIN_UNSEEN", "CURRICULUM_ID", "PART" ) values (387, '비대면계좌 개설', null, '1', null, '금융투자상품의 매매');
insert into "ETEST"."UK_MASTER" ("UK_ID", "UK_NAME", "UK_DESCRIPTION", "TRAIN_UNSEEN", "CURRICULUM_ID", "PART" ) values (388, '계좌의 종류', null, '1', null, '금융투자상품의 매매');
insert into "ETEST"."UK_MASTER" ("UK_ID", "UK_NAME", "UK_DESCRIPTION", "TRAIN_UNSEEN", "CURRICULUM_ID", "PART" ) values (389, '종합계좌', null, '1', null, '금융투자상품의 매매');
insert into "ETEST"."UK_MASTER" ("UK_ID", "UK_NAME", "UK_DESCRIPTION", "TRAIN_UNSEEN", "CURRICULUM_ID", "PART" ) values (390, 'CMA계좌', null, '1', null, '금융투자상품의 매매');
insert into "ETEST"."UK_MASTER" ("UK_ID", "UK_NAME", "UK_DESCRIPTION", "TRAIN_UNSEEN", "CURRICULUM_ID", "PART" ) values (391, '선물옵션계좌', null, '1', null, '금융투자상품의 매매');
insert into "ETEST"."UK_MASTER" ("UK_ID", "UK_NAME", "UK_DESCRIPTION", "TRAIN_UNSEEN", "CURRICULUM_ID", "PART" ) values (392, '확정급여형 퇴직연금', null, '1', null, '금융투자상품의 매매');
insert into "ETEST"."UK_MASTER" ("UK_ID", "UK_NAME", "UK_DESCRIPTION", "TRAIN_UNSEEN", "CURRICULUM_ID", "PART" ) values (393, '확정기여형 퇴직연금', null, '1', null, '금융투자상품의 매매');
insert into "ETEST"."UK_MASTER" ("UK_ID", "UK_NAME", "UK_DESCRIPTION", "TRAIN_UNSEEN", "CURRICULUM_ID", "PART" ) values (394, '개인형 퇴직연금', null, '1', null, '금융투자상품의 매매');
insert into "ETEST"."UK_MASTER" ("UK_ID", "UK_NAME", "UK_DESCRIPTION", "TRAIN_UNSEEN", "CURRICULUM_ID", "PART" ) values (395, '주식매매 결제', null, '1', null, '금융투자상품의 매매');
insert into "ETEST"."UK_MASTER" ("UK_ID", "UK_NAME", "UK_DESCRIPTION", "TRAIN_UNSEEN", "CURRICULUM_ID", "PART" ) values (396, '매매일과 결제일', null, '1', null, '금융투자상품의 매매');
insert into "ETEST"."UK_MASTER" ("UK_ID", "UK_NAME", "UK_DESCRIPTION", "TRAIN_UNSEEN", "CURRICULUM_ID", "PART" ) values (397, '분할매수', null, '1', null, '금융투자상품의 매매');
insert into "ETEST"."UK_MASTER" ("UK_ID", "UK_NAME", "UK_DESCRIPTION", "TRAIN_UNSEEN", "CURRICULUM_ID", "PART" ) values (398, '분할매도', null, '1', null, '금융투자상품의 매매');
insert into "ETEST"."UK_MASTER" ("UK_ID", "UK_NAME", "UK_DESCRIPTION", "TRAIN_UNSEEN", "CURRICULUM_ID", "PART" ) values (399, '편드매수 결제', null, '1', null, '금융투자상품의 매매');
insert into "ETEST"."UK_MASTER" ("UK_ID", "UK_NAME", "UK_DESCRIPTION", "TRAIN_UNSEEN", "CURRICULUM_ID", "PART" ) values (400, '펀드매도 결제(환매)', null, '1', null, '금융투자상품의 매매');
insert into "ETEST"."UK_MASTER" ("UK_ID", "UK_NAME", "UK_DESCRIPTION", "TRAIN_UNSEEN", "CURRICULUM_ID", "PART" ) values (401, '환매대급 지급일', null, '1', null, '금융투자상품의 매매');
insert into "ETEST"."UK_MASTER" ("UK_ID", "UK_NAME", "UK_DESCRIPTION", "TRAIN_UNSEEN", "CURRICULUM_ID", "PART" ) values (402, '상품별 거래요건', null, '1', null, '금융투자상품의 매매');
insert into "ETEST"."UK_MASTER" ("UK_ID", "UK_NAME", "UK_DESCRIPTION", "TRAIN_UNSEEN", "CURRICULUM_ID", "PART" ) values (403, '투자적격 요건', null, '1', null, '금융투자상품의 매매');
insert into "ETEST"."UK_MASTER" ("UK_ID", "UK_NAME", "UK_DESCRIPTION", "TRAIN_UNSEEN", "CURRICULUM_ID", "PART" ) values (404, '개인전문투자자', null, '1', null, '금융투자상품의 매매');
insert into "ETEST"."UK_MASTER" ("UK_ID", "UK_NAME", "UK_DESCRIPTION", "TRAIN_UNSEEN", "CURRICULUM_ID", "PART" ) values (405, '취득방법', null, '1', null, '금융투자상품의 매매');
insert into "ETEST"."UK_MASTER" ("UK_ID", "UK_NAME", "UK_DESCRIPTION", "TRAIN_UNSEEN", "CURRICULUM_ID", "PART" ) values (406, '일반투자자', null, '1', null, '금융투자상품의 매매');
insert into "ETEST"."UK_MASTER" ("UK_ID", "UK_NAME", "UK_DESCRIPTION", "TRAIN_UNSEEN", "CURRICULUM_ID", "PART" ) values (407, '고난도 금융투자상품 요건', null, '1', null, '금융투자상품의 매매');
insert into "ETEST"."UK_MASTER" ("UK_ID", "UK_NAME", "UK_DESCRIPTION", "TRAIN_UNSEEN", "CURRICULUM_ID", "PART" ) values (408, '고난도 사모펀드 매수 요건', null, '1', null, '금융투자상품의 매매');
insert into "ETEST"."UK_MASTER" ("UK_ID", "UK_NAME", "UK_DESCRIPTION", "TRAIN_UNSEEN", "CURRICULUM_ID", "PART" ) values (409, '녹취숙려 제도', null, '1', null, '금융투자상품의 매매');
insert into "ETEST"."UK_MASTER" ("UK_ID", "UK_NAME", "UK_DESCRIPTION", "TRAIN_UNSEEN", "CURRICULUM_ID", "PART" ) values (410, '레버리지ETP 사전교육', null, '1', null, '금융투자상품의 매매');
insert into "ETEST"."UK_MASTER" ("UK_ID", "UK_NAME", "UK_DESCRIPTION", "TRAIN_UNSEEN", "CURRICULUM_ID", "PART" ) values (411, '투자거래 확인', null, '1', null, '금융투자상품의 매매');
insert into "ETEST"."UK_MASTER" ("UK_ID", "UK_NAME", "UK_DESCRIPTION", "TRAIN_UNSEEN", "CURRICULUM_ID", "PART" ) values (412, '정기보고서', null, '1', null, '금융투자상품의 매매');
insert into "ETEST"."UK_MASTER" ("UK_ID", "UK_NAME", "UK_DESCRIPTION", "TRAIN_UNSEEN", "CURRICULUM_ID", "PART" ) values (413, '자산운용보고서(펀드)', null, '1', null, '금융투자상품의 매매');
insert into "ETEST"."UK_MASTER" ("UK_ID", "UK_NAME", "UK_DESCRIPTION", "TRAIN_UNSEEN", "CURRICULUM_ID", "PART" ) values (414, '펀드 개요', null, '1', null, '금융투자상품의 매매');
insert into "ETEST"."UK_MASTER" ("UK_ID", "UK_NAME", "UK_DESCRIPTION", "TRAIN_UNSEEN", "CURRICULUM_ID", "PART" ) values (415, '운용성과 및 수익률 현황', null, '1', null, '금융투자상품의 매매');
insert into "ETEST"."UK_MASTER" ("UK_ID", "UK_NAME", "UK_DESCRIPTION", "TRAIN_UNSEEN", "CURRICULUM_ID", "PART" ) values (416, '자산 현황', null, '1', null, '금융투자상품의 매매');
insert into "ETEST"."UK_MASTER" ("UK_ID", "UK_NAME", "UK_DESCRIPTION", "TRAIN_UNSEEN", "CURRICULUM_ID", "PART" ) values (417, '투자 운용인력 현황', null, '1', null, '금융투자상품의 매매');
insert into "ETEST"."UK_MASTER" ("UK_ID", "UK_NAME", "UK_DESCRIPTION", "TRAIN_UNSEEN", "CURRICULUM_ID", "PART" ) values (418, '비용 현황', null, '1', null, '금융투자상품의 매매');
insert into "ETEST"."UK_MASTER" ("UK_ID", "UK_NAME", "UK_DESCRIPTION", "TRAIN_UNSEEN", "CURRICULUM_ID", "PART" ) values (419, '투자자산 매매내역', null, '1', null, '금융투자상품의 매매');
insert into "ETEST"."UK_MASTER" ("UK_ID", "UK_NAME", "UK_DESCRIPTION", "TRAIN_UNSEEN", "CURRICULUM_ID", "PART" ) values (420, '자산보관관리보고서(펀드)', null, '1', null, '금융투자상품의 매매');
insert into "ETEST"."UK_MASTER" ("UK_ID", "UK_NAME", "UK_DESCRIPTION", "TRAIN_UNSEEN", "CURRICULUM_ID", "PART" ) values (421, '금융투자상품 관리', null, '1', null, '금융투자상품 관리');
insert into "ETEST"."UK_MASTER" ("UK_ID", "UK_NAME", "UK_DESCRIPTION", "TRAIN_UNSEEN", "CURRICULUM_ID", "PART" ) values (422, '투자실적 평가', null, '1', null, '금융투자상품 관리');
insert into "ETEST"."UK_MASTER" ("UK_ID", "UK_NAME", "UK_DESCRIPTION", "TRAIN_UNSEEN", "CURRICULUM_ID", "PART" ) values (423, '기준지표(벤치마크)', null, '1', null, '금융투자상품 관리');
insert into "ETEST"."UK_MASTER" ("UK_ID", "UK_NAME", "UK_DESCRIPTION", "TRAIN_UNSEEN", "CURRICULUM_ID", "PART" ) values (424, '시장 지수', null, '1', null, '금융투자상품 관리');
insert into "ETEST"."UK_MASTER" ("UK_ID", "UK_NAME", "UK_DESCRIPTION", "TRAIN_UNSEEN", "CURRICULUM_ID", "PART" ) values (425, '벤치마크', null, '1', null, '금융투자상품 관리');
insert into "ETEST"."UK_MASTER" ("UK_ID", "UK_NAME", "UK_DESCRIPTION", "TRAIN_UNSEEN", "CURRICULUM_ID", "PART" ) values (426, '섹터스타일 지수', null, '1', null, '금융투자상품 관리');
insert into "ETEST"."UK_MASTER" ("UK_ID", "UK_NAME", "UK_DESCRIPTION", "TRAIN_UNSEEN", "CURRICULUM_ID", "PART" ) values (427, '합성 지수', null, '1', null, '금융투자상품 관리');
insert into "ETEST"."UK_MASTER" ("UK_ID", "UK_NAME", "UK_DESCRIPTION", "TRAIN_UNSEEN", "CURRICULUM_ID", "PART" ) values (428, '위험조정 성과지표', null, '1', null, '금융투자상품 관리');
insert into "ETEST"."UK_MASTER" ("UK_ID", "UK_NAME", "UK_DESCRIPTION", "TRAIN_UNSEEN", "CURRICULUM_ID", "PART" ) values (429, '샤프비율', null, '1', null, '금융투자상품 관리');
insert into "ETEST"."UK_MASTER" ("UK_ID", "UK_NAME", "UK_DESCRIPTION", "TRAIN_UNSEEN", "CURRICULUM_ID", "PART" ) values (430, '정보비율', null, '1', null, '금융투자상품 관리');
insert into "ETEST"."UK_MASTER" ("UK_ID", "UK_NAME", "UK_DESCRIPTION", "TRAIN_UNSEEN", "CURRICULUM_ID", "PART" ) values (431, '젠센의 알파', null, '1', null, '금융투자상품 관리');
insert into "ETEST"."UK_MASTER" ("UK_ID", "UK_NAME", "UK_DESCRIPTION", "TRAIN_UNSEEN", "CURRICULUM_ID", "PART" ) values (432, '성과특성 분석', null, '1', null, '금융투자상품 관리');
insert into "ETEST"."UK_MASTER" ("UK_ID", "UK_NAME", "UK_DESCRIPTION", "TRAIN_UNSEEN", "CURRICULUM_ID", "PART" ) values (433, '총수익률', null, '1', null, '금융투자상품 관리');
insert into "ETEST"."UK_MASTER" ("UK_ID", "UK_NAME", "UK_DESCRIPTION", "TRAIN_UNSEEN", "CURRICULUM_ID", "PART" ) values (434, '실질투자수익률', null, '1', null, '금융투자상품 관리');
insert into "ETEST"."UK_MASTER" ("UK_ID", "UK_NAME", "UK_DESCRIPTION", "TRAIN_UNSEEN", "CURRICULUM_ID", "PART" ) values (435, '권리 행사', null, '1', null, '금융투자상품 관리');
insert into "ETEST"."UK_MASTER" ("UK_ID", "UK_NAME", "UK_DESCRIPTION", "TRAIN_UNSEEN", "CURRICULUM_ID", "PART" ) values (436, '주식매수청구권 제도', null, '1', null, '금융투자상품 관리');
insert into "ETEST"."UK_MASTER" ("UK_ID", "UK_NAME", "UK_DESCRIPTION", "TRAIN_UNSEEN", "CURRICULUM_ID", "PART" ) values (437, '(펀드)수익자총회', null, '1', null, '금융투자상품 관리');
insert into "ETEST"."UK_MASTER" ("UK_ID", "UK_NAME", "UK_DESCRIPTION", "TRAIN_UNSEEN", "CURRICULUM_ID", "PART" ) values (438, '소집권자', null, '1', null, '금융투자상품 관리');
insert into "ETEST"."UK_MASTER" ("UK_ID", "UK_NAME", "UK_DESCRIPTION", "TRAIN_UNSEEN", "CURRICULUM_ID", "PART" ) values (439, '의결방법', null, '1', null, '금융투자상품 관리');
insert into "ETEST"."UK_MASTER" ("UK_ID", "UK_NAME", "UK_DESCRIPTION", "TRAIN_UNSEEN", "CURRICULUM_ID", "PART" ) values (440, '간주의결권 행사', null, '1', null, '금융투자상품 관리');
insert into "ETEST"."UK_MASTER" ("UK_ID", "UK_NAME", "UK_DESCRIPTION", "TRAIN_UNSEEN", "CURRICULUM_ID", "PART" ) values (441, '상장폐지 사유', null, '1', null, '금융투자상품 관리');
insert into "ETEST"."UK_MASTER" ("UK_ID", "UK_NAME", "UK_DESCRIPTION", "TRAIN_UNSEEN", "CURRICULUM_ID", "PART" ) values (442, '행동편향', null, '1', null, '행동편향');
insert into "ETEST"."UK_MASTER" ("UK_ID", "UK_NAME", "UK_DESCRIPTION", "TRAIN_UNSEEN", "CURRICULUM_ID", "PART" ) values (443, '행동경제학', null, '1', null, '행동편향');
insert into "ETEST"."UK_MASTER" ("UK_ID", "UK_NAME", "UK_DESCRIPTION", "TRAIN_UNSEEN", "CURRICULUM_ID", "PART" ) values (444, '전망이론', null, '1', null, '행동편향');
insert into "ETEST"."UK_MASTER" ("UK_ID", "UK_NAME", "UK_DESCRIPTION", "TRAIN_UNSEEN", "CURRICULUM_ID", "PART" ) values (445, '기대효용이론', null, '1', null, '행동편향');
insert into "ETEST"."UK_MASTER" ("UK_ID", "UK_NAME", "UK_DESCRIPTION", "TRAIN_UNSEEN", "CURRICULUM_ID", "PART" ) values (446, '전통경제학과 비교', null, '1', null, '행동편향');
insert into "ETEST"."UK_MASTER" ("UK_ID", "UK_NAME", "UK_DESCRIPTION", "TRAIN_UNSEEN", "CURRICULUM_ID", "PART" ) values (447, '행동편향 발생이유', null, '1', null, '행동편향');
insert into "ETEST"."UK_MASTER" ("UK_ID", "UK_NAME", "UK_DESCRIPTION", "TRAIN_UNSEEN", "CURRICULUM_ID", "PART" ) values (448, '빠지기쉬운 행동편향', null, '1', null, '행동편향');
insert into "ETEST"."UK_MASTER" ("UK_ID", "UK_NAME", "UK_DESCRIPTION", "TRAIN_UNSEEN", "CURRICULUM_ID", "PART" ) values (449, '자기과신 편향', null, '1', null, '행동편향');
insert into "ETEST"."UK_MASTER" ("UK_ID", "UK_NAME", "UK_DESCRIPTION", "TRAIN_UNSEEN", "CURRICULUM_ID", "PART" ) values (450, '사후확증 편향', null, '1', null, '행동편향');
insert into "ETEST"."UK_MASTER" ("UK_ID", "UK_NAME", "UK_DESCRIPTION", "TRAIN_UNSEEN", "CURRICULUM_ID", "PART" ) values (451, '군중심리 편향', null, '1', null, '행동편향');
insert into "ETEST"."UK_MASTER" ("UK_ID", "UK_NAME", "UK_DESCRIPTION", "TRAIN_UNSEEN", "CURRICULUM_ID", "PART" ) values (452, '손실회피', null, '1', null, '행동편향');
insert into "ETEST"."UK_MASTER" ("UK_ID", "UK_NAME", "UK_DESCRIPTION", "TRAIN_UNSEEN", "CURRICULUM_ID", "PART" ) values (453, '기준점', null, '1', null, '행동편향');
insert into "ETEST"."UK_MASTER" ("UK_ID", "UK_NAME", "UK_DESCRIPTION", "TRAIN_UNSEEN", "CURRICULUM_ID", "PART" ) values (454, '심적회계', null, '1', null, '행동편향');
insert into "ETEST"."UK_MASTER" ("UK_ID", "UK_NAME", "UK_DESCRIPTION", "TRAIN_UNSEEN", "CURRICULUM_ID", "PART" ) values (455, '매몰비용', null, '1', null, '행동편향');
insert into "ETEST"."UK_MASTER" ("UK_ID", "UK_NAME", "UK_DESCRIPTION", "TRAIN_UNSEEN", "CURRICULUM_ID", "PART" ) values (456, '확증 편향', null, '1', null, '행동편향');
insert into "ETEST"."UK_MASTER" ("UK_ID", "UK_NAME", "UK_DESCRIPTION", "TRAIN_UNSEEN", "CURRICULUM_ID", "PART" ) values (457, '도박사 편향', null, '1', null, '행동편향');
insert into "ETEST"."UK_MASTER" ("UK_ID", "UK_NAME", "UK_DESCRIPTION", "TRAIN_UNSEEN", "CURRICULUM_ID", "PART" ) values (458, '현상유지 편향', null, '1', null, '행동편향');
insert into "ETEST"."UK_MASTER" ("UK_ID", "UK_NAME", "UK_DESCRIPTION", "TRAIN_UNSEEN", "CURRICULUM_ID", "PART" ) values (459, '현재중시 편향', null, '1', null, '행동편향');
insert into "ETEST"."UK_MASTER" ("UK_ID", "UK_NAME", "UK_DESCRIPTION", "TRAIN_UNSEEN", "CURRICULUM_ID", "PART" ) values (460, '시기추론 편향', null, '1', null, '행동편향');
insert into "ETEST"."UK_MASTER" ("UK_ID", "UK_NAME", "UK_DESCRIPTION", "TRAIN_UNSEEN", "CURRICULUM_ID", "PART" ) values (461, '가용성 편향', null, '1', null, '행동편향');
insert into "ETEST"."UK_MASTER" ("UK_ID", "UK_NAME", "UK_DESCRIPTION", "TRAIN_UNSEEN", "CURRICULUM_ID", "PART" ) values (462, '최신 편향', null, '1', null, '행동편향');
insert into "ETEST"."UK_MASTER" ("UK_ID", "UK_NAME", "UK_DESCRIPTION", "TRAIN_UNSEEN", "CURRICULUM_ID", "PART" ) values (463, '투자단계별', null, '1', null, '행동편향');
insert into "ETEST"."UK_MASTER" ("UK_ID", "UK_NAME", "UK_DESCRIPTION", "TRAIN_UNSEEN", "CURRICULUM_ID", "PART" ) values (464, '투자전 빠지기 쉬운 편향', null, '1', null, '행동편향');
insert into "ETEST"."UK_MASTER" ("UK_ID", "UK_NAME", "UK_DESCRIPTION", "TRAIN_UNSEEN", "CURRICULUM_ID", "PART" ) values (465, '투자후 빠지기 쉬운 편향', null, '1', null, '행동편향');
insert into "ETEST"."UK_MASTER" ("UK_ID", "UK_NAME", "UK_DESCRIPTION", "TRAIN_UNSEEN", "CURRICULUM_ID", "PART" ) values (466, '투자성향별', null, '1', null, '행동편향');
insert into "ETEST"."UK_MASTER" ("UK_ID", "UK_NAME", "UK_DESCRIPTION", "TRAIN_UNSEEN", "CURRICULUM_ID", "PART" ) values (467, '공격형투자자가 빠지기 쉬운 편향', null, '1', null, '행동편향');
insert into "ETEST"."UK_MASTER" ("UK_ID", "UK_NAME", "UK_DESCRIPTION", "TRAIN_UNSEEN", "CURRICULUM_ID", "PART" ) values (468, '방어적투자자가 빠지기 쉬운 편향', null, '1', null, '행동편향');
insert into "ETEST"."UK_MASTER" ("UK_ID", "UK_NAME", "UK_DESCRIPTION", "TRAIN_UNSEEN", "CURRICULUM_ID", "PART" ) values (469, '투자기간별', null, '1', null, '행동편향');
insert into "ETEST"."UK_MASTER" ("UK_ID", "UK_NAME", "UK_DESCRIPTION", "TRAIN_UNSEEN", "CURRICULUM_ID", "PART" ) values (470, '단기투자자가 빠지기 쉬운 편향', null, '1', null, '행동편향');
insert into "ETEST"."UK_MASTER" ("UK_ID", "UK_NAME", "UK_DESCRIPTION", "TRAIN_UNSEEN", "CURRICULUM_ID", "PART" ) values (471, '장기투자자가 빠지기 쉬운 편향', null, '1', null, '행동편향');
insert into "ETEST"."UK_MASTER" ("UK_ID", "UK_NAME", "UK_DESCRIPTION", "TRAIN_UNSEEN", "CURRICULUM_ID", "PART" ) values (472, '행동편향의 극복절차', null, '1', null, '행동편향');
insert into "ETEST"."UK_MASTER" ("UK_ID", "UK_NAME", "UK_DESCRIPTION", "TRAIN_UNSEEN", "CURRICULUM_ID", "PART" ) values (473, '행동편향 인지', null, '1', null, '행동편향');
insert into "ETEST"."UK_MASTER" ("UK_ID", "UK_NAME", "UK_DESCRIPTION", "TRAIN_UNSEEN", "CURRICULUM_ID", "PART" ) values (474, '행동편향 확인', null, '1', null, '행동편향');
insert into "ETEST"."UK_MASTER" ("UK_ID", "UK_NAME", "UK_DESCRIPTION", "TRAIN_UNSEEN", "CURRICULUM_ID", "PART" ) values (475, '투자원칙과 기준 수립', null, '1', null, '행동편향');
insert into "ETEST"."UK_MASTER" ("UK_ID", "UK_NAME", "UK_DESCRIPTION", "TRAIN_UNSEEN", "CURRICULUM_ID", "PART" ) values (476, '투자과정 기록 및 모니터링', null, '1', null, '행동편향');
insert into "ETEST"."UK_MASTER" ("UK_ID", "UK_NAME", "UK_DESCRIPTION", "TRAIN_UNSEEN", "CURRICULUM_ID", "PART" ) values (477, '현향 극복을 위한 지속적 노력', null, '1', null, '행동편향');

------- End of ETEST.UK_MASTER -------


------- Begin of ETEST.UK_REL-------

insert into "ETEST"."UK_REL" ("BASE_UK_ID", "PRE_UK_ID", "RELATION_REFERENCE" ) values (379, 377, 'KOFIA');
insert into "ETEST"."UK_REL" ("BASE_UK_ID", "PRE_UK_ID", "RELATION_REFERENCE" ) values (381, 380, 'KOFIA');
insert into "ETEST"."UK_REL" ("BASE_UK_ID", "PRE_UK_ID", "RELATION_REFERENCE" ) values (382, 380, 'KOFIA');
insert into "ETEST"."UK_REL" ("BASE_UK_ID", "PRE_UK_ID", "RELATION_REFERENCE" ) values (383, 380, 'KOFIA');
insert into "ETEST"."UK_REL" ("BASE_UK_ID", "PRE_UK_ID", "RELATION_REFERENCE" ) values (385, 380, 'KOFIA');
insert into "ETEST"."UK_REL" ("BASE_UK_ID", "PRE_UK_ID", "RELATION_REFERENCE" ) values (384, 383, 'KOFIA');
insert into "ETEST"."UK_REL" ("BASE_UK_ID", "PRE_UK_ID", "RELATION_REFERENCE" ) values (387, 386, 'KOFIA');
insert into "ETEST"."UK_REL" ("BASE_UK_ID", "PRE_UK_ID", "RELATION_REFERENCE" ) values (388, 386, 'KOFIA');
insert into "ETEST"."UK_REL" ("BASE_UK_ID", "PRE_UK_ID", "RELATION_REFERENCE" ) values (395, 386, 'KOFIA');
insert into "ETEST"."UK_REL" ("BASE_UK_ID", "PRE_UK_ID", "RELATION_REFERENCE" ) values (399, 386, 'KOFIA');
insert into "ETEST"."UK_REL" ("BASE_UK_ID", "PRE_UK_ID", "RELATION_REFERENCE" ) values (400, 386, 'KOFIA');
insert into "ETEST"."UK_REL" ("BASE_UK_ID", "PRE_UK_ID", "RELATION_REFERENCE" ) values (389, 388, 'KOFIA');
insert into "ETEST"."UK_REL" ("BASE_UK_ID", "PRE_UK_ID", "RELATION_REFERENCE" ) values (390, 388, 'KOFIA');
insert into "ETEST"."UK_REL" ("BASE_UK_ID", "PRE_UK_ID", "RELATION_REFERENCE" ) values (391, 388, 'KOFIA');
insert into "ETEST"."UK_REL" ("BASE_UK_ID", "PRE_UK_ID", "RELATION_REFERENCE" ) values (392, 388, 'KOFIA');
insert into "ETEST"."UK_REL" ("BASE_UK_ID", "PRE_UK_ID", "RELATION_REFERENCE" ) values (393, 388, 'KOFIA');
insert into "ETEST"."UK_REL" ("BASE_UK_ID", "PRE_UK_ID", "RELATION_REFERENCE" ) values (394, 388, 'KOFIA');
insert into "ETEST"."UK_REL" ("BASE_UK_ID", "PRE_UK_ID", "RELATION_REFERENCE" ) values (396, 395, 'KOFIA');
insert into "ETEST"."UK_REL" ("BASE_UK_ID", "PRE_UK_ID", "RELATION_REFERENCE" ) values (397, 396, 'KOFIA');
insert into "ETEST"."UK_REL" ("BASE_UK_ID", "PRE_UK_ID", "RELATION_REFERENCE" ) values (398, 396, 'KOFIA');
insert into "ETEST"."UK_REL" ("BASE_UK_ID", "PRE_UK_ID", "RELATION_REFERENCE" ) values (231, 399, 'KOFIA');
insert into "ETEST"."UK_REL" ("BASE_UK_ID", "PRE_UK_ID", "RELATION_REFERENCE" ) values (401, 400, 'KOFIA');
insert into "ETEST"."UK_REL" ("BASE_UK_ID", "PRE_UK_ID", "RELATION_REFERENCE" ) values (403, 402, 'KOFIA');
insert into "ETEST"."UK_REL" ("BASE_UK_ID", "PRE_UK_ID", "RELATION_REFERENCE" ) values (407, 402, 'KOFIA');
insert into "ETEST"."UK_REL" ("BASE_UK_ID", "PRE_UK_ID", "RELATION_REFERENCE" ) values (410, 402, 'KOFIA');
insert into "ETEST"."UK_REL" ("BASE_UK_ID", "PRE_UK_ID", "RELATION_REFERENCE" ) values (404, 403, 'KOFIA');
insert into "ETEST"."UK_REL" ("BASE_UK_ID", "PRE_UK_ID", "RELATION_REFERENCE" ) values (406, 403, 'KOFIA');
insert into "ETEST"."UK_REL" ("BASE_UK_ID", "PRE_UK_ID", "RELATION_REFERENCE" ) values (405, 404, 'KOFIA');
insert into "ETEST"."UK_REL" ("BASE_UK_ID", "PRE_UK_ID", "RELATION_REFERENCE" ) values (408, 407, 'KOFIA');
insert into "ETEST"."UK_REL" ("BASE_UK_ID", "PRE_UK_ID", "RELATION_REFERENCE" ) values (409, 407, 'KOFIA');
insert into "ETEST"."UK_REL" ("BASE_UK_ID", "PRE_UK_ID", "RELATION_REFERENCE" ) values (412, 411, 'KOFIA');
insert into "ETEST"."UK_REL" ("BASE_UK_ID", "PRE_UK_ID", "RELATION_REFERENCE" ) values (413, 412, 'KOFIA');
insert into "ETEST"."UK_REL" ("BASE_UK_ID", "PRE_UK_ID", "RELATION_REFERENCE" ) values (420, 412, 'KOFIA');
insert into "ETEST"."UK_REL" ("BASE_UK_ID", "PRE_UK_ID", "RELATION_REFERENCE" ) values (414, 413, 'KOFIA');
insert into "ETEST"."UK_REL" ("BASE_UK_ID", "PRE_UK_ID", "RELATION_REFERENCE" ) values (415, 413, 'KOFIA');
insert into "ETEST"."UK_REL" ("BASE_UK_ID", "PRE_UK_ID", "RELATION_REFERENCE" ) values (416, 413, 'KOFIA');
insert into "ETEST"."UK_REL" ("BASE_UK_ID", "PRE_UK_ID", "RELATION_REFERENCE" ) values (417, 413, 'KOFIA');
insert into "ETEST"."UK_REL" ("BASE_UK_ID", "PRE_UK_ID", "RELATION_REFERENCE" ) values (418, 413, 'KOFIA');
insert into "ETEST"."UK_REL" ("BASE_UK_ID", "PRE_UK_ID", "RELATION_REFERENCE" ) values (419, 413, 'KOFIA');
insert into "ETEST"."UK_REL" ("BASE_UK_ID", "PRE_UK_ID", "RELATION_REFERENCE" ) values (422, 421, 'KOFIA');
insert into "ETEST"."UK_REL" ("BASE_UK_ID", "PRE_UK_ID", "RELATION_REFERENCE" ) values (435, 421, 'KOFIA');
insert into "ETEST"."UK_REL" ("BASE_UK_ID", "PRE_UK_ID", "RELATION_REFERENCE" ) values (207, 421, 'KOFIA');
insert into "ETEST"."UK_REL" ("BASE_UK_ID", "PRE_UK_ID", "RELATION_REFERENCE" ) values (423, 422, 'KOFIA');
insert into "ETEST"."UK_REL" ("BASE_UK_ID", "PRE_UK_ID", "RELATION_REFERENCE" ) values (428, 422, 'KOFIA');
insert into "ETEST"."UK_REL" ("BASE_UK_ID", "PRE_UK_ID", "RELATION_REFERENCE" ) values (432, 422, 'KOFIA');
insert into "ETEST"."UK_REL" ("BASE_UK_ID", "PRE_UK_ID", "RELATION_REFERENCE" ) values (424, 423, 'KOFIA');
insert into "ETEST"."UK_REL" ("BASE_UK_ID", "PRE_UK_ID", "RELATION_REFERENCE" ) values (426, 423, 'KOFIA');
insert into "ETEST"."UK_REL" ("BASE_UK_ID", "PRE_UK_ID", "RELATION_REFERENCE" ) values (427, 423, 'KOFIA');
insert into "ETEST"."UK_REL" ("BASE_UK_ID", "PRE_UK_ID", "RELATION_REFERENCE" ) values (425, 424, 'KOFIA');
insert into "ETEST"."UK_REL" ("BASE_UK_ID", "PRE_UK_ID", "RELATION_REFERENCE" ) values (429, 428, 'KOFIA');
insert into "ETEST"."UK_REL" ("BASE_UK_ID", "PRE_UK_ID", "RELATION_REFERENCE" ) values (430, 428, 'KOFIA');
insert into "ETEST"."UK_REL" ("BASE_UK_ID", "PRE_UK_ID", "RELATION_REFERENCE" ) values (431, 428, 'KOFIA');
insert into "ETEST"."UK_REL" ("BASE_UK_ID", "PRE_UK_ID", "RELATION_REFERENCE" ) values (433, 432, 'KOFIA');
insert into "ETEST"."UK_REL" ("BASE_UK_ID", "PRE_UK_ID", "RELATION_REFERENCE" ) values (434, 432, 'KOFIA');
insert into "ETEST"."UK_REL" ("BASE_UK_ID", "PRE_UK_ID", "RELATION_REFERENCE" ) values (185, 435, 'KOFIA');
insert into "ETEST"."UK_REL" ("BASE_UK_ID", "PRE_UK_ID", "RELATION_REFERENCE" ) values (437, 435, 'KOFIA');
insert into "ETEST"."UK_REL" ("BASE_UK_ID", "PRE_UK_ID", "RELATION_REFERENCE" ) values (438, 437, 'KOFIA');
insert into "ETEST"."UK_REL" ("BASE_UK_ID", "PRE_UK_ID", "RELATION_REFERENCE" ) values (439, 437, 'KOFIA');
insert into "ETEST"."UK_REL" ("BASE_UK_ID", "PRE_UK_ID", "RELATION_REFERENCE" ) values (440, 439, 'KOFIA');
insert into "ETEST"."UK_REL" ("BASE_UK_ID", "PRE_UK_ID", "RELATION_REFERENCE" ) values (443, 442, 'KOFIA');
insert into "ETEST"."UK_REL" ("BASE_UK_ID", "PRE_UK_ID", "RELATION_REFERENCE" ) values (447, 442, 'KOFIA');
insert into "ETEST"."UK_REL" ("BASE_UK_ID", "PRE_UK_ID", "RELATION_REFERENCE" ) values (448, 442, 'KOFIA');
insert into "ETEST"."UK_REL" ("BASE_UK_ID", "PRE_UK_ID", "RELATION_REFERENCE" ) values (472, 442, 'KOFIA');
insert into "ETEST"."UK_REL" ("BASE_UK_ID", "PRE_UK_ID", "RELATION_REFERENCE" ) values (444, 443, 'KOFIA');
insert into "ETEST"."UK_REL" ("BASE_UK_ID", "PRE_UK_ID", "RELATION_REFERENCE" ) values (445, 443, 'KOFIA');
insert into "ETEST"."UK_REL" ("BASE_UK_ID", "PRE_UK_ID", "RELATION_REFERENCE" ) values (446, 443, 'KOFIA');
insert into "ETEST"."UK_REL" ("BASE_UK_ID", "PRE_UK_ID", "RELATION_REFERENCE" ) values (449, 448, 'KOFIA');
insert into "ETEST"."UK_REL" ("BASE_UK_ID", "PRE_UK_ID", "RELATION_REFERENCE" ) values (450, 448, 'KOFIA');
insert into "ETEST"."UK_REL" ("BASE_UK_ID", "PRE_UK_ID", "RELATION_REFERENCE" ) values (451, 448, 'KOFIA');
insert into "ETEST"."UK_REL" ("BASE_UK_ID", "PRE_UK_ID", "RELATION_REFERENCE" ) values (452, 448, 'KOFIA');
insert into "ETEST"."UK_REL" ("BASE_UK_ID", "PRE_UK_ID", "RELATION_REFERENCE" ) values (453, 448, 'KOFIA');
insert into "ETEST"."UK_REL" ("BASE_UK_ID", "PRE_UK_ID", "RELATION_REFERENCE" ) values (454, 448, 'KOFIA');
insert into "ETEST"."UK_REL" ("BASE_UK_ID", "PRE_UK_ID", "RELATION_REFERENCE" ) values (455, 448, 'KOFIA');
insert into "ETEST"."UK_REL" ("BASE_UK_ID", "PRE_UK_ID", "RELATION_REFERENCE" ) values (456, 448, 'KOFIA');
insert into "ETEST"."UK_REL" ("BASE_UK_ID", "PRE_UK_ID", "RELATION_REFERENCE" ) values (457, 448, 'KOFIA');
insert into "ETEST"."UK_REL" ("BASE_UK_ID", "PRE_UK_ID", "RELATION_REFERENCE" ) values (458, 448, 'KOFIA');
insert into "ETEST"."UK_REL" ("BASE_UK_ID", "PRE_UK_ID", "RELATION_REFERENCE" ) values (459, 448, 'KOFIA');
insert into "ETEST"."UK_REL" ("BASE_UK_ID", "PRE_UK_ID", "RELATION_REFERENCE" ) values (460, 448, 'KOFIA');
insert into "ETEST"."UK_REL" ("BASE_UK_ID", "PRE_UK_ID", "RELATION_REFERENCE" ) values (461, 448, 'KOFIA');
insert into "ETEST"."UK_REL" ("BASE_UK_ID", "PRE_UK_ID", "RELATION_REFERENCE" ) values (462, 448, 'KOFIA');
insert into "ETEST"."UK_REL" ("BASE_UK_ID", "PRE_UK_ID", "RELATION_REFERENCE" ) values (463, 448, 'KOFIA');
insert into "ETEST"."UK_REL" ("BASE_UK_ID", "PRE_UK_ID", "RELATION_REFERENCE" ) values (466, 448, 'KOFIA');
insert into "ETEST"."UK_REL" ("BASE_UK_ID", "PRE_UK_ID", "RELATION_REFERENCE" ) values (469, 448, 'KOFIA');
insert into "ETEST"."UK_REL" ("BASE_UK_ID", "PRE_UK_ID", "RELATION_REFERENCE" ) values (464, 463, 'KOFIA');
insert into "ETEST"."UK_REL" ("BASE_UK_ID", "PRE_UK_ID", "RELATION_REFERENCE" ) values (465, 463, 'KOFIA');
insert into "ETEST"."UK_REL" ("BASE_UK_ID", "PRE_UK_ID", "RELATION_REFERENCE" ) values (467, 466, 'KOFIA');
insert into "ETEST"."UK_REL" ("BASE_UK_ID", "PRE_UK_ID", "RELATION_REFERENCE" ) values (468, 466, 'KOFIA');
insert into "ETEST"."UK_REL" ("BASE_UK_ID", "PRE_UK_ID", "RELATION_REFERENCE" ) values (470, 469, 'KOFIA');
insert into "ETEST"."UK_REL" ("BASE_UK_ID", "PRE_UK_ID", "RELATION_REFERENCE" ) values (471, 469, 'KOFIA');
insert into "ETEST"."UK_REL" ("BASE_UK_ID", "PRE_UK_ID", "RELATION_REFERENCE" ) values (473, 472, 'KOFIA');
insert into "ETEST"."UK_REL" ("BASE_UK_ID", "PRE_UK_ID", "RELATION_REFERENCE" ) values (474, 472, 'KOFIA');
insert into "ETEST"."UK_REL" ("BASE_UK_ID", "PRE_UK_ID", "RELATION_REFERENCE" ) values (475, 472, 'KOFIA');
insert into "ETEST"."UK_REL" ("BASE_UK_ID", "PRE_UK_ID", "RELATION_REFERENCE" ) values (476, 472, 'KOFIA');
insert into "ETEST"."UK_REL" ("BASE_UK_ID", "PRE_UK_ID", "RELATION_REFERENCE" ) values (477, 472, 'KOFIA');
insert into "ETEST"."UK_REL" ("BASE_UK_ID", "PRE_UK_ID", "RELATION_REFERENCE" ) values (2, 1, 'KOFIA');
insert into "ETEST"."UK_REL" ("BASE_UK_ID", "PRE_UK_ID", "RELATION_REFERENCE" ) values (3, 1, 'KOFIA');
insert into "ETEST"."UK_REL" ("BASE_UK_ID", "PRE_UK_ID", "RELATION_REFERENCE" ) values (4, 3, 'KOFIA');
insert into "ETEST"."UK_REL" ("BASE_UK_ID", "PRE_UK_ID", "RELATION_REFERENCE" ) values (7, 3, 'KOFIA');
insert into "ETEST"."UK_REL" ("BASE_UK_ID", "PRE_UK_ID", "RELATION_REFERENCE" ) values (11, 3, 'KOFIA');
insert into "ETEST"."UK_REL" ("BASE_UK_ID", "PRE_UK_ID", "RELATION_REFERENCE" ) values (12, 3, 'KOFIA');
insert into "ETEST"."UK_REL" ("BASE_UK_ID", "PRE_UK_ID", "RELATION_REFERENCE" ) values (5, 4, 'KOFIA');
insert into "ETEST"."UK_REL" ("BASE_UK_ID", "PRE_UK_ID", "RELATION_REFERENCE" ) values (6, 5, 'KOFIA');
insert into "ETEST"."UK_REL" ("BASE_UK_ID", "PRE_UK_ID", "RELATION_REFERENCE" ) values (8, 7, 'KOFIA');
insert into "ETEST"."UK_REL" ("BASE_UK_ID", "PRE_UK_ID", "RELATION_REFERENCE" ) values (9, 8, 'KOFIA');
insert into "ETEST"."UK_REL" ("BASE_UK_ID", "PRE_UK_ID", "RELATION_REFERENCE" ) values (10, 8, 'KOFIA');
insert into "ETEST"."UK_REL" ("BASE_UK_ID", "PRE_UK_ID", "RELATION_REFERENCE" ) values (14, 13, 'KOFIA');
insert into "ETEST"."UK_REL" ("BASE_UK_ID", "PRE_UK_ID", "RELATION_REFERENCE" ) values (19, 13, 'KOFIA');
insert into "ETEST"."UK_REL" ("BASE_UK_ID", "PRE_UK_ID", "RELATION_REFERENCE" ) values (41, 13, 'KOFIA');
insert into "ETEST"."UK_REL" ("BASE_UK_ID", "PRE_UK_ID", "RELATION_REFERENCE" ) values (15, 14, 'KOFIA');
insert into "ETEST"."UK_REL" ("BASE_UK_ID", "PRE_UK_ID", "RELATION_REFERENCE" ) values (16, 15, 'KOFIA');
insert into "ETEST"."UK_REL" ("BASE_UK_ID", "PRE_UK_ID", "RELATION_REFERENCE" ) values (17, 16, 'KOFIA');
insert into "ETEST"."UK_REL" ("BASE_UK_ID", "PRE_UK_ID", "RELATION_REFERENCE" ) values (18, 16, 'KOFIA');
insert into "ETEST"."UK_REL" ("BASE_UK_ID", "PRE_UK_ID", "RELATION_REFERENCE" ) values (20, 19, 'KOFIA');
insert into "ETEST"."UK_REL" ("BASE_UK_ID", "PRE_UK_ID", "RELATION_REFERENCE" ) values (21, 20, 'KOFIA');
insert into "ETEST"."UK_REL" ("BASE_UK_ID", "PRE_UK_ID", "RELATION_REFERENCE" ) values (24, 20, 'KOFIA');
insert into "ETEST"."UK_REL" ("BASE_UK_ID", "PRE_UK_ID", "RELATION_REFERENCE" ) values (27, 20, 'KOFIA');
insert into "ETEST"."UK_REL" ("BASE_UK_ID", "PRE_UK_ID", "RELATION_REFERENCE" ) values (34, 20, 'KOFIA');
insert into "ETEST"."UK_REL" ("BASE_UK_ID", "PRE_UK_ID", "RELATION_REFERENCE" ) values (39, 20, 'KOFIA');
insert into "ETEST"."UK_REL" ("BASE_UK_ID", "PRE_UK_ID", "RELATION_REFERENCE" ) values (40, 20, 'KOFIA');
insert into "ETEST"."UK_REL" ("BASE_UK_ID", "PRE_UK_ID", "RELATION_REFERENCE" ) values (22, 21, 'KOFIA');
insert into "ETEST"."UK_REL" ("BASE_UK_ID", "PRE_UK_ID", "RELATION_REFERENCE" ) values (23, 21, 'KOFIA');
insert into "ETEST"."UK_REL" ("BASE_UK_ID", "PRE_UK_ID", "RELATION_REFERENCE" ) values (25, 24, 'KOFIA');
insert into "ETEST"."UK_REL" ("BASE_UK_ID", "PRE_UK_ID", "RELATION_REFERENCE" ) values (26, 24, 'KOFIA');
insert into "ETEST"."UK_REL" ("BASE_UK_ID", "PRE_UK_ID", "RELATION_REFERENCE" ) values (28, 27, 'KOFIA');
insert into "ETEST"."UK_REL" ("BASE_UK_ID", "PRE_UK_ID", "RELATION_REFERENCE" ) values (29, 27, 'KOFIA');
insert into "ETEST"."UK_REL" ("BASE_UK_ID", "PRE_UK_ID", "RELATION_REFERENCE" ) values (30, 29, 'KOFIA');
insert into "ETEST"."UK_REL" ("BASE_UK_ID", "PRE_UK_ID", "RELATION_REFERENCE" ) values (31, 30, 'KOFIA');
insert into "ETEST"."UK_REL" ("BASE_UK_ID", "PRE_UK_ID", "RELATION_REFERENCE" ) values (32, 30, 'KOFIA');
insert into "ETEST"."UK_REL" ("BASE_UK_ID", "PRE_UK_ID", "RELATION_REFERENCE" ) values (33, 30, 'KOFIA');
insert into "ETEST"."UK_REL" ("BASE_UK_ID", "PRE_UK_ID", "RELATION_REFERENCE" ) values (35, 34, 'KOFIA');
insert into "ETEST"."UK_REL" ("BASE_UK_ID", "PRE_UK_ID", "RELATION_REFERENCE" ) values (36, 34, 'KOFIA');
insert into "ETEST"."UK_REL" ("BASE_UK_ID", "PRE_UK_ID", "RELATION_REFERENCE" ) values (37, 34, 'KOFIA');
insert into "ETEST"."UK_REL" ("BASE_UK_ID", "PRE_UK_ID", "RELATION_REFERENCE" ) values (38, 34, 'KOFIA');
insert into "ETEST"."UK_REL" ("BASE_UK_ID", "PRE_UK_ID", "RELATION_REFERENCE" ) values (10, 39, 'KOFIA');
insert into "ETEST"."UK_REL" ("BASE_UK_ID", "PRE_UK_ID", "RELATION_REFERENCE" ) values (42, 41, 'KOFIA');
insert into "ETEST"."UK_REL" ("BASE_UK_ID", "PRE_UK_ID", "RELATION_REFERENCE" ) values (52, 41, 'KOFIA');
insert into "ETEST"."UK_REL" ("BASE_UK_ID", "PRE_UK_ID", "RELATION_REFERENCE" ) values (55, 41, 'KOFIA');
insert into "ETEST"."UK_REL" ("BASE_UK_ID", "PRE_UK_ID", "RELATION_REFERENCE" ) values (57, 41, 'KOFIA');
insert into "ETEST"."UK_REL" ("BASE_UK_ID", "PRE_UK_ID", "RELATION_REFERENCE" ) values (62, 41, 'KOFIA');
insert into "ETEST"."UK_REL" ("BASE_UK_ID", "PRE_UK_ID", "RELATION_REFERENCE" ) values (93, 41, 'KOFIA');
insert into "ETEST"."UK_REL" ("BASE_UK_ID", "PRE_UK_ID", "RELATION_REFERENCE" ) values (170, 41, 'KOFIA');
insert into "ETEST"."UK_REL" ("BASE_UK_ID", "PRE_UK_ID", "RELATION_REFERENCE" ) values (43, 42, 'KOFIA');
insert into "ETEST"."UK_REL" ("BASE_UK_ID", "PRE_UK_ID", "RELATION_REFERENCE" ) values (45, 42, 'KOFIA');
insert into "ETEST"."UK_REL" ("BASE_UK_ID", "PRE_UK_ID", "RELATION_REFERENCE" ) values (44, 43, 'KOFIA');
insert into "ETEST"."UK_REL" ("BASE_UK_ID", "PRE_UK_ID", "RELATION_REFERENCE" ) values (46, 45, 'KOFIA');
insert into "ETEST"."UK_REL" ("BASE_UK_ID", "PRE_UK_ID", "RELATION_REFERENCE" ) values (47, 45, 'KOFIA');
insert into "ETEST"."UK_REL" ("BASE_UK_ID", "PRE_UK_ID", "RELATION_REFERENCE" ) values (48, 47, 'KOFIA');
insert into "ETEST"."UK_REL" ("BASE_UK_ID", "PRE_UK_ID", "RELATION_REFERENCE" ) values (49, 48, 'KOFIA');
insert into "ETEST"."UK_REL" ("BASE_UK_ID", "PRE_UK_ID", "RELATION_REFERENCE" ) values (50, 48, 'KOFIA');
insert into "ETEST"."UK_REL" ("BASE_UK_ID", "PRE_UK_ID", "RELATION_REFERENCE" ) values (51, 48, 'KOFIA');
insert into "ETEST"."UK_REL" ("BASE_UK_ID", "PRE_UK_ID", "RELATION_REFERENCE" ) values (53, 52, 'KOFIA');
insert into "ETEST"."UK_REL" ("BASE_UK_ID", "PRE_UK_ID", "RELATION_REFERENCE" ) values (54, 52, 'KOFIA');
insert into "ETEST"."UK_REL" ("BASE_UK_ID", "PRE_UK_ID", "RELATION_REFERENCE" ) values (56, 55, 'KOFIA');
insert into "ETEST"."UK_REL" ("BASE_UK_ID", "PRE_UK_ID", "RELATION_REFERENCE" ) values (58, 57, 'KOFIA');
insert into "ETEST"."UK_REL" ("BASE_UK_ID", "PRE_UK_ID", "RELATION_REFERENCE" ) values (59, 58, 'KOFIA');
insert into "ETEST"."UK_REL" ("BASE_UK_ID", "PRE_UK_ID", "RELATION_REFERENCE" ) values (60, 58, 'KOFIA');
insert into "ETEST"."UK_REL" ("BASE_UK_ID", "PRE_UK_ID", "RELATION_REFERENCE" ) values (61, 58, 'KOFIA');
insert into "ETEST"."UK_REL" ("BASE_UK_ID", "PRE_UK_ID", "RELATION_REFERENCE" ) values (63, 62, 'KOFIA');
insert into "ETEST"."UK_REL" ("BASE_UK_ID", "PRE_UK_ID", "RELATION_REFERENCE" ) values (71, 62, 'KOFIA');
insert into "ETEST"."UK_REL" ("BASE_UK_ID", "PRE_UK_ID", "RELATION_REFERENCE" ) values (49, 62, 'KOFIA');
insert into "ETEST"."UK_REL" ("BASE_UK_ID", "PRE_UK_ID", "RELATION_REFERENCE" ) values (64, 63, 'KOFIA');
insert into "ETEST"."UK_REL" ("BASE_UK_ID", "PRE_UK_ID", "RELATION_REFERENCE" ) values (66, 63, 'KOFIA');
insert into "ETEST"."UK_REL" ("BASE_UK_ID", "PRE_UK_ID", "RELATION_REFERENCE" ) values (65, 64, 'KOFIA');
insert into "ETEST"."UK_REL" ("BASE_UK_ID", "PRE_UK_ID", "RELATION_REFERENCE" ) values (47, 65, 'KOFIA');
insert into "ETEST"."UK_REL" ("BASE_UK_ID", "PRE_UK_ID", "RELATION_REFERENCE" ) values (67, 66, 'KOFIA');
insert into "ETEST"."UK_REL" ("BASE_UK_ID", "PRE_UK_ID", "RELATION_REFERENCE" ) values (68, 66, 'KOFIA');
insert into "ETEST"."UK_REL" ("BASE_UK_ID", "PRE_UK_ID", "RELATION_REFERENCE" ) values (69, 66, 'KOFIA');
insert into "ETEST"."UK_REL" ("BASE_UK_ID", "PRE_UK_ID", "RELATION_REFERENCE" ) values (70, 66, 'KOFIA');
insert into "ETEST"."UK_REL" ("BASE_UK_ID", "PRE_UK_ID", "RELATION_REFERENCE" ) values (72, 71, 'KOFIA');
insert into "ETEST"."UK_REL" ("BASE_UK_ID", "PRE_UK_ID", "RELATION_REFERENCE" ) values (73, 71, 'KOFIA');
insert into "ETEST"."UK_REL" ("BASE_UK_ID", "PRE_UK_ID", "RELATION_REFERENCE" ) values (76, 71, 'KOFIA');
insert into "ETEST"."UK_REL" ("BASE_UK_ID", "PRE_UK_ID", "RELATION_REFERENCE" ) values (74, 73, 'KOFIA');
insert into "ETEST"."UK_REL" ("BASE_UK_ID", "PRE_UK_ID", "RELATION_REFERENCE" ) values (75, 73, 'KOFIA');
insert into "ETEST"."UK_REL" ("BASE_UK_ID", "PRE_UK_ID", "RELATION_REFERENCE" ) values (77, 76, 'KOFIA');
insert into "ETEST"."UK_REL" ("BASE_UK_ID", "PRE_UK_ID", "RELATION_REFERENCE" ) values (78, 76, 'KOFIA');
insert into "ETEST"."UK_REL" ("BASE_UK_ID", "PRE_UK_ID", "RELATION_REFERENCE" ) values (92, 76, 'KOFIA');
insert into "ETEST"."UK_REL" ("BASE_UK_ID", "PRE_UK_ID", "RELATION_REFERENCE" ) values (79, 78, 'KOFIA');
insert into "ETEST"."UK_REL" ("BASE_UK_ID", "PRE_UK_ID", "RELATION_REFERENCE" ) values (84, 78, 'KOFIA');
insert into "ETEST"."UK_REL" ("BASE_UK_ID", "PRE_UK_ID", "RELATION_REFERENCE" ) values (80, 79, 'KOFIA');
insert into "ETEST"."UK_REL" ("BASE_UK_ID", "PRE_UK_ID", "RELATION_REFERENCE" ) values (81, 79, 'KOFIA');
insert into "ETEST"."UK_REL" ("BASE_UK_ID", "PRE_UK_ID", "RELATION_REFERENCE" ) values (82, 79, 'KOFIA');
insert into "ETEST"."UK_REL" ("BASE_UK_ID", "PRE_UK_ID", "RELATION_REFERENCE" ) values (83, 79, 'KOFIA');
insert into "ETEST"."UK_REL" ("BASE_UK_ID", "PRE_UK_ID", "RELATION_REFERENCE" ) values (85, 84, 'KOFIA');
insert into "ETEST"."UK_REL" ("BASE_UK_ID", "PRE_UK_ID", "RELATION_REFERENCE" ) values (88, 84, 'KOFIA');
insert into "ETEST"."UK_REL" ("BASE_UK_ID", "PRE_UK_ID", "RELATION_REFERENCE" ) values (86, 85, 'KOFIA');
insert into "ETEST"."UK_REL" ("BASE_UK_ID", "PRE_UK_ID", "RELATION_REFERENCE" ) values (87, 85, 'KOFIA');
insert into "ETEST"."UK_REL" ("BASE_UK_ID", "PRE_UK_ID", "RELATION_REFERENCE" ) values (89, 88, 'KOFIA');
insert into "ETEST"."UK_REL" ("BASE_UK_ID", "PRE_UK_ID", "RELATION_REFERENCE" ) values (90, 88, 'KOFIA');
insert into "ETEST"."UK_REL" ("BASE_UK_ID", "PRE_UK_ID", "RELATION_REFERENCE" ) values (91, 88, 'KOFIA');
insert into "ETEST"."UK_REL" ("BASE_UK_ID", "PRE_UK_ID", "RELATION_REFERENCE" ) values (94, 93, 'KOFIA');
insert into "ETEST"."UK_REL" ("BASE_UK_ID", "PRE_UK_ID", "RELATION_REFERENCE" ) values (150, 93, 'KOFIA');
insert into "ETEST"."UK_REL" ("BASE_UK_ID", "PRE_UK_ID", "RELATION_REFERENCE" ) values (166, 93, 'KOFIA');
insert into "ETEST"."UK_REL" ("BASE_UK_ID", "PRE_UK_ID", "RELATION_REFERENCE" ) values (95, 94, 'KOFIA');
insert into "ETEST"."UK_REL" ("BASE_UK_ID", "PRE_UK_ID", "RELATION_REFERENCE" ) values (96, 95, 'KOFIA');
insert into "ETEST"."UK_REL" ("BASE_UK_ID", "PRE_UK_ID", "RELATION_REFERENCE" ) values (128, 95, 'KOFIA');
insert into "ETEST"."UK_REL" ("BASE_UK_ID", "PRE_UK_ID", "RELATION_REFERENCE" ) values (146, 95, 'KOFIA');
insert into "ETEST"."UK_REL" ("BASE_UK_ID", "PRE_UK_ID", "RELATION_REFERENCE" ) values (97, 96, 'KOFIA');
insert into "ETEST"."UK_REL" ("BASE_UK_ID", "PRE_UK_ID", "RELATION_REFERENCE" ) values (100, 96, 'KOFIA');
insert into "ETEST"."UK_REL" ("BASE_UK_ID", "PRE_UK_ID", "RELATION_REFERENCE" ) values (107, 96, 'KOFIA');
insert into "ETEST"."UK_REL" ("BASE_UK_ID", "PRE_UK_ID", "RELATION_REFERENCE" ) values (108, 96, 'KOFIA');
insert into "ETEST"."UK_REL" ("BASE_UK_ID", "PRE_UK_ID", "RELATION_REFERENCE" ) values (111, 96, 'KOFIA');
insert into "ETEST"."UK_REL" ("BASE_UK_ID", "PRE_UK_ID", "RELATION_REFERENCE" ) values (114, 96, 'KOFIA');
insert into "ETEST"."UK_REL" ("BASE_UK_ID", "PRE_UK_ID", "RELATION_REFERENCE" ) values (118, 96, 'KOFIA');
insert into "ETEST"."UK_REL" ("BASE_UK_ID", "PRE_UK_ID", "RELATION_REFERENCE" ) values (124, 96, 'KOFIA');
insert into "ETEST"."UK_REL" ("BASE_UK_ID", "PRE_UK_ID", "RELATION_REFERENCE" ) values (69, 96, 'KOFIA');
insert into "ETEST"."UK_REL" ("BASE_UK_ID", "PRE_UK_ID", "RELATION_REFERENCE" ) values (127, 96, 'KOFIA');
insert into "ETEST"."UK_REL" ("BASE_UK_ID", "PRE_UK_ID", "RELATION_REFERENCE" ) values (98, 97, 'KOFIA');
insert into "ETEST"."UK_REL" ("BASE_UK_ID", "PRE_UK_ID", "RELATION_REFERENCE" ) values (99, 97, 'KOFIA');
insert into "ETEST"."UK_REL" ("BASE_UK_ID", "PRE_UK_ID", "RELATION_REFERENCE" ) values (1, 98, 'KOFIA');
insert into "ETEST"."UK_REL" ("BASE_UK_ID", "PRE_UK_ID", "RELATION_REFERENCE" ) values (101, 100, 'KOFIA');
insert into "ETEST"."UK_REL" ("BASE_UK_ID", "PRE_UK_ID", "RELATION_REFERENCE" ) values (102, 101, 'KOFIA');
insert into "ETEST"."UK_REL" ("BASE_UK_ID", "PRE_UK_ID", "RELATION_REFERENCE" ) values (103, 102, 'KOFIA');
insert into "ETEST"."UK_REL" ("BASE_UK_ID", "PRE_UK_ID", "RELATION_REFERENCE" ) values (105, 102, 'KOFIA');
insert into "ETEST"."UK_REL" ("BASE_UK_ID", "PRE_UK_ID", "RELATION_REFERENCE" ) values (104, 103, 'KOFIA');
insert into "ETEST"."UK_REL" ("BASE_UK_ID", "PRE_UK_ID", "RELATION_REFERENCE" ) values (74, 105, 'KOFIA');
insert into "ETEST"."UK_REL" ("BASE_UK_ID", "PRE_UK_ID", "RELATION_REFERENCE" ) values (106, 105, 'KOFIA');
insert into "ETEST"."UK_REL" ("BASE_UK_ID", "PRE_UK_ID", "RELATION_REFERENCE" ) values (109, 108, 'KOFIA');
insert into "ETEST"."UK_REL" ("BASE_UK_ID", "PRE_UK_ID", "RELATION_REFERENCE" ) values (110, 108, 'KOFIA');
insert into "ETEST"."UK_REL" ("BASE_UK_ID", "PRE_UK_ID", "RELATION_REFERENCE" ) values (112, 111, 'KOFIA');
insert into "ETEST"."UK_REL" ("BASE_UK_ID", "PRE_UK_ID", "RELATION_REFERENCE" ) values (113, 111, 'KOFIA');
insert into "ETEST"."UK_REL" ("BASE_UK_ID", "PRE_UK_ID", "RELATION_REFERENCE" ) values (115, 114, 'KOFIA');
insert into "ETEST"."UK_REL" ("BASE_UK_ID", "PRE_UK_ID", "RELATION_REFERENCE" ) values (116, 114, 'KOFIA');
insert into "ETEST"."UK_REL" ("BASE_UK_ID", "PRE_UK_ID", "RELATION_REFERENCE" ) values (117, 116, 'KOFIA');
insert into "ETEST"."UK_REL" ("BASE_UK_ID", "PRE_UK_ID", "RELATION_REFERENCE" ) values (119, 118, 'KOFIA');
insert into "ETEST"."UK_REL" ("BASE_UK_ID", "PRE_UK_ID", "RELATION_REFERENCE" ) values (120, 118, 'KOFIA');
insert into "ETEST"."UK_REL" ("BASE_UK_ID", "PRE_UK_ID", "RELATION_REFERENCE" ) values (123, 118, 'KOFIA');
insert into "ETEST"."UK_REL" ("BASE_UK_ID", "PRE_UK_ID", "RELATION_REFERENCE" ) values (121, 120, 'KOFIA');
insert into "ETEST"."UK_REL" ("BASE_UK_ID", "PRE_UK_ID", "RELATION_REFERENCE" ) values (122, 120, 'KOFIA');
insert into "ETEST"."UK_REL" ("BASE_UK_ID", "PRE_UK_ID", "RELATION_REFERENCE" ) values (125, 124, 'KOFIA');
insert into "ETEST"."UK_REL" ("BASE_UK_ID", "PRE_UK_ID", "RELATION_REFERENCE" ) values (126, 125, 'KOFIA');
insert into "ETEST"."UK_REL" ("BASE_UK_ID", "PRE_UK_ID", "RELATION_REFERENCE" ) values (129, 128, 'KOFIA');
insert into "ETEST"."UK_REL" ("BASE_UK_ID", "PRE_UK_ID", "RELATION_REFERENCE" ) values (138, 128, 'KOFIA');
insert into "ETEST"."UK_REL" ("BASE_UK_ID", "PRE_UK_ID", "RELATION_REFERENCE" ) values (144, 128, 'KOFIA');
insert into "ETEST"."UK_REL" ("BASE_UK_ID", "PRE_UK_ID", "RELATION_REFERENCE" ) values (145, 128, 'KOFIA');
insert into "ETEST"."UK_REL" ("BASE_UK_ID", "PRE_UK_ID", "RELATION_REFERENCE" ) values (130, 129, 'KOFIA');
insert into "ETEST"."UK_REL" ("BASE_UK_ID", "PRE_UK_ID", "RELATION_REFERENCE" ) values (135, 129, 'KOFIA');
insert into "ETEST"."UK_REL" ("BASE_UK_ID", "PRE_UK_ID", "RELATION_REFERENCE" ) values (131, 130, 'KOFIA');
insert into "ETEST"."UK_REL" ("BASE_UK_ID", "PRE_UK_ID", "RELATION_REFERENCE" ) values (132, 130, 'KOFIA');
insert into "ETEST"."UK_REL" ("BASE_UK_ID", "PRE_UK_ID", "RELATION_REFERENCE" ) values (133, 130, 'KOFIA');
insert into "ETEST"."UK_REL" ("BASE_UK_ID", "PRE_UK_ID", "RELATION_REFERENCE" ) values (134, 130, 'KOFIA');
insert into "ETEST"."UK_REL" ("BASE_UK_ID", "PRE_UK_ID", "RELATION_REFERENCE" ) values (136, 135, 'KOFIA');
insert into "ETEST"."UK_REL" ("BASE_UK_ID", "PRE_UK_ID", "RELATION_REFERENCE" ) values (137, 135, 'KOFIA');
insert into "ETEST"."UK_REL" ("BASE_UK_ID", "PRE_UK_ID", "RELATION_REFERENCE" ) values (139, 138, 'KOFIA');
insert into "ETEST"."UK_REL" ("BASE_UK_ID", "PRE_UK_ID", "RELATION_REFERENCE" ) values (140, 138, 'KOFIA');
insert into "ETEST"."UK_REL" ("BASE_UK_ID", "PRE_UK_ID", "RELATION_REFERENCE" ) values (141, 138, 'KOFIA');
insert into "ETEST"."UK_REL" ("BASE_UK_ID", "PRE_UK_ID", "RELATION_REFERENCE" ) values (142, 138, 'KOFIA');
insert into "ETEST"."UK_REL" ("BASE_UK_ID", "PRE_UK_ID", "RELATION_REFERENCE" ) values (143, 138, 'KOFIA');
insert into "ETEST"."UK_REL" ("BASE_UK_ID", "PRE_UK_ID", "RELATION_REFERENCE" ) values (147, 146, 'KOFIA');
insert into "ETEST"."UK_REL" ("BASE_UK_ID", "PRE_UK_ID", "RELATION_REFERENCE" ) values (148, 146, 'KOFIA');
insert into "ETEST"."UK_REL" ("BASE_UK_ID", "PRE_UK_ID", "RELATION_REFERENCE" ) values (149, 146, 'KOFIA');
insert into "ETEST"."UK_REL" ("BASE_UK_ID", "PRE_UK_ID", "RELATION_REFERENCE" ) values (151, 150, 'KOFIA');
insert into "ETEST"."UK_REL" ("BASE_UK_ID", "PRE_UK_ID", "RELATION_REFERENCE" ) values (161, 150, 'KOFIA');
insert into "ETEST"."UK_REL" ("BASE_UK_ID", "PRE_UK_ID", "RELATION_REFERENCE" ) values (152, 151, 'KOFIA');
insert into "ETEST"."UK_REL" ("BASE_UK_ID", "PRE_UK_ID", "RELATION_REFERENCE" ) values (156, 151, 'KOFIA');
insert into "ETEST"."UK_REL" ("BASE_UK_ID", "PRE_UK_ID", "RELATION_REFERENCE" ) values (153, 152, 'KOFIA');
insert into "ETEST"."UK_REL" ("BASE_UK_ID", "PRE_UK_ID", "RELATION_REFERENCE" ) values (154, 152, 'KOFIA');
insert into "ETEST"."UK_REL" ("BASE_UK_ID", "PRE_UK_ID", "RELATION_REFERENCE" ) values (155, 152, 'KOFIA');
insert into "ETEST"."UK_REL" ("BASE_UK_ID", "PRE_UK_ID", "RELATION_REFERENCE" ) values (157, 156, 'KOFIA');
insert into "ETEST"."UK_REL" ("BASE_UK_ID", "PRE_UK_ID", "RELATION_REFERENCE" ) values (159, 156, 'KOFIA');
insert into "ETEST"."UK_REL" ("BASE_UK_ID", "PRE_UK_ID", "RELATION_REFERENCE" ) values (160, 156, 'KOFIA');
insert into "ETEST"."UK_REL" ("BASE_UK_ID", "PRE_UK_ID", "RELATION_REFERENCE" ) values (158, 157, 'KOFIA');
insert into "ETEST"."UK_REL" ("BASE_UK_ID", "PRE_UK_ID", "RELATION_REFERENCE" ) values (162, 161, 'KOFIA');
insert into "ETEST"."UK_REL" ("BASE_UK_ID", "PRE_UK_ID", "RELATION_REFERENCE" ) values (165, 161, 'KOFIA');
insert into "ETEST"."UK_REL" ("BASE_UK_ID", "PRE_UK_ID", "RELATION_REFERENCE" ) values (163, 162, 'KOFIA');
insert into "ETEST"."UK_REL" ("BASE_UK_ID", "PRE_UK_ID", "RELATION_REFERENCE" ) values (164, 162, 'KOFIA');
insert into "ETEST"."UK_REL" ("BASE_UK_ID", "PRE_UK_ID", "RELATION_REFERENCE" ) values (167, 166, 'KOFIA');
insert into "ETEST"."UK_REL" ("BASE_UK_ID", "PRE_UK_ID", "RELATION_REFERENCE" ) values (168, 166, 'KOFIA');
insert into "ETEST"."UK_REL" ("BASE_UK_ID", "PRE_UK_ID", "RELATION_REFERENCE" ) values (169, 166, 'KOFIA');
insert into "ETEST"."UK_REL" ("BASE_UK_ID", "PRE_UK_ID", "RELATION_REFERENCE" ) values (171, 170, 'KOFIA');
insert into "ETEST"."UK_REL" ("BASE_UK_ID", "PRE_UK_ID", "RELATION_REFERENCE" ) values (172, 171, 'KOFIA');
insert into "ETEST"."UK_REL" ("BASE_UK_ID", "PRE_UK_ID", "RELATION_REFERENCE" ) values (192, 171, 'KOFIA');
insert into "ETEST"."UK_REL" ("BASE_UK_ID", "PRE_UK_ID", "RELATION_REFERENCE" ) values (195, 171, 'KOFIA');
insert into "ETEST"."UK_REL" ("BASE_UK_ID", "PRE_UK_ID", "RELATION_REFERENCE" ) values (198, 171, 'KOFIA');
insert into "ETEST"."UK_REL" ("BASE_UK_ID", "PRE_UK_ID", "RELATION_REFERENCE" ) values (69, 171, 'KOFIA');
insert into "ETEST"."UK_REL" ("BASE_UK_ID", "PRE_UK_ID", "RELATION_REFERENCE" ) values (245, 171, 'KOFIA');
insert into "ETEST"."UK_REL" ("BASE_UK_ID", "PRE_UK_ID", "RELATION_REFERENCE" ) values (247, 171, 'KOFIA');
insert into "ETEST"."UK_REL" ("BASE_UK_ID", "PRE_UK_ID", "RELATION_REFERENCE" ) values (307, 171, 'KOFIA');
insert into "ETEST"."UK_REL" ("BASE_UK_ID", "PRE_UK_ID", "RELATION_REFERENCE" ) values (309, 171, 'KOFIA');
insert into "ETEST"."UK_REL" ("BASE_UK_ID", "PRE_UK_ID", "RELATION_REFERENCE" ) values (173, 172, 'KOFIA');
insert into "ETEST"."UK_REL" ("BASE_UK_ID", "PRE_UK_ID", "RELATION_REFERENCE" ) values (190, 172, 'KOFIA');
insert into "ETEST"."UK_REL" ("BASE_UK_ID", "PRE_UK_ID", "RELATION_REFERENCE" ) values (174, 173, 'KOFIA');
insert into "ETEST"."UK_REL" ("BASE_UK_ID", "PRE_UK_ID", "RELATION_REFERENCE" ) values (183, 173, 'KOFIA');
insert into "ETEST"."UK_REL" ("BASE_UK_ID", "PRE_UK_ID", "RELATION_REFERENCE" ) values (175, 174, 'KOFIA');
insert into "ETEST"."UK_REL" ("BASE_UK_ID", "PRE_UK_ID", "RELATION_REFERENCE" ) values (181, 174, 'KOFIA');
insert into "ETEST"."UK_REL" ("BASE_UK_ID", "PRE_UK_ID", "RELATION_REFERENCE" ) values (182, 174, 'KOFIA');
insert into "ETEST"."UK_REL" ("BASE_UK_ID", "PRE_UK_ID", "RELATION_REFERENCE" ) values (176, 175, 'KOFIA');
insert into "ETEST"."UK_REL" ("BASE_UK_ID", "PRE_UK_ID", "RELATION_REFERENCE" ) values (177, 176, 'KOFIA');
insert into "ETEST"."UK_REL" ("BASE_UK_ID", "PRE_UK_ID", "RELATION_REFERENCE" ) values (180, 176, 'KOFIA');
insert into "ETEST"."UK_REL" ("BASE_UK_ID", "PRE_UK_ID", "RELATION_REFERENCE" ) values (178, 177, 'KOFIA');
insert into "ETEST"."UK_REL" ("BASE_UK_ID", "PRE_UK_ID", "RELATION_REFERENCE" ) values (179, 177, 'KOFIA');
insert into "ETEST"."UK_REL" ("BASE_UK_ID", "PRE_UK_ID", "RELATION_REFERENCE" ) values (285, 177, 'KOFIA');
insert into "ETEST"."UK_REL" ("BASE_UK_ID", "PRE_UK_ID", "RELATION_REFERENCE" ) values (184, 183, 'KOFIA');
insert into "ETEST"."UK_REL" ("BASE_UK_ID", "PRE_UK_ID", "RELATION_REFERENCE" ) values (187, 183, 'KOFIA');
insert into "ETEST"."UK_REL" ("BASE_UK_ID", "PRE_UK_ID", "RELATION_REFERENCE" ) values (188, 183, 'KOFIA');
insert into "ETEST"."UK_REL" ("BASE_UK_ID", "PRE_UK_ID", "RELATION_REFERENCE" ) values (189, 183, 'KOFIA');
insert into "ETEST"."UK_REL" ("BASE_UK_ID", "PRE_UK_ID", "RELATION_REFERENCE" ) values (185, 184, 'KOFIA');
insert into "ETEST"."UK_REL" ("BASE_UK_ID", "PRE_UK_ID", "RELATION_REFERENCE" ) values (186, 185, 'KOFIA');
insert into "ETEST"."UK_REL" ("BASE_UK_ID", "PRE_UK_ID", "RELATION_REFERENCE" ) values (436, 185, 'KOFIA');
insert into "ETEST"."UK_REL" ("BASE_UK_ID", "PRE_UK_ID", "RELATION_REFERENCE" ) values (191, 190, 'KOFIA');
insert into "ETEST"."UK_REL" ("BASE_UK_ID", "PRE_UK_ID", "RELATION_REFERENCE" ) values (193, 192, 'KOFIA');
insert into "ETEST"."UK_REL" ("BASE_UK_ID", "PRE_UK_ID", "RELATION_REFERENCE" ) values (194, 192, 'KOFIA');
insert into "ETEST"."UK_REL" ("BASE_UK_ID", "PRE_UK_ID", "RELATION_REFERENCE" ) values (196, 195, 'KOFIA');
insert into "ETEST"."UK_REL" ("BASE_UK_ID", "PRE_UK_ID", "RELATION_REFERENCE" ) values (197, 195, 'KOFIA');
insert into "ETEST"."UK_REL" ("BASE_UK_ID", "PRE_UK_ID", "RELATION_REFERENCE" ) values (176, 197, 'KOFIA');
insert into "ETEST"."UK_REL" ("BASE_UK_ID", "PRE_UK_ID", "RELATION_REFERENCE" ) values (199, 198, 'KOFIA');
insert into "ETEST"."UK_REL" ("BASE_UK_ID", "PRE_UK_ID", "RELATION_REFERENCE" ) values (223, 198, 'KOFIA');
insert into "ETEST"."UK_REL" ("BASE_UK_ID", "PRE_UK_ID", "RELATION_REFERENCE" ) values (200, 199, 'KOFIA');
insert into "ETEST"."UK_REL" ("BASE_UK_ID", "PRE_UK_ID", "RELATION_REFERENCE" ) values (204, 199, 'KOFIA');
insert into "ETEST"."UK_REL" ("BASE_UK_ID", "PRE_UK_ID", "RELATION_REFERENCE" ) values (206, 199, 'KOFIA');
insert into "ETEST"."UK_REL" ("BASE_UK_ID", "PRE_UK_ID", "RELATION_REFERENCE" ) values (207, 199, 'KOFIA');
insert into "ETEST"."UK_REL" ("BASE_UK_ID", "PRE_UK_ID", "RELATION_REFERENCE" ) values (209, 199, 'KOFIA');
insert into "ETEST"."UK_REL" ("BASE_UK_ID", "PRE_UK_ID", "RELATION_REFERENCE" ) values (214, 199, 'KOFIA');
insert into "ETEST"."UK_REL" ("BASE_UK_ID", "PRE_UK_ID", "RELATION_REFERENCE" ) values (201, 200, 'KOFIA');
insert into "ETEST"."UK_REL" ("BASE_UK_ID", "PRE_UK_ID", "RELATION_REFERENCE" ) values (202, 200, 'KOFIA');
insert into "ETEST"."UK_REL" ("BASE_UK_ID", "PRE_UK_ID", "RELATION_REFERENCE" ) values (203, 202, 'KOFIA');
insert into "ETEST"."UK_REL" ("BASE_UK_ID", "PRE_UK_ID", "RELATION_REFERENCE" ) values (205, 204, 'KOFIA');
insert into "ETEST"."UK_REL" ("BASE_UK_ID", "PRE_UK_ID", "RELATION_REFERENCE" ) values (208, 207, 'KOFIA');
insert into "ETEST"."UK_REL" ("BASE_UK_ID", "PRE_UK_ID", "RELATION_REFERENCE" ) values (441, 207, 'KOFIA');
insert into "ETEST"."UK_REL" ("BASE_UK_ID", "PRE_UK_ID", "RELATION_REFERENCE" ) values (210, 209, 'KOFIA');
insert into "ETEST"."UK_REL" ("BASE_UK_ID", "PRE_UK_ID", "RELATION_REFERENCE" ) values (213, 209, 'KOFIA');
insert into "ETEST"."UK_REL" ("BASE_UK_ID", "PRE_UK_ID", "RELATION_REFERENCE" ) values (211, 210, 'KOFIA');
insert into "ETEST"."UK_REL" ("BASE_UK_ID", "PRE_UK_ID", "RELATION_REFERENCE" ) values (212, 210, 'KOFIA');
insert into "ETEST"."UK_REL" ("BASE_UK_ID", "PRE_UK_ID", "RELATION_REFERENCE" ) values (215, 214, 'KOFIA');
insert into "ETEST"."UK_REL" ("BASE_UK_ID", "PRE_UK_ID", "RELATION_REFERENCE" ) values (220, 214, 'KOFIA');
insert into "ETEST"."UK_REL" ("BASE_UK_ID", "PRE_UK_ID", "RELATION_REFERENCE" ) values (216, 215, 'KOFIA');
insert into "ETEST"."UK_REL" ("BASE_UK_ID", "PRE_UK_ID", "RELATION_REFERENCE" ) values (218, 215, 'KOFIA');
insert into "ETEST"."UK_REL" ("BASE_UK_ID", "PRE_UK_ID", "RELATION_REFERENCE" ) values (217, 216, 'KOFIA');
insert into "ETEST"."UK_REL" ("BASE_UK_ID", "PRE_UK_ID", "RELATION_REFERENCE" ) values (219, 218, 'KOFIA');
insert into "ETEST"."UK_REL" ("BASE_UK_ID", "PRE_UK_ID", "RELATION_REFERENCE" ) values (221, 220, 'KOFIA');
insert into "ETEST"."UK_REL" ("BASE_UK_ID", "PRE_UK_ID", "RELATION_REFERENCE" ) values (222, 220, 'KOFIA');
insert into "ETEST"."UK_REL" ("BASE_UK_ID", "PRE_UK_ID", "RELATION_REFERENCE" ) values (224, 223, 'KOFIA');
insert into "ETEST"."UK_REL" ("BASE_UK_ID", "PRE_UK_ID", "RELATION_REFERENCE" ) values (235, 223, 'KOFIA');
insert into "ETEST"."UK_REL" ("BASE_UK_ID", "PRE_UK_ID", "RELATION_REFERENCE" ) values (225, 224, 'KOFIA');
insert into "ETEST"."UK_REL" ("BASE_UK_ID", "PRE_UK_ID", "RELATION_REFERENCE" ) values (228, 224, 'KOFIA');
insert into "ETEST"."UK_REL" ("BASE_UK_ID", "PRE_UK_ID", "RELATION_REFERENCE" ) values (232, 224, 'KOFIA');
insert into "ETEST"."UK_REL" ("BASE_UK_ID", "PRE_UK_ID", "RELATION_REFERENCE" ) values (226, 225, 'KOFIA');
insert into "ETEST"."UK_REL" ("BASE_UK_ID", "PRE_UK_ID", "RELATION_REFERENCE" ) values (227, 226, 'KOFIA');
insert into "ETEST"."UK_REL" ("BASE_UK_ID", "PRE_UK_ID", "RELATION_REFERENCE" ) values (229, 228, 'KOFIA');
insert into "ETEST"."UK_REL" ("BASE_UK_ID", "PRE_UK_ID", "RELATION_REFERENCE" ) values (230, 228, 'KOFIA');
insert into "ETEST"."UK_REL" ("BASE_UK_ID", "PRE_UK_ID", "RELATION_REFERENCE" ) values (231, 230, 'KOFIA');
insert into "ETEST"."UK_REL" ("BASE_UK_ID", "PRE_UK_ID", "RELATION_REFERENCE" ) values (233, 232, 'KOFIA');
insert into "ETEST"."UK_REL" ("BASE_UK_ID", "PRE_UK_ID", "RELATION_REFERENCE" ) values (234, 233, 'KOFIA');
insert into "ETEST"."UK_REL" ("BASE_UK_ID", "PRE_UK_ID", "RELATION_REFERENCE" ) values (236, 235, 'KOFIA');
insert into "ETEST"."UK_REL" ("BASE_UK_ID", "PRE_UK_ID", "RELATION_REFERENCE" ) values (237, 236, 'KOFIA');
insert into "ETEST"."UK_REL" ("BASE_UK_ID", "PRE_UK_ID", "RELATION_REFERENCE" ) values (238, 237, 'KOFIA');
insert into "ETEST"."UK_REL" ("BASE_UK_ID", "PRE_UK_ID", "RELATION_REFERENCE" ) values (239, 69, 'KOFIA');
insert into "ETEST"."UK_REL" ("BASE_UK_ID", "PRE_UK_ID", "RELATION_REFERENCE" ) values (242, 69, 'KOFIA');
insert into "ETEST"."UK_REL" ("BASE_UK_ID", "PRE_UK_ID", "RELATION_REFERENCE" ) values (243, 69, 'KOFIA');
insert into "ETEST"."UK_REL" ("BASE_UK_ID", "PRE_UK_ID", "RELATION_REFERENCE" ) values (240, 239, 'KOFIA');
insert into "ETEST"."UK_REL" ("BASE_UK_ID", "PRE_UK_ID", "RELATION_REFERENCE" ) values (241, 239, 'KOFIA');
insert into "ETEST"."UK_REL" ("BASE_UK_ID", "PRE_UK_ID", "RELATION_REFERENCE" ) values (244, 243, 'KOFIA');
insert into "ETEST"."UK_REL" ("BASE_UK_ID", "PRE_UK_ID", "RELATION_REFERENCE" ) values (246, 245, 'KOFIA');
insert into "ETEST"."UK_REL" ("BASE_UK_ID", "PRE_UK_ID", "RELATION_REFERENCE" ) values (248, 247, 'KOFIA');
insert into "ETEST"."UK_REL" ("BASE_UK_ID", "PRE_UK_ID", "RELATION_REFERENCE" ) values (299, 247, 'KOFIA');
insert into "ETEST"."UK_REL" ("BASE_UK_ID", "PRE_UK_ID", "RELATION_REFERENCE" ) values (249, 248, 'KOFIA');
insert into "ETEST"."UK_REL" ("BASE_UK_ID", "PRE_UK_ID", "RELATION_REFERENCE" ) values (250, 248, 'KOFIA');
insert into "ETEST"."UK_REL" ("BASE_UK_ID", "PRE_UK_ID", "RELATION_REFERENCE" ) values (253, 248, 'KOFIA');
insert into "ETEST"."UK_REL" ("BASE_UK_ID", "PRE_UK_ID", "RELATION_REFERENCE" ) values (264, 248, 'KOFIA');
insert into "ETEST"."UK_REL" ("BASE_UK_ID", "PRE_UK_ID", "RELATION_REFERENCE" ) values (280, 248, 'KOFIA');
insert into "ETEST"."UK_REL" ("BASE_UK_ID", "PRE_UK_ID", "RELATION_REFERENCE" ) values (287, 248, 'KOFIA');
insert into "ETEST"."UK_REL" ("BASE_UK_ID", "PRE_UK_ID", "RELATION_REFERENCE" ) values (251, 250, 'KOFIA');
insert into "ETEST"."UK_REL" ("BASE_UK_ID", "PRE_UK_ID", "RELATION_REFERENCE" ) values (252, 250, 'KOFIA');
insert into "ETEST"."UK_REL" ("BASE_UK_ID", "PRE_UK_ID", "RELATION_REFERENCE" ) values (254, 253, 'KOFIA');
insert into "ETEST"."UK_REL" ("BASE_UK_ID", "PRE_UK_ID", "RELATION_REFERENCE" ) values (258, 253, 'KOFIA');
insert into "ETEST"."UK_REL" ("BASE_UK_ID", "PRE_UK_ID", "RELATION_REFERENCE" ) values (262, 253, 'KOFIA');
insert into "ETEST"."UK_REL" ("BASE_UK_ID", "PRE_UK_ID", "RELATION_REFERENCE" ) values (263, 253, 'KOFIA');
insert into "ETEST"."UK_REL" ("BASE_UK_ID", "PRE_UK_ID", "RELATION_REFERENCE" ) values (255, 254, 'KOFIA');
insert into "ETEST"."UK_REL" ("BASE_UK_ID", "PRE_UK_ID", "RELATION_REFERENCE" ) values (256, 255, 'KOFIA');
insert into "ETEST"."UK_REL" ("BASE_UK_ID", "PRE_UK_ID", "RELATION_REFERENCE" ) values (257, 256, 'KOFIA');
insert into "ETEST"."UK_REL" ("BASE_UK_ID", "PRE_UK_ID", "RELATION_REFERENCE" ) values (259, 258, 'KOFIA');
insert into "ETEST"."UK_REL" ("BASE_UK_ID", "PRE_UK_ID", "RELATION_REFERENCE" ) values (260, 259, 'KOFIA');
insert into "ETEST"."UK_REL" ("BASE_UK_ID", "PRE_UK_ID", "RELATION_REFERENCE" ) values (261, 260, 'KOFIA');
insert into "ETEST"."UK_REL" ("BASE_UK_ID", "PRE_UK_ID", "RELATION_REFERENCE" ) values (265, 264, 'KOFIA');
insert into "ETEST"."UK_REL" ("BASE_UK_ID", "PRE_UK_ID", "RELATION_REFERENCE" ) values (268, 264, 'KOFIA');
insert into "ETEST"."UK_REL" ("BASE_UK_ID", "PRE_UK_ID", "RELATION_REFERENCE" ) values (272, 264, 'KOFIA');
insert into "ETEST"."UK_REL" ("BASE_UK_ID", "PRE_UK_ID", "RELATION_REFERENCE" ) values (275, 264, 'KOFIA');
insert into "ETEST"."UK_REL" ("BASE_UK_ID", "PRE_UK_ID", "RELATION_REFERENCE" ) values (266, 265, 'KOFIA');
insert into "ETEST"."UK_REL" ("BASE_UK_ID", "PRE_UK_ID", "RELATION_REFERENCE" ) values (267, 265, 'KOFIA');
insert into "ETEST"."UK_REL" ("BASE_UK_ID", "PRE_UK_ID", "RELATION_REFERENCE" ) values (269, 268, 'KOFIA');
insert into "ETEST"."UK_REL" ("BASE_UK_ID", "PRE_UK_ID", "RELATION_REFERENCE" ) values (270, 268, 'KOFIA');
insert into "ETEST"."UK_REL" ("BASE_UK_ID", "PRE_UK_ID", "RELATION_REFERENCE" ) values (271, 268, 'KOFIA');
insert into "ETEST"."UK_REL" ("BASE_UK_ID", "PRE_UK_ID", "RELATION_REFERENCE" ) values (273, 272, 'KOFIA');
insert into "ETEST"."UK_REL" ("BASE_UK_ID", "PRE_UK_ID", "RELATION_REFERENCE" ) values (274, 272, 'KOFIA');
insert into "ETEST"."UK_REL" ("BASE_UK_ID", "PRE_UK_ID", "RELATION_REFERENCE" ) values (276, 275, 'KOFIA');
insert into "ETEST"."UK_REL" ("BASE_UK_ID", "PRE_UK_ID", "RELATION_REFERENCE" ) values (278, 275, 'KOFIA');
insert into "ETEST"."UK_REL" ("BASE_UK_ID", "PRE_UK_ID", "RELATION_REFERENCE" ) values (277, 276, 'KOFIA');
insert into "ETEST"."UK_REL" ("BASE_UK_ID", "PRE_UK_ID", "RELATION_REFERENCE" ) values (279, 278, 'KOFIA');
insert into "ETEST"."UK_REL" ("BASE_UK_ID", "PRE_UK_ID", "RELATION_REFERENCE" ) values (281, 280, 'KOFIA');
insert into "ETEST"."UK_REL" ("BASE_UK_ID", "PRE_UK_ID", "RELATION_REFERENCE" ) values (283, 280, 'KOFIA');
insert into "ETEST"."UK_REL" ("BASE_UK_ID", "PRE_UK_ID", "RELATION_REFERENCE" ) values (284, 280, 'KOFIA');
insert into "ETEST"."UK_REL" ("BASE_UK_ID", "PRE_UK_ID", "RELATION_REFERENCE" ) values (177, 280, 'KOFIA');
insert into "ETEST"."UK_REL" ("BASE_UK_ID", "PRE_UK_ID", "RELATION_REFERENCE" ) values (286, 280, 'KOFIA');
insert into "ETEST"."UK_REL" ("BASE_UK_ID", "PRE_UK_ID", "RELATION_REFERENCE" ) values (282, 281, 'KOFIA');
insert into "ETEST"."UK_REL" ("BASE_UK_ID", "PRE_UK_ID", "RELATION_REFERENCE" ) values (261, 282, 'KOFIA');
insert into "ETEST"."UK_REL" ("BASE_UK_ID", "PRE_UK_ID", "RELATION_REFERENCE" ) values (259, 283, 'KOFIA');
insert into "ETEST"."UK_REL" ("BASE_UK_ID", "PRE_UK_ID", "RELATION_REFERENCE" ) values (257, 284, 'KOFIA');
insert into "ETEST"."UK_REL" ("BASE_UK_ID", "PRE_UK_ID", "RELATION_REFERENCE" ) values (176, 285, 'KOFIA');
insert into "ETEST"."UK_REL" ("BASE_UK_ID", "PRE_UK_ID", "RELATION_REFERENCE" ) values (288, 287, 'KOFIA');
insert into "ETEST"."UK_REL" ("BASE_UK_ID", "PRE_UK_ID", "RELATION_REFERENCE" ) values (293, 287, 'KOFIA');
insert into "ETEST"."UK_REL" ("BASE_UK_ID", "PRE_UK_ID", "RELATION_REFERENCE" ) values (289, 288, 'KOFIA');
insert into "ETEST"."UK_REL" ("BASE_UK_ID", "PRE_UK_ID", "RELATION_REFERENCE" ) values (290, 288, 'KOFIA');
insert into "ETEST"."UK_REL" ("BASE_UK_ID", "PRE_UK_ID", "RELATION_REFERENCE" ) values (291, 288, 'KOFIA');
insert into "ETEST"."UK_REL" ("BASE_UK_ID", "PRE_UK_ID", "RELATION_REFERENCE" ) values (292, 288, 'KOFIA');
insert into "ETEST"."UK_REL" ("BASE_UK_ID", "PRE_UK_ID", "RELATION_REFERENCE" ) values (294, 293, 'KOFIA');
insert into "ETEST"."UK_REL" ("BASE_UK_ID", "PRE_UK_ID", "RELATION_REFERENCE" ) values (297, 293, 'KOFIA');
insert into "ETEST"."UK_REL" ("BASE_UK_ID", "PRE_UK_ID", "RELATION_REFERENCE" ) values (295, 294, 'KOFIA');
insert into "ETEST"."UK_REL" ("BASE_UK_ID", "PRE_UK_ID", "RELATION_REFERENCE" ) values (296, 295, 'KOFIA');
insert into "ETEST"."UK_REL" ("BASE_UK_ID", "PRE_UK_ID", "RELATION_REFERENCE" ) values (298, 297, 'KOFIA');
insert into "ETEST"."UK_REL" ("BASE_UK_ID", "PRE_UK_ID", "RELATION_REFERENCE" ) values (300, 299, 'KOFIA');
insert into "ETEST"."UK_REL" ("BASE_UK_ID", "PRE_UK_ID", "RELATION_REFERENCE" ) values (301, 300, 'KOFIA');
insert into "ETEST"."UK_REL" ("BASE_UK_ID", "PRE_UK_ID", "RELATION_REFERENCE" ) values (303, 300, 'KOFIA');
insert into "ETEST"."UK_REL" ("BASE_UK_ID", "PRE_UK_ID", "RELATION_REFERENCE" ) values (306, 300, 'KOFIA');
insert into "ETEST"."UK_REL" ("BASE_UK_ID", "PRE_UK_ID", "RELATION_REFERENCE" ) values (302, 301, 'KOFIA');
insert into "ETEST"."UK_REL" ("BASE_UK_ID", "PRE_UK_ID", "RELATION_REFERENCE" ) values (304, 303, 'KOFIA');
insert into "ETEST"."UK_REL" ("BASE_UK_ID", "PRE_UK_ID", "RELATION_REFERENCE" ) values (305, 303, 'KOFIA');
insert into "ETEST"."UK_REL" ("BASE_UK_ID", "PRE_UK_ID", "RELATION_REFERENCE" ) values (308, 307, 'KOFIA');
insert into "ETEST"."UK_REL" ("BASE_UK_ID", "PRE_UK_ID", "RELATION_REFERENCE" ) values (310, 309, 'KOFIA');
insert into "ETEST"."UK_REL" ("BASE_UK_ID", "PRE_UK_ID", "RELATION_REFERENCE" ) values (312, 311, 'KOFIA');
insert into "ETEST"."UK_REL" ("BASE_UK_ID", "PRE_UK_ID", "RELATION_REFERENCE" ) values (315, 311, 'KOFIA');
insert into "ETEST"."UK_REL" ("BASE_UK_ID", "PRE_UK_ID", "RELATION_REFERENCE" ) values (326, 311, 'KOFIA');
insert into "ETEST"."UK_REL" ("BASE_UK_ID", "PRE_UK_ID", "RELATION_REFERENCE" ) values (332, 311, 'KOFIA');
insert into "ETEST"."UK_REL" ("BASE_UK_ID", "PRE_UK_ID", "RELATION_REFERENCE" ) values (340, 311, 'KOFIA');
insert into "ETEST"."UK_REL" ("BASE_UK_ID", "PRE_UK_ID", "RELATION_REFERENCE" ) values (313, 312, 'KOFIA');
insert into "ETEST"."UK_REL" ("BASE_UK_ID", "PRE_UK_ID", "RELATION_REFERENCE" ) values (314, 312, 'KOFIA');
insert into "ETEST"."UK_REL" ("BASE_UK_ID", "PRE_UK_ID", "RELATION_REFERENCE" ) values (316, 315, 'KOFIA');
insert into "ETEST"."UK_REL" ("BASE_UK_ID", "PRE_UK_ID", "RELATION_REFERENCE" ) values (319, 315, 'KOFIA');
insert into "ETEST"."UK_REL" ("BASE_UK_ID", "PRE_UK_ID", "RELATION_REFERENCE" ) values (317, 316, 'KOFIA');
insert into "ETEST"."UK_REL" ("BASE_UK_ID", "PRE_UK_ID", "RELATION_REFERENCE" ) values (318, 316, 'KOFIA');
insert into "ETEST"."UK_REL" ("BASE_UK_ID", "PRE_UK_ID", "RELATION_REFERENCE" ) values (320, 319, 'KOFIA');
insert into "ETEST"."UK_REL" ("BASE_UK_ID", "PRE_UK_ID", "RELATION_REFERENCE" ) values (321, 319, 'KOFIA');
insert into "ETEST"."UK_REL" ("BASE_UK_ID", "PRE_UK_ID", "RELATION_REFERENCE" ) values (325, 319, 'KOFIA');
insert into "ETEST"."UK_REL" ("BASE_UK_ID", "PRE_UK_ID", "RELATION_REFERENCE" ) values (322, 321, 'KOFIA');
insert into "ETEST"."UK_REL" ("BASE_UK_ID", "PRE_UK_ID", "RELATION_REFERENCE" ) values (323, 321, 'KOFIA');
insert into "ETEST"."UK_REL" ("BASE_UK_ID", "PRE_UK_ID", "RELATION_REFERENCE" ) values (324, 321, 'KOFIA');
insert into "ETEST"."UK_REL" ("BASE_UK_ID", "PRE_UK_ID", "RELATION_REFERENCE" ) values (327, 326, 'KOFIA');
insert into "ETEST"."UK_REL" ("BASE_UK_ID", "PRE_UK_ID", "RELATION_REFERENCE" ) values (330, 326, 'KOFIA');
insert into "ETEST"."UK_REL" ("BASE_UK_ID", "PRE_UK_ID", "RELATION_REFERENCE" ) values (331, 326, 'KOFIA');
insert into "ETEST"."UK_REL" ("BASE_UK_ID", "PRE_UK_ID", "RELATION_REFERENCE" ) values (328, 327, 'KOFIA');
insert into "ETEST"."UK_REL" ("BASE_UK_ID", "PRE_UK_ID", "RELATION_REFERENCE" ) values (329, 327, 'KOFIA');
insert into "ETEST"."UK_REL" ("BASE_UK_ID", "PRE_UK_ID", "RELATION_REFERENCE" ) values (333, 332, 'KOFIA');
insert into "ETEST"."UK_REL" ("BASE_UK_ID", "PRE_UK_ID", "RELATION_REFERENCE" ) values (337, 332, 'KOFIA');
insert into "ETEST"."UK_REL" ("BASE_UK_ID", "PRE_UK_ID", "RELATION_REFERENCE" ) values (334, 333, 'KOFIA');
insert into "ETEST"."UK_REL" ("BASE_UK_ID", "PRE_UK_ID", "RELATION_REFERENCE" ) values (335, 333, 'KOFIA');
insert into "ETEST"."UK_REL" ("BASE_UK_ID", "PRE_UK_ID", "RELATION_REFERENCE" ) values (336, 333, 'KOFIA');
insert into "ETEST"."UK_REL" ("BASE_UK_ID", "PRE_UK_ID", "RELATION_REFERENCE" ) values (30, 337, 'KOFIA');
insert into "ETEST"."UK_REL" ("BASE_UK_ID", "PRE_UK_ID", "RELATION_REFERENCE" ) values (338, 337, 'KOFIA');
insert into "ETEST"."UK_REL" ("BASE_UK_ID", "PRE_UK_ID", "RELATION_REFERENCE" ) values (339, 337, 'KOFIA');
insert into "ETEST"."UK_REL" ("BASE_UK_ID", "PRE_UK_ID", "RELATION_REFERENCE" ) values (341, 340, 'KOFIA');
insert into "ETEST"."UK_REL" ("BASE_UK_ID", "PRE_UK_ID", "RELATION_REFERENCE" ) values (342, 340, 'KOFIA');
insert into "ETEST"."UK_REL" ("BASE_UK_ID", "PRE_UK_ID", "RELATION_REFERENCE" ) values (343, 340, 'KOFIA');
insert into "ETEST"."UK_REL" ("BASE_UK_ID", "PRE_UK_ID", "RELATION_REFERENCE" ) values (344, 340, 'KOFIA');
insert into "ETEST"."UK_REL" ("BASE_UK_ID", "PRE_UK_ID", "RELATION_REFERENCE" ) values (345, 344, 'KOFIA');
insert into "ETEST"."UK_REL" ("BASE_UK_ID", "PRE_UK_ID", "RELATION_REFERENCE" ) values (347, 346, 'KOFIA');
insert into "ETEST"."UK_REL" ("BASE_UK_ID", "PRE_UK_ID", "RELATION_REFERENCE" ) values (362, 346, 'KOFIA');
insert into "ETEST"."UK_REL" ("BASE_UK_ID", "PRE_UK_ID", "RELATION_REFERENCE" ) values (380, 346, 'KOFIA');
insert into "ETEST"."UK_REL" ("BASE_UK_ID", "PRE_UK_ID", "RELATION_REFERENCE" ) values (386, 346, 'KOFIA');
insert into "ETEST"."UK_REL" ("BASE_UK_ID", "PRE_UK_ID", "RELATION_REFERENCE" ) values (402, 346, 'KOFIA');
insert into "ETEST"."UK_REL" ("BASE_UK_ID", "PRE_UK_ID", "RELATION_REFERENCE" ) values (411, 346, 'KOFIA');
insert into "ETEST"."UK_REL" ("BASE_UK_ID", "PRE_UK_ID", "RELATION_REFERENCE" ) values (348, 347, 'KOFIA');
insert into "ETEST"."UK_REL" ("BASE_UK_ID", "PRE_UK_ID", "RELATION_REFERENCE" ) values (349, 348, 'KOFIA');
insert into "ETEST"."UK_REL" ("BASE_UK_ID", "PRE_UK_ID", "RELATION_REFERENCE" ) values (350, 349, 'KOFIA');
insert into "ETEST"."UK_REL" ("BASE_UK_ID", "PRE_UK_ID", "RELATION_REFERENCE" ) values (351, 349, 'KOFIA');
insert into "ETEST"."UK_REL" ("BASE_UK_ID", "PRE_UK_ID", "RELATION_REFERENCE" ) values (352, 349, 'KOFIA');
insert into "ETEST"."UK_REL" ("BASE_UK_ID", "PRE_UK_ID", "RELATION_REFERENCE" ) values (354, 349, 'KOFIA');
insert into "ETEST"."UK_REL" ("BASE_UK_ID", "PRE_UK_ID", "RELATION_REFERENCE" ) values (359, 349, 'KOFIA');
insert into "ETEST"."UK_REL" ("BASE_UK_ID", "PRE_UK_ID", "RELATION_REFERENCE" ) values (361, 349, 'KOFIA');
insert into "ETEST"."UK_REL" ("BASE_UK_ID", "PRE_UK_ID", "RELATION_REFERENCE" ) values (353, 352, 'KOFIA');
insert into "ETEST"."UK_REL" ("BASE_UK_ID", "PRE_UK_ID", "RELATION_REFERENCE" ) values (355, 354, 'KOFIA');
insert into "ETEST"."UK_REL" ("BASE_UK_ID", "PRE_UK_ID", "RELATION_REFERENCE" ) values (356, 354, 'KOFIA');
insert into "ETEST"."UK_REL" ("BASE_UK_ID", "PRE_UK_ID", "RELATION_REFERENCE" ) values (357, 356, 'KOFIA');
insert into "ETEST"."UK_REL" ("BASE_UK_ID", "PRE_UK_ID", "RELATION_REFERENCE" ) values (358, 356, 'KOFIA');
insert into "ETEST"."UK_REL" ("BASE_UK_ID", "PRE_UK_ID", "RELATION_REFERENCE" ) values (360, 359, 'KOFIA');
insert into "ETEST"."UK_REL" ("BASE_UK_ID", "PRE_UK_ID", "RELATION_REFERENCE" ) values (363, 362, 'KOFIA');
insert into "ETEST"."UK_REL" ("BASE_UK_ID", "PRE_UK_ID", "RELATION_REFERENCE" ) values (368, 362, 'KOFIA');
insert into "ETEST"."UK_REL" ("BASE_UK_ID", "PRE_UK_ID", "RELATION_REFERENCE" ) values (364, 363, 'KOFIA');
insert into "ETEST"."UK_REL" ("BASE_UK_ID", "PRE_UK_ID", "RELATION_REFERENCE" ) values (365, 363, 'KOFIA');
insert into "ETEST"."UK_REL" ("BASE_UK_ID", "PRE_UK_ID", "RELATION_REFERENCE" ) values (367, 363, 'KOFIA');
insert into "ETEST"."UK_REL" ("BASE_UK_ID", "PRE_UK_ID", "RELATION_REFERENCE" ) values (366, 365, 'KOFIA');
insert into "ETEST"."UK_REL" ("BASE_UK_ID", "PRE_UK_ID", "RELATION_REFERENCE" ) values (200, 366, 'KOFIA');
insert into "ETEST"."UK_REL" ("BASE_UK_ID", "PRE_UK_ID", "RELATION_REFERENCE" ) values (369, 368, 'KOFIA');
insert into "ETEST"."UK_REL" ("BASE_UK_ID", "PRE_UK_ID", "RELATION_REFERENCE" ) values (370, 369, 'KOFIA');
insert into "ETEST"."UK_REL" ("BASE_UK_ID", "PRE_UK_ID", "RELATION_REFERENCE" ) values (371, 369, 'KOFIA');
insert into "ETEST"."UK_REL" ("BASE_UK_ID", "PRE_UK_ID", "RELATION_REFERENCE" ) values (372, 371, 'KOFIA');
insert into "ETEST"."UK_REL" ("BASE_UK_ID", "PRE_UK_ID", "RELATION_REFERENCE" ) values (377, 371, 'KOFIA');
insert into "ETEST"."UK_REL" ("BASE_UK_ID", "PRE_UK_ID", "RELATION_REFERENCE" ) values (373, 372, 'KOFIA');
insert into "ETEST"."UK_REL" ("BASE_UK_ID", "PRE_UK_ID", "RELATION_REFERENCE" ) values (374, 372, 'KOFIA');
insert into "ETEST"."UK_REL" ("BASE_UK_ID", "PRE_UK_ID", "RELATION_REFERENCE" ) values (375, 372, 'KOFIA');
insert into "ETEST"."UK_REL" ("BASE_UK_ID", "PRE_UK_ID", "RELATION_REFERENCE" ) values (376, 372, 'KOFIA');
insert into "ETEST"."UK_REL" ("BASE_UK_ID", "PRE_UK_ID", "RELATION_REFERENCE" ) values (378, 377, 'KOFIA');

------- End of ETEST.UK_REL -------



------- Begin of ETEST.PROBLEM-------

insert into "ETEST"."PROBLEM" ("PROB_ID", "ANSWER_TYPE", "QUESTION", "SOLUTION", "DIFFICULTY", "CATEGORY", "PART", "IMG_SRC", "TIME_RECOMMENDATION", "CREATOR_ID", "CREATE_DATE", "VALIDATOR_ID", "VALIDATE_DATE", "EDITOR_ID", "EDIT_DATE", "SOURCE", "INTENTION" ) values (1, 'MULTIPLE_CHOICE_WO_PASSAGE', '[{"data": "3년 간 주식투자로 다음과 같은 현금흐름이 발생했을 때, 보유기간 동안 수익률로 올바른 것은?", "type": "QUESTION_TEXT"}]', '[{"data": 2, "type": "MULTIPLE_CHOICE_CORRECT_ANSWER"}, {"data": "투자에서 발생하는 수익률은 다음과 같이 계산한다. 먼저 주식과 채권과 같은 투자 자산을 매도한 가격에서 이를 매입할 때 들어간 금액을 뺀 시세 차익과 채권 이자와 주식 배당처럼 투자 자산에서 발생한 현금흐름을 더한다. 그리로 수수료 등 비용을 차감한다. 이렇게 계산한 금액을 매입 금액으로 나눈 다음 100을 곱해 퍼센트(%)로 환산하면 수익률을 계산할 수 있다. \n\n수익률=(매도 금액-매입 금액±보유 기간 중 현금흐름-비용)/(매입 금액)  ×100\n          =  (120만원-100만원+10만원-5만원)/100만원  ×100 = 25% ", "type": "SOLUTION_TEXT"}]', '하', '미니테스트', null, null, null, '이장영', TO_DATE('2021/06/28 00:00:00', 'YYYY/MM/DD HH24:MI:SS'), null, null, null, null, '집필진 출제', '투자수익률 계산');
insert into "ETEST"."PROBLEM" ("PROB_ID", "ANSWER_TYPE", "QUESTION", "SOLUTION", "DIFFICULTY", "CATEGORY", "PART", "IMG_SRC", "TIME_RECOMMENDATION", "CREATOR_ID", "CREATE_DATE", "VALIDATOR_ID", "VALIDATE_DATE", "EDITOR_ID", "EDIT_DATE", "SOURCE", "INTENTION" ) values (2, 'MULTIPLE_CHOICE_WO_PASSAGE', '[{"data": "1,000만원을 연 복리 6%로 투자해서 2,000만원으로 만드는데 걸리는 시간으로 가장 올바른 것은? (근사치로 구하시오)", "type": "QUESTION_TEXT"}]', '[{"data": 4, "type": "MULTIPLE_CHOICE_CORRECT_ANSWER"}, {"data": "72의 법칙은 복리를 전제로 자산이 2배로 늘어나는 데 걸리는 시간을 손쉽게 계산하는 방식이다. 72를 해당 수익률로 나누면 대략적으로 원금의 2배가 되는 기간을 산출할 수 있다.  \n\n72÷금리= 원금이 2배가 되는 시기(연)\n\n따라서 1000만원의 돈을 연 6%의 복리 상품에 투자하면 원금이 2배가 되는 데 걸리는 시간은 12년(72÷6=12)이다. ", "type": "SOLUTION_TEXT"}]', '중', '미니테스트', null, null, null, '이장영', TO_DATE('2021/06/28 00:00:00', 'YYYY/MM/DD HH24:MI:SS'), null, null, null, null, '집필진 출제', '72의 법칙 활용');
insert into "ETEST"."PROBLEM" ("PROB_ID", "ANSWER_TYPE", "QUESTION", "SOLUTION", "DIFFICULTY", "CATEGORY", "PART", "IMG_SRC", "TIME_RECOMMENDATION", "CREATOR_ID", "CREATE_DATE", "VALIDATOR_ID", "VALIDATE_DATE", "EDITOR_ID", "EDIT_DATE", "SOURCE", "INTENTION" ) values (3, 'MULTIPLE_CHOICE_WO_PASSAGE', '[{"data": "장기 투자성과에 가장 큰 영향을 미치는 것으로 올바른 것은?", "type": "QUESTION_TEXT"}]', '[{"data": 1, "type": "MULTIPLE_CHOICE_CORRECT_ANSWER"}, {"data": "투자 전략을 실행하는 과정에서 투자자는 자산 배분, 종목 선정, 투자 시기 포착이라는 3가지 문제에 직면한다. 이중 투자성과에 가장 큰 영향을 미치는 것은 자산배분이다. 1974~1983년 91개의 대규모 연금 플랜을 연구한 결과, 자산 배분이 포트폴리오 운용 성과에 91.5%의 영향을 미치는 것으로 나타났고, 증권 선택(2.7%)과 시장 예측(1.8%)이 미치는 영향은 미미했다.", "type": "SOLUTION_TEXT"}]', '하', '미니테스트', null, null, null, '이장영', TO_DATE('2021/06/28 00:00:00', 'YYYY/MM/DD HH24:MI:SS'), null, null, null, null, '집필진 출제', '자산배분 중요성 이해');
insert into "ETEST"."PROBLEM" ("PROB_ID", "ANSWER_TYPE", "QUESTION", "SOLUTION", "DIFFICULTY", "CATEGORY", "PART", "IMG_SRC", "TIME_RECOMMENDATION", "CREATOR_ID", "CREATE_DATE", "VALIDATOR_ID", "VALIDATE_DATE", "EDITOR_ID", "EDIT_DATE", "SOURCE", "INTENTION" ) values (4, 'MULTIPLE_CHOICE_WO_PASSAGE', '[{"data": "증권시장이 효율적이라고 전제하는 소극적 투자 관리 전술에 설명으로 가장 거리가 먼 것은?", "type": "QUESTION_TEXT"}]', '[{"data": 4, "type": "MULTIPLE_CHOICE_CORRECT_ANSWER"}, {"data": "전략적 차원에서 결정된 자산 배분의 범위 내에서, 최적의 투자 대안을 선정하는 전술적 차원에서의 대응은 적극적 투자 관리와 소극적 투자 관리로 나눌 수 있다. 이중 소극적 투자 관리(Passive Investment Style)는 증권시장이 효율적이기기 때문에 과대평가 또는 과소평가 된 증권을 찾기 어렵다고 생각한다. 구체적인 종목을 분석하거나 독자적으로 판단하지 않고, 시장 전체의 일반적인 예측을 그대로 받아들여 정보 비용을 줄이고 매수와 매도를 최소화해 거래 비용을 줄인다. 단순 매수 후 보유하는 전략, 인덱스펀드와 ETF를 활용한 투자, 정액 분할 투자가 여기에 해당된다. 일부 종목에 집중투자하는 것은 적극적 투자관리 전략에 해당한다.", "type": "SOLUTION_TEXT"}]', '하', '미니테스트', null, null, null, '이장영', TO_DATE('2021/07/01 00:00:00', 'YYYY/MM/DD HH24:MI:SS'), null, null, null, null, '집필진 출제', '소극적 투자관리 이해');
insert into "ETEST"."PROBLEM" ("PROB_ID", "ANSWER_TYPE", "QUESTION", "SOLUTION", "DIFFICULTY", "CATEGORY", "PART", "IMG_SRC", "TIME_RECOMMENDATION", "CREATOR_ID", "CREATE_DATE", "VALIDATOR_ID", "VALIDATE_DATE", "EDITOR_ID", "EDIT_DATE", "SOURCE", "INTENTION" ) values (5, 'MULTIPLE_CHOICE_W_PASSAGE', '[{"data": "주당장부가치비율에 대한 설명으로 올바른 것을 모두 고르시오.", "type": "QUESTION_TEXT"}, {"data": "[가. 주가를 주당 순자산으로 나눈 값이다, \n나. 이 지표가 1보다 낮다면 청산가치가 현재 주가보다 많다는 의미이다,\n다. 성장성이 높은 기업은 일반적으로 이 지표가 높게 산출된다,\n라. 보유하고 있는 공장이나 부동산 등 자산이 많아질수록 이 지표는 낮게 산출된다,\n마. 이 지표의 절대적인 적정 수준이 존재하지 않는다]", "type": "PREFACED_EXAMPLE_BOX_TEXT"}]', '[{"data": 4, "type": "MULTIPLE_CHOICE_CORRECT_ANSWER"}, {"data": "PBR은 주가를 주당순자산으로 나눈 값으로, 기업이 청산된다고 가정할 때 주주가 건질 수 있는 청산가치의 규모를 주가와 비교하는 지표이다. PBR이 1보다 낮다는 것은 청산가치가 주가보다 크다는 것을 의미하며, 대부분 자산이 많은 기업들의 PBR이 상대적으로 낮은 편이다. 보유 자산은 적지만 성장성에 대한 기대가 높아 주가가 비싸게 형성되는 기업의 PBR은 상대적으로 높은 편이다. PER과 마찬가지로 PBR 역시 절대적인 적정 수준은 존재하지 않으면 상대적 비교에 유용하다.", "type": "SOLUTION_TEXT"}]', '상', '미니테스트', null, null, null, '이장영', TO_DATE('2021/06/15 00:00:00', 'YYYY/MM/DD HH24:MI:SS'), null, null, null, null, '집필진 출제', '주식가치지표의 이해');
insert into "ETEST"."PROBLEM" ("PROB_ID", "ANSWER_TYPE", "QUESTION", "SOLUTION", "DIFFICULTY", "CATEGORY", "PART", "IMG_SRC", "TIME_RECOMMENDATION", "CREATOR_ID", "CREATE_DATE", "VALIDATOR_ID", "VALIDATE_DATE", "EDITOR_ID", "EDIT_DATE", "SOURCE", "INTENTION" ) values (6, 'MULTIPLE_CHOICE_WO_PASSAGE', '[{"data": "재무제표에 포함되는 항목으로 가장 거리가 먼 것은?", "type": "QUESTION_TEXT"}]', '[{"data": 4, "type": "MULTIPLE_CHOICE_CORRECT_ANSWER"}, {"data": "재무제표는 기업의 모든 경영활동을 회계처리 방식으로 정리한 경영성적표이다. 재무제표는 크게 재무상태표와 손익계산서, 현금흐름표와 자본변동표, 그리고 주석으로 이루어진다.\n지문 1의 재무상태표는 자산/부채/자본으로 구성된 기업의 재무상태를 보여준다.\n지문 2의 현금흐름표는 일정 기간의 현금성 자산의 조달과 지출내역을 보여준다\n지문 3의 주석은 재무상태표 등의 보완설명 등 회계정책과 근거, 질적 정보 등 보충설명을 제공하는 참고사항이다.\n지문 4의 산업연관표는 한국은행이 작성하는 국민계정 분석도표로, 생산과정에 포함된 재화와 서비스의 생산과 처분을 경제활동별로 파악할 수 있는 표이다.", "type": "SOLUTION_TEXT"}]', '하', '미니테스트', null, null, null, '이장영', TO_DATE('2021/07/01 00:00:00', 'YYYY/MM/DD HH24:MI:SS'), null, null, null, null, '집필진 출제', '재무제표 이해');
insert into "ETEST"."PROBLEM" ("PROB_ID", "ANSWER_TYPE", "QUESTION", "SOLUTION", "DIFFICULTY", "CATEGORY", "PART", "IMG_SRC", "TIME_RECOMMENDATION", "CREATOR_ID", "CREATE_DATE", "VALIDATOR_ID", "VALIDATE_DATE", "EDITOR_ID", "EDIT_DATE", "SOURCE", "INTENTION" ) values (7, 'MULTIPLE_CHOICE_WO_PASSAGE', '[{"data": "\"삼성전자 우\"에 대한 설명으로 가장 거리가 먼 것은?", "type": "QUESTION_TEXT"}]', '[{"data": 2, "type": "MULTIPLE_CHOICE_CORRECT_ANSWER"}, {"data": "주권 중 보통주와 우선주의 구분은 무엇보다 의결권의 유무이다. 주주총회에서 안건에 대해 투표를 통해 표결에 참여할 수 있는 주주는 보통주를 보유한 주주이며, 우선주는 의결권은 없는 대신 이익배당에서 우선 순위에 있다. 일반적으로 국내에서 우선주는 보통주보다 배당률이 높은 편이다.", "type": "SOLUTION_TEXT"}]', '하', '미니테스트', null, null, null, '이장영', TO_DATE('2021/06/21 00:00:00', 'YYYY/MM/DD HH24:MI:SS'), null, null, null, null, '집필진 출제', '우선주 이해');
insert into "ETEST"."PROBLEM" ("PROB_ID", "ANSWER_TYPE", "QUESTION", "SOLUTION", "DIFFICULTY", "CATEGORY", "PART", "IMG_SRC", "TIME_RECOMMENDATION", "CREATOR_ID", "CREATE_DATE", "VALIDATOR_ID", "VALIDATE_DATE", "EDITOR_ID", "EDIT_DATE", "SOURCE", "INTENTION" ) values (8, 'MULTIPLE_CHOICE_WO_PASSAGE', '[{"data": "캔들챠트에 대한 설명으로 가장 거리가 먼 것은?", "type": "QUESTION_TEXT"}]', '[{"data": 4, "type": "MULTIPLE_CHOICE_CORRECT_ANSWER"}, {"data": "국내 주식시장에서 활용하는 챠트는 대부분 캔들챠트이다. 일중에 관찰되는 시가와 고가, 저가와 종가를 한 개의 몸통에서 모두 표시할 수 있다. 국내에서는 시가보다 종가가 높다면 몸통을 빨간색으로 칠하고, 시가보다 종가가 낮다면 몸통을 파란색으로 표시한다. 장중 고가와 저가는 몸통 위아래에 선으로 표시한다. \n따라서 캔들챠트의 위에서 아래까지의 길이가 장중 가격 등락의 폭을 보여준다. 위에서 아래까지의 길이기 길어질수록, 장중 가격등락이 큰 편임을 알 수 있다. 캔들챠트는 일중 주가의 흐름과 변동성을 동시에 보여준다.", "type": "SOLUTION_TEXT"}]', '하', '미니테스트', null, null, null, '이장영', TO_DATE('2021/06/22 00:00:00', 'YYYY/MM/DD HH24:MI:SS'), null, null, null, null, '집필진 출제', '캔들챠트 이해');
insert into "ETEST"."PROBLEM" ("PROB_ID", "ANSWER_TYPE", "QUESTION", "SOLUTION", "DIFFICULTY", "CATEGORY", "PART", "IMG_SRC", "TIME_RECOMMENDATION", "CREATOR_ID", "CREATE_DATE", "VALIDATOR_ID", "VALIDATE_DATE", "EDITOR_ID", "EDIT_DATE", "SOURCE", "INTENTION" ) values (9, 'MULTIPLE_CHOICE_WO_PASSAGE', '[{"data": "중앙은행이 금리인하를 통해 시중금리의 하락을 유도할 때 경제에 끼칠 것으로 예상되는 영향으로 가장 거리가 먼 것은?", "type": "QUESTION_TEXT"}]', '[{"data": 1, "type": "MULTIPLE_CHOICE_CORRECT_ANSWER"}, {"data": "중앙은행의 금리인하는 시중 유동성을 저축 등 이자상품에서 실물경제 분야로 이동시켜 경제를 활성화시키려는 노력의 일환이다.", "type": "SOLUTION_TEXT"}]', '하', '미니테스트', null, null, null, '이장영', TO_DATE('2021/07/01 00:00:00', 'YYYY/MM/DD HH24:MI:SS'), null, null, null, null, '집필진 출제', '기준금리 영향 이해');
insert into "ETEST"."PROBLEM" ("PROB_ID", "ANSWER_TYPE", "QUESTION", "SOLUTION", "DIFFICULTY", "CATEGORY", "PART", "IMG_SRC", "TIME_RECOMMENDATION", "CREATOR_ID", "CREATE_DATE", "VALIDATOR_ID", "VALIDATE_DATE", "EDITOR_ID", "EDIT_DATE", "SOURCE", "INTENTION" ) values (10, 'MULTIPLE_CHOICE_W_PASSAGE', '[{"data": "<보기>의 (    ) 안에 들어갈 말로 가장 올바른 것은?", "type": "QUESTION_TEXT"}, {"data": "[일반적으로 경기가 좋아지면 주가는 상승하나 채권 가격이 하락하고, 반대로 경기가 나빠지면 주가는 하락하나 채권 가격이 상승한다. 이는 경기라는 변수에 대해서 주식과 채권 가격이 (         )이기 때문이다]", "type": "EXAMPLE_BOX_TEXT"}]', '[{"data": 3, "type": "MULTIPLE_CHOICE_CORRECT_ANSWER"}, {"data": "상관계수는 -1부터 +1까지 산출되며, +1은 완전히 같은 방향으로 움직이는 것을, -1은 완전히 반대 방향으로 움직이는 것을 의미한다. 상관계수가 마이너스 라는 것은 대체로 반대방향으로 움직인다는 것을 의미한다.", "type": "SOLUTION_TEXT"}]', '하', '미니테스트', null, null, null, '이장영', TO_DATE('2021/07/01 00:00:00', 'YYYY/MM/DD HH24:MI:SS'), null, null, null, null, '집필진 출제', '상관계수 이해');
insert into "ETEST"."PROBLEM" ("PROB_ID", "ANSWER_TYPE", "QUESTION", "SOLUTION", "DIFFICULTY", "CATEGORY", "PART", "IMG_SRC", "TIME_RECOMMENDATION", "CREATOR_ID", "CREATE_DATE", "VALIDATOR_ID", "VALIDATE_DATE", "EDITOR_ID", "EDIT_DATE", "SOURCE", "INTENTION" ) values (11, 'MULTIPLE_CHOICE_WO_PASSAGE', '[{"data": "증시주변 자금에 대한 설명으로 가장 거리가 먼 것은?", "type": "QUESTION_TEXT"}]', '[{"data": 1, "type": "MULTIPLE_CHOICE_CORRECT_ANSWER"}, {"data": "일부 전문가는 고객예탁금에서 신용잔고를 차감한 금액을 종합 증시주변자금으로 계측하기도 한다. ", "type": "SOLUTION_TEXT"}]', '상', '미니테스트', null, null, null, '이장영', TO_DATE('2021/07/01 00:00:00', 'YYYY/MM/DD HH24:MI:SS'), null, null, null, null, '집필진 출제', '증시주변자금 이해');
insert into "ETEST"."PROBLEM" ("PROB_ID", "ANSWER_TYPE", "QUESTION", "SOLUTION", "DIFFICULTY", "CATEGORY", "PART", "IMG_SRC", "TIME_RECOMMENDATION", "CREATOR_ID", "CREATE_DATE", "VALIDATOR_ID", "VALIDATE_DATE", "EDITOR_ID", "EDIT_DATE", "SOURCE", "INTENTION" ) values (12, 'MULTIPLE_CHOICE_WO_PASSAGE', '[{"data": "환율과 경제의 상호관계에 관한 설명으로 가장 거리가 먼 것은?", "type": "QUESTION_TEXT"}]', '[{"data": 3, "type": "MULTIPLE_CHOICE_CORRECT_ANSWER"}, {"data": "수 많은 국가들이 자국의 통화가치를 약하게 하여 외국 통화의 유입을 유도하는 물밑 정책을 펼치고 있다. 이른바 전 세계적으로 확산되어 있는 소리없는 전쟁, 환율전쟁이 그것이다.", "type": "SOLUTION_TEXT"}]', '상', '미니테스트', null, null, null, '이장영', TO_DATE('2021/07/01 00:00:00', 'YYYY/MM/DD HH24:MI:SS'), null, null, null, null, '집필진 출제', '환율의 영향 이해');
insert into "ETEST"."PROBLEM" ("PROB_ID", "ANSWER_TYPE", "QUESTION", "SOLUTION", "DIFFICULTY", "CATEGORY", "PART", "IMG_SRC", "TIME_RECOMMENDATION", "CREATOR_ID", "CREATE_DATE", "VALIDATOR_ID", "VALIDATE_DATE", "EDITOR_ID", "EDIT_DATE", "SOURCE", "INTENTION" ) values (13, 'MULTIPLE_CHOICE_WO_PASSAGE', '[{"data": "행동편향을 통한 실수가 금융투자상품과 서비스를 선택할 때 빈번히 발생하는 이유에 대한 설명으로 가장 거리가 먼 것은?", "type": "QUESTION_TEXT"}]', '[{"data": 3, "type": "MULTIPLE_CHOICE_CORRECT_ANSWER"}, {"data": "지문 1의 경우, 금융상품에 대한 학습경험의 기회가 적기 때문에 행동편향에 따라 행동한다.\n지문 2의 경우, 많은 금융투자 의사결정이 비용 대비 효용을 따지기보다는 스트레스, 걱정, 손실이나 후회에 대한 두려움에 떠밀려 의사결정을 한다.\n지문 3의 경우, 금융소비자가 행동편향에 따라 투자의사를 결정하면 혹독한 대가를 치룬 후 후회하는 모습을 반복할 수 있다. 이런 투자의사결정의 실수를 극복하기 위해서 내가 가진 행동편향을 이해할 필요가 있다.\n지문 4의 경우, 대부분의 금융투자자들은 금융투자상품을 복잡하게 여겨서 제대로 알고 의사결정을 하려는 시간과 노력을 기울이지 않고 행동편향에 따라 선택한다.\n", "type": "SOLUTION_TEXT"}]', '중', '미니테스트', null, null, null, '이장영', TO_DATE('2021/07/01 00:00:00', 'YYYY/MM/DD HH24:MI:SS'), null, null, null, null, '집필진 출제', '행동편향 발생이유 이해');
insert into "ETEST"."PROBLEM" ("PROB_ID", "ANSWER_TYPE", "QUESTION", "SOLUTION", "DIFFICULTY", "CATEGORY", "PART", "IMG_SRC", "TIME_RECOMMENDATION", "CREATOR_ID", "CREATE_DATE", "VALIDATOR_ID", "VALIDATE_DATE", "EDITOR_ID", "EDIT_DATE", "SOURCE", "INTENTION" ) values (14, 'MULTIPLE_CHOICE_WO_PASSAGE', '[{"data": "군중심리는 주식시장이 급격히 오르거나 떨어질 때 자주 작동하여 시장을 과열시키거나 쉽게 얼어붙게 한다. 이러한 군중심리에 대한 설명으로 가장 거리가 먼 것은?", "type": "QUESTION_TEXT"}]', '[{"data": 2, "type": "MULTIPLE_CHOICE_CORRECT_ANSWER"}, {"data": "군중심리의 기저에는 사회에 순응하고 군중에서 소외되고 싶지 않은 인간의 본능이 깔려 있다. 이에 따라 남들이 투자를 통해 돈을 벌었다거나 하면 거기서 소외되지 않게 투자에 뛰어든다. 경험이 적은 금융투자자이거나, 자신감이 없는 금융투자자일수록 군중심리에 더 취약하다.", "type": "SOLUTION_TEXT"}]', '하', '미니테스트', null, null, null, '이장영', TO_DATE('2021/07/01 00:00:00', 'YYYY/MM/DD HH24:MI:SS'), null, null, null, null, '집필진 출제', '군중심리편향 이해');
insert into "ETEST"."PROBLEM" ("PROB_ID", "ANSWER_TYPE", "QUESTION", "SOLUTION", "DIFFICULTY", "CATEGORY", "PART", "IMG_SRC", "TIME_RECOMMENDATION", "CREATOR_ID", "CREATE_DATE", "VALIDATOR_ID", "VALIDATE_DATE", "EDITOR_ID", "EDIT_DATE", "SOURCE", "INTENTION" ) values (15, 'MULTIPLE_CHOICE_W_PASSAGE', '[{"data": "<보기>의 (    ) 안에 들어갈 말로 가장 올바른 것은?", "type": "QUESTION_TEXT"}, {"data": "[2001년 바버와 오딘 교수는 주식투자에 있어서 남녀간 차이가 뚜렷이 존재한다는 연구 결과를 발표했다. 이 연구를 통해 남자가 여자보다 (     )편향이 높고, 주식투자에 있어서 남자는 (     )편향으로 인한 과다한 거래로 여자보다 수익률이 낮다고 밝혔다.]", "type": "EXAMPLE_BOX_TEXT"}]', '[{"data": 1, "type": "MULTIPLE_CHOICE_CORRECT_ANSWER"}, {"data": "UC-Davis 바버(Brad Barber) 교수와 UC-Berkeley의 오딘(Terrance Odean) 교수는 1991년부터 1997년까지 6년간 무려 35,000 가구의 주식계좌를 살펴본 후 주식투자에 있어서 남녀간 성(性)적 차이가 뚜렷이 존재한다는 연구 결과를 발표했다.\n남자가 여자보다 자기과신 편향이 높아 주가의 상승과 하락을 예상할 수 있다는 확신으로 빈번한 매매를 했을 확률이 높다. 이로 인한 결과는 거래비용 증가와 수익률 악화로 이어질 수 있다.", "type": "SOLUTION_TEXT"}]', '중', '미니테스트', null, null, null, '이장영', TO_DATE('2021/07/01 00:00:00', 'YYYY/MM/DD HH24:MI:SS'), null, null, null, null, '집필진 출제', '매몰비용편향 이해');
insert into "ETEST"."PROBLEM" ("PROB_ID", "ANSWER_TYPE", "QUESTION", "SOLUTION", "DIFFICULTY", "CATEGORY", "PART", "IMG_SRC", "TIME_RECOMMENDATION", "CREATOR_ID", "CREATE_DATE", "VALIDATOR_ID", "VALIDATE_DATE", "EDITOR_ID", "EDIT_DATE", "SOURCE", "INTENTION" ) values (16, 'MULTIPLE_CHOICE_W_PASSAGE', '[{"data": "투자자들의 대화를 듣고, 이를 토대로 C씨에게 예상되는 행동편향으로 가장 올바른 것은?", "type": "QUESTION_TEXT"}, {"data": "[A : 주식투자는 장기로 해야 한다는데 10년, 20년 후 장기적으로 괜찮을 분야가 뭐가 있을까?,\nB : 야 장기는 무슨~, 당장 돈 쓸 일이 태산인데 그래 가지고 어느 세월에 돈벌겠냐? 빨리 오를 종목을 찾아야지! 크게 오르는 종목들이 즐비하고 당장 돈 쓸 일이 태산인데 말이야.,\nA : 그런가? 장기투자를 해야 안정적이라고 해서 말이야.,\nB : 야 환매를 해서 이익을 얻지 못하려면 뭐 하러 투자를 하냐!]", "type": "EXAMPLE_BOX_TEXT"}]', '[{"data": 2, "type": "MULTIPLE_CHOICE_CORRECT_ANSWER"}, {"data": "현재중시 편향에 빠진 투자자들은 미래에 비해 현재를 중시하여, 즉각적인 욕망을 충족하려는 충동에 따라 행동하려고 한다. 이에 따라 금융투자에서도 당장의 이익만을 추구하는 단기 투자에 그치고 노후 같은 장기 목표에 대한 투자를 등한시 한다.", "type": "SOLUTION_TEXT"}]', '중', '미니테스트', null, null, null, '이장영', TO_DATE('2021/07/01 00:00:00', 'YYYY/MM/DD HH24:MI:SS'), null, null, null, null, '집필진 출제', '현재중시편향 이해');
insert into "ETEST"."PROBLEM" ("PROB_ID", "ANSWER_TYPE", "QUESTION", "SOLUTION", "DIFFICULTY", "CATEGORY", "PART", "IMG_SRC", "TIME_RECOMMENDATION", "CREATOR_ID", "CREATE_DATE", "VALIDATOR_ID", "VALIDATE_DATE", "EDITOR_ID", "EDIT_DATE", "SOURCE", "INTENTION" ) values (17, 'MULTIPLE_CHOICE_WO_PASSAGE', '[{"data": "금융투자회사에 해당하는 것으로 가장 거리가 먼 것은?", "type": "QUESTION_TEXT"}]', '[{"data": 4, "type": "MULTIPLE_CHOICE_CORRECT_ANSWER"}, {"data": "우리나라 금융회사는 은행, 비은행 금융회사, 보험회사, 금융투자회사, 기타 금융회사로 분류된다. 이중에 금융투자회사는 증권회사, 선물회사, 자산운용회사, 투자자문회사, 부동산신탁회사, 종합금융회사가 있다. 상호저축은행은 비은행 금융회사다.\n지문1 증권회사는 대표적인 금융투자회사다.\n지문2 선물회사는 금융투자업의 투자중개업(주로 선물)을 주로 하는 금융투자회사다.\n지문3 자산운용회사는 금융투자업 중 집합투자업을 주로 하는 금융투자회사다.\n지문4 상호저축은행은 비은행 금융회사로 비은행 금융회사에는 상호저축은행, 여신금융전문회사, 대부업자, 상호금융이 있다.", "type": "SOLUTION_TEXT"}]', '하', '미니테스트', null, null, null, '이장영', TO_DATE('2021/07/01 00:00:00', 'YYYY/MM/DD HH24:MI:SS'), null, null, null, null, '집필진 출제', '금융투자회사 종류 이해');
insert into "ETEST"."PROBLEM" ("PROB_ID", "ANSWER_TYPE", "QUESTION", "SOLUTION", "DIFFICULTY", "CATEGORY", "PART", "IMG_SRC", "TIME_RECOMMENDATION", "CREATOR_ID", "CREATE_DATE", "VALIDATOR_ID", "VALIDATE_DATE", "EDITOR_ID", "EDIT_DATE", "SOURCE", "INTENTION" ) values (18, 'MULTIPLE_CHOICE_WO_PASSAGE', '[{"data": "공모주와 스팩(SPAC)투자에 대한 설명으로 가장 거리가 먼 것은?", "type": "QUESTION_TEXT"}]', '[{"data": 1, "type": "MULTIPLE_CHOICE_CORRECT_ANSWER"}, {"data": "지문1 공모주 청약을 위해서는 금융투자회사를 통해서 청약을 하고, 배정받는 주식을 보유하거나 매매를 통해 이익을 얻을 수 있다. 따라서 증권회사의 계좌는 반드시 있어야 청약이 가능하다.\n지문2 주관사나 공동주관사를 통해서만 해당 공모주의 청약을 할 수 있기 때문에 해당 공모주를 주관(또는 공동주관)하는 증권사의 계좌가 필요하다.   \n* IPO(Initial Public Offering) 또는 상장(Listing) : 기업이 발행한 주권이 한국거래소 (KRX)가 정하는 요건에 따른 증권시장에서 거래가 될 수 있는 자격을 부여 받는 것\n지문3 스팩의 큰 특징중의 하나로 합병이 불발될 때는 원금과 이익금을 돌려받는 구조다.\n지문4 스팩은 합병을 목적으로 하는 명목상의 회사다.", "type": "SOLUTION_TEXT"}]', '중', '미니테스트', null, null, null, '이장영', TO_DATE('2021/07/01 00:00:00', 'YYYY/MM/DD HH24:MI:SS'), null, null, null, null, '집필진 출제', '공모주 이해');
insert into "ETEST"."PROBLEM" ("PROB_ID", "ANSWER_TYPE", "QUESTION", "SOLUTION", "DIFFICULTY", "CATEGORY", "PART", "IMG_SRC", "TIME_RECOMMENDATION", "CREATOR_ID", "CREATE_DATE", "VALIDATOR_ID", "VALIDATE_DATE", "EDITOR_ID", "EDIT_DATE", "SOURCE", "INTENTION" ) values (19, 'MULTIPLE_CHOICE_WO_PASSAGE', '[{"data": "투자자 A씨는 월요일에 OO전자 주식을 매수 하였다. 주식이 결제되어 투자자 A씨의 계좌로 입고되는 것은 언제일까?(월요일 ~ 금요일 사이에 공휴일은 없는 것으로 가정)", "type": "QUESTION_TEXT"}]', '[{"data": 3, "type": "MULTIPLE_CHOICE_CORRECT_ANSWER"}, {"data": "지문1 매수당일 평가금액이 표시되지만, 결제되어 입고 되지는 않는다.\n지문3 매매가 체결된 주식의 결제시점은 체결일(월요일, D일)로부터 3영업일(D+2일)로 규정되어 있어 수요일이 정답이다.", "type": "SOLUTION_TEXT"}]', '하', '미니테스트', null, null, null, '이장영', TO_DATE('2021/07/01 00:00:00', 'YYYY/MM/DD HH24:MI:SS'), null, null, null, null, '집필진 출제', '실전주식거래 이해');
insert into "ETEST"."PROBLEM" ("PROB_ID", "ANSWER_TYPE", "QUESTION", "SOLUTION", "DIFFICULTY", "CATEGORY", "PART", "IMG_SRC", "TIME_RECOMMENDATION", "CREATOR_ID", "CREATE_DATE", "VALIDATOR_ID", "VALIDATE_DATE", "EDITOR_ID", "EDIT_DATE", "SOURCE", "INTENTION" ) values (20, 'MULTIPLE_CHOICE_W_PASSAGE', '[{"data": "<보기>의 (    ) 안에 들어갈 말로 가장 올바른 것은?", "type": "QUESTION_TEXT"}, {"data": "[투자실적을 평가하는 지표중에 수익률과 위험요소를 동시에 고려하여 성과를 측정하는 지표를 (         ) 라 한다]", "type": "EXAMPLE_BOX_TEXT"}]', '[{"data": 3, "type": "MULTIPLE_CHOICE_CORRECT_ANSWER"}, {"data": "지문1 단순수익률은 위험요소를 고려하지 않는 수익률 기준이다.\n지문2 벤치마크는 수익률을 비교평가하는 기준으로 위험요소인 변동성을 별도록 고려하지는 않는다.\n지문3 수익률과 위험요소를 동시에 고려하여 성과를 측정하는 지표를 위험조정 성과지표(RAPM : Risk ?Adjuisted Performance)라 한다. 선택하는 수익률과 위험지표와 위험을 조정하는 방식에 따라 단위 위험당 초과수익률과 위험조정 수익률로 나눌 수 있다. \n지문4 절대수익 추구 성과지표라는 용어는 없으나, 투자자가 목표로 하는 절대수익률을 기준으로 할 수는 있다. ", "type": "SOLUTION_TEXT"}]', '하', '미니테스트', null, null, null, '이장영', TO_DATE('2021/07/01 00:00:00', 'YYYY/MM/DD HH24:MI:SS'), null, null, null, null, '집필진 출제', '벤치마크 이해');
insert into "ETEST"."PROBLEM" ("PROB_ID", "ANSWER_TYPE", "QUESTION", "SOLUTION", "DIFFICULTY", "CATEGORY", "PART", "IMG_SRC", "TIME_RECOMMENDATION", "CREATOR_ID", "CREATE_DATE", "VALIDATOR_ID", "VALIDATE_DATE", "EDITOR_ID", "EDIT_DATE", "SOURCE", "INTENTION" ) values (21, 'MULTIPLE_CHOICE_WO_PASSAGE', '[{"data": "증권사를 통해 주식투자를 한지 얼마나 되십니까?", "type": "QUESTION_TEXT"}]', '[{"data": null, "type": "MULTIPLE_CHOICE_CORRECT_ANSWER"}]', null, '성향', null, null, null, '김진균', TO_DATE('2020/01/07 01:00:00', 'YYYY/MM/DD HH24:MI:SS'), null, null, null, null, '자체 제작', '증권사 거래기간');
insert into "ETEST"."PROBLEM" ("PROB_ID", "ANSWER_TYPE", "QUESTION", "SOLUTION", "DIFFICULTY", "CATEGORY", "PART", "IMG_SRC", "TIME_RECOMMENDATION", "CREATOR_ID", "CREATE_DATE", "VALIDATOR_ID", "VALIDATE_DATE", "EDITOR_ID", "EDIT_DATE", "SOURCE", "INTENTION" ) values (22, 'MULTIPLE_CHOICE_WO_PASSAGE', '[{"data": "자산 중 주식비중은 어느 정도입니까?", "type": "QUESTION_TEXT"}]', '[{"data": null, "type": "MULTIPLE_CHOICE_CORRECT_ANSWER"}]', null, '성향', null, null, null, '김진균', TO_DATE('2020/01/07 01:00:00', 'YYYY/MM/DD HH24:MI:SS'), null, null, null, null, '자체 제작', '주식투자 비중');
insert into "ETEST"."PROBLEM" ("PROB_ID", "ANSWER_TYPE", "QUESTION", "SOLUTION", "DIFFICULTY", "CATEGORY", "PART", "IMG_SRC", "TIME_RECOMMENDATION", "CREATOR_ID", "CREATE_DATE", "VALIDATOR_ID", "VALIDATE_DATE", "EDITOR_ID", "EDIT_DATE", "SOURCE", "INTENTION" ) values (23, 'MULTIPLE_CHOICE_WO_PASSAGE', '[{"data": "보유한 주식종목 수는 몇 개 입니까?", "type": "QUESTION_TEXT"}]', '[{"data": null, "type": "MULTIPLE_CHOICE_CORRECT_ANSWER"}]', null, '성향', null, null, null, '김진균', TO_DATE('2020/01/07 01:00:00', 'YYYY/MM/DD HH24:MI:SS'), null, null, null, null, '자체 제작', '보유종목 수');
insert into "ETEST"."PROBLEM" ("PROB_ID", "ANSWER_TYPE", "QUESTION", "SOLUTION", "DIFFICULTY", "CATEGORY", "PART", "IMG_SRC", "TIME_RECOMMENDATION", "CREATOR_ID", "CREATE_DATE", "VALIDATOR_ID", "VALIDATE_DATE", "EDITOR_ID", "EDIT_DATE", "SOURCE", "INTENTION" ) values (24, 'MULTIPLE_CHOICE_WO_PASSAGE', '[{"data": "4개의 보기 중 선호하는 주식 종목은 무엇입니까?", "type": "QUESTION_TEXT"}]', '[{"data": null, "type": "MULTIPLE_CHOICE_CORRECT_ANSWER"}]', null, '성향', null, null, null, '김진균', TO_DATE('2020/01/07 01:00:00', 'YYYY/MM/DD HH24:MI:SS'), null, null, null, null, '자체 제작', '선호 투자종목');
insert into "ETEST"."PROBLEM" ("PROB_ID", "ANSWER_TYPE", "QUESTION", "SOLUTION", "DIFFICULTY", "CATEGORY", "PART", "IMG_SRC", "TIME_RECOMMENDATION", "CREATOR_ID", "CREATE_DATE", "VALIDATOR_ID", "VALIDATE_DATE", "EDITOR_ID", "EDIT_DATE", "SOURCE", "INTENTION" ) values (25, 'MULTIPLE_CHOICE_WO_PASSAGE', '[{"data": "주식투자 어떤 주기로 하고 있습니까?", "type": "QUESTION_TEXT"}]', '[{"data": null, "type": "MULTIPLE_CHOICE_CORRECT_ANSWER"}]', null, '성향', null, null, null, '김진균', TO_DATE('2020/01/07 01:00:00', 'YYYY/MM/DD HH24:MI:SS'), null, null, null, null, '자체 제작', '투자 규칙성');
insert into "ETEST"."PROBLEM" ("PROB_ID", "ANSWER_TYPE", "QUESTION", "SOLUTION", "DIFFICULTY", "CATEGORY", "PART", "IMG_SRC", "TIME_RECOMMENDATION", "CREATOR_ID", "CREATE_DATE", "VALIDATOR_ID", "VALIDATE_DATE", "EDITOR_ID", "EDIT_DATE", "SOURCE", "INTENTION" ) values (26, 'MULTIPLE_CHOICE_WO_PASSAGE', '[{"data": "보유한 주식이 목표한 주가로 올랐습니다. 어떻게 하시겠습니까?", "type": "QUESTION_TEXT"}]', '[{"data": null, "type": "MULTIPLE_CHOICE_CORRECT_ANSWER"}]', null, '성향', null, null, null, '김진균', TO_DATE('2020/01/07 01:00:00', 'YYYY/MM/DD HH24:MI:SS'), null, null, null, null, '자체 제작', '목표에 따른 의사결정 여부');
insert into "ETEST"."PROBLEM" ("PROB_ID", "ANSWER_TYPE", "QUESTION", "SOLUTION", "DIFFICULTY", "CATEGORY", "PART", "IMG_SRC", "TIME_RECOMMENDATION", "CREATOR_ID", "CREATE_DATE", "VALIDATOR_ID", "VALIDATE_DATE", "EDITOR_ID", "EDIT_DATE", "SOURCE", "INTENTION" ) values (27, 'MULTIPLE_CHOICE_WO_PASSAGE', '[{"data": "투자한 산업의호재가 생겨서 주가가 올라 자산 중 주식의 비율이 올라갔습니다. 어떻게 하시겠습니까?", "type": "QUESTION_TEXT"}]', '[{"data": null, "type": "MULTIPLE_CHOICE_CORRECT_ANSWER"}]', null, '성향', null, null, null, '김진균', TO_DATE('2020/01/07 01:00:00', 'YYYY/MM/DD HH24:MI:SS'), null, null, null, null, '자체 제작', '포트폴리오 일관성');
insert into "ETEST"."PROBLEM" ("PROB_ID", "ANSWER_TYPE", "QUESTION", "SOLUTION", "DIFFICULTY", "CATEGORY", "PART", "IMG_SRC", "TIME_RECOMMENDATION", "CREATOR_ID", "CREATE_DATE", "VALIDATOR_ID", "VALIDATE_DATE", "EDITOR_ID", "EDIT_DATE", "SOURCE", "INTENTION" ) values (28, 'MULTIPLE_CHOICE_WO_PASSAGE', '[{"data": "계획한 투자자금 1천만원에서 주가가 떨어져 100만원의 손실을 보았습니다. 어떻게 하시겠습니까?", "type": "QUESTION_TEXT"}]', '[{"data": null, "type": "MULTIPLE_CHOICE_CORRECT_ANSWER"}]', null, '성향', null, null, null, '김진균', TO_DATE('2020/01/07 01:00:00', 'YYYY/MM/DD HH24:MI:SS'), null, null, null, null, '자체 제작', '투자 계획성');
insert into "ETEST"."PROBLEM" ("PROB_ID", "ANSWER_TYPE", "QUESTION", "SOLUTION", "DIFFICULTY", "CATEGORY", "PART", "IMG_SRC", "TIME_RECOMMENDATION", "CREATOR_ID", "CREATE_DATE", "VALIDATOR_ID", "VALIDATE_DATE", "EDITOR_ID", "EDIT_DATE", "SOURCE", "INTENTION" ) values (29, 'MULTIPLE_CHOICE_WO_PASSAGE', '[{"data": "현재 내 수입원은 어떤 상태인가요?", "type": "QUESTION_TEXT"}]', '[{"data": null, "type": "MULTIPLE_CHOICE_CORRECT_ANSWER"}]', null, '성향', null, null, null, '김진균', TO_DATE('2020/01/07 01:00:00', 'YYYY/MM/DD HH24:MI:SS'), null, null, null, null, '자체 제작', '지속적 수입원 유무');
insert into "ETEST"."PROBLEM" ("PROB_ID", "ANSWER_TYPE", "QUESTION", "SOLUTION", "DIFFICULTY", "CATEGORY", "PART", "IMG_SRC", "TIME_RECOMMENDATION", "CREATOR_ID", "CREATE_DATE", "VALIDATOR_ID", "VALIDATE_DATE", "EDITOR_ID", "EDIT_DATE", "SOURCE", "INTENTION" ) values (30, 'MULTIPLE_CHOICE_WO_PASSAGE', '[{"data": "내가 투자하고자 하는 자금의 투자 가능 기간은 얼마나 되나요?", "type": "QUESTION_TEXT"}]', '[{"data": null, "type": "MULTIPLE_CHOICE_CORRECT_ANSWER"}]', null, '성향', null, null, null, '김진균', TO_DATE('2020/01/07 01:00:00', 'YYYY/MM/DD HH24:MI:SS'), null, null, null, null, '자체 제작', '투자가능기간');
insert into "ETEST"."PROBLEM" ("PROB_ID", "ANSWER_TYPE", "QUESTION", "SOLUTION", "DIFFICULTY", "CATEGORY", "PART", "IMG_SRC", "TIME_RECOMMENDATION", "CREATOR_ID", "CREATE_DATE", "VALIDATOR_ID", "VALIDATE_DATE", "EDITOR_ID", "EDIT_DATE", "SOURCE", "INTENTION" ) values (31, 'MULTIPLE_CHOICE_WO_PASSAGE', '[{"data": "투자용도로 예상하지 못했던 2000만원이 생겼다면 어떻게 하시겠습니까?", "type": "QUESTION_TEXT"}]', '[{"data": null, "type": "MULTIPLE_CHOICE_CORRECT_ANSWER"}]', null, '성향', null, null, null, '김진균', TO_DATE('2020/01/07 01:00:00', 'YYYY/MM/DD HH24:MI:SS'), null, null, null, null, ' Grable & Lytton 투자위험수용성향 문항', '불확실성이익에 대한 위험감수 판단정도');
insert into "ETEST"."PROBLEM" ("PROB_ID", "ANSWER_TYPE", "QUESTION", "SOLUTION", "DIFFICULTY", "CATEGORY", "PART", "IMG_SRC", "TIME_RECOMMENDATION", "CREATOR_ID", "CREATE_DATE", "VALIDATOR_ID", "VALIDATE_DATE", "EDITOR_ID", "EDIT_DATE", "SOURCE", "INTENTION" ) values (32, 'MULTIPLE_CHOICE_WO_PASSAGE', '[{"data": "당신이 신뢰하는 친구이자 사업가는 투자자를 모집하고 있습니다. 사업이 성공하면 투자액의 100배에 달하는 이득이 생기지만 실패한다면 모든 투자금액을 잃게 됩니다. 사업이 성공할 확률이 20%일 때, 얼마나 투자하시겠습니까?", "type": "QUESTION_TEXT"}]', '[{"data": null, "type": "MULTIPLE_CHOICE_CORRECT_ANSWER"}]', null, '성향', null, null, null, '김진균', TO_DATE('2020/01/07 01:00:00', 'YYYY/MM/DD HH24:MI:SS'), null, null, null, null, ' Grable & Lytton 투자위험수용성향 문항', '개인 자산에 대한 손실의 감내수준');
insert into "ETEST"."PROBLEM" ("PROB_ID", "ANSWER_TYPE", "QUESTION", "SOLUTION", "DIFFICULTY", "CATEGORY", "PART", "IMG_SRC", "TIME_RECOMMENDATION", "CREATOR_ID", "CREATE_DATE", "VALIDATOR_ID", "VALIDATE_DATE", "EDITOR_ID", "EDIT_DATE", "SOURCE", "INTENTION" ) values (33, 'MULTIPLE_CHOICE_WO_PASSAGE', '[{"data": "당신은 다음 중 하나를 선택할 수 있습니다. 어느 선택을 하시겠습니까?", "type": "QUESTION_TEXT"}]', '[{"data": null, "type": "MULTIPLE_CHOICE_CORRECT_ANSWER"}]', null, '성향', null, null, null, '김진균', TO_DATE('2020/01/07 01:00:00', 'YYYY/MM/DD HH24:MI:SS'), null, null, null, null, ' Grable & Lytton 투자위험수용성향 문항', '손실과 이득이 발생하는 상황에서의 의사결정');
insert into "ETEST"."PROBLEM" ("PROB_ID", "ANSWER_TYPE", "QUESTION", "SOLUTION", "DIFFICULTY", "CATEGORY", "PART", "IMG_SRC", "TIME_RECOMMENDATION", "CREATOR_ID", "CREATE_DATE", "VALIDATOR_ID", "VALIDATE_DATE", "EDITOR_ID", "EDIT_DATE", "SOURCE", "INTENTION" ) values (34, 'MULTIPLE_CHOICE_WO_PASSAGE', '[{"data": "자신의 경험에 비추어볼 때 주식형 펀드에 투자하는 것을 얼마나 편안하게 느끼십니까?", "type": "QUESTION_TEXT"}]', '[{"data": null, "type": "MULTIPLE_CHOICE_CORRECT_ANSWER"}]', null, '성향', null, null, null, '김진균', TO_DATE('2020/01/07 01:00:00', 'YYYY/MM/DD HH24:MI:SS'), null, null, null, null, ' Grable & Lytton 투자위험수용성향 문항', '불확실성이익에 대한 위험감수 판단정도');
insert into "ETEST"."PROBLEM" ("PROB_ID", "ANSWER_TYPE", "QUESTION", "SOLUTION", "DIFFICULTY", "CATEGORY", "PART", "IMG_SRC", "TIME_RECOMMENDATION", "CREATOR_ID", "CREATE_DATE", "VALIDATOR_ID", "VALIDATE_DATE", "EDITOR_ID", "EDIT_DATE", "SOURCE", "INTENTION" ) values (35, 'MULTIPLE_CHOICE_WO_PASSAGE', '[{"data": "당신은 당신이 소망한 해외여행을 위한 저축을 달성했습니다. 해외 여행을 떠나기 3주전 당신은 직업을 잃었습니다. 당신은 어떻게 하시겠습니까?", "type": "QUESTION_TEXT"}]', '[{"data": null, "type": "MULTIPLE_CHOICE_CORRECT_ANSWER"}]', null, '성향', null, null, null, '김진균', TO_DATE('2020/01/07 01:00:00', 'YYYY/MM/DD HH24:MI:SS'), null, null, null, null, ' Grable & Lytton 투자위험수용성향 문항', '개인 자산에 대한 손실의 감내수준');
insert into "ETEST"."PROBLEM" ("PROB_ID", "ANSWER_TYPE", "QUESTION", "SOLUTION", "DIFFICULTY", "CATEGORY", "PART", "IMG_SRC", "TIME_RECOMMENDATION", "CREATOR_ID", "CREATE_DATE", "VALIDATOR_ID", "VALIDATE_DATE", "EDITOR_ID", "EDIT_DATE", "SOURCE", "INTENTION" ) values (36, 'MULTIPLE_CHOICE_WO_PASSAGE', '[{"data": "추가적인 수입을 얻을 기회를 받았습니다. 아래의 사항 중 어떤 선택하겠습니까?", "type": "QUESTION_TEXT"}]', '[{"data": null, "type": "MULTIPLE_CHOICE_CORRECT_ANSWER"}]', null, '성향', null, null, null, '김진균', TO_DATE('2020/01/07 01:00:00', 'YYYY/MM/DD HH24:MI:SS'), null, null, null, null, ' Grable & Lytton 투자위험수용성향 문항', '손실과 이득이 발생하는 상황에서의 의사결정');
insert into "ETEST"."PROBLEM" ("PROB_ID", "ANSWER_TYPE", "QUESTION", "SOLUTION", "DIFFICULTY", "CATEGORY", "PART", "IMG_SRC", "TIME_RECOMMENDATION", "CREATOR_ID", "CREATE_DATE", "VALIDATOR_ID", "VALIDATE_DATE", "EDITOR_ID", "EDIT_DATE", "SOURCE", "INTENTION" ) values (37, 'MULTIPLE_CHOICE_WO_PASSAGE', '[{"data": "아래의 사항은 최고와 최악의 결과를 보여줍니다. 당신이 가장 선호하는 것은 무엇인가요?", "type": "QUESTION_TEXT"}]', '[{"data": null, "type": "MULTIPLE_CHOICE_CORRECT_ANSWER"}]', null, '성향', null, null, null, '김진균', TO_DATE('2020/01/07 01:00:00', 'YYYY/MM/DD HH24:MI:SS'), null, null, null, null, ' Grable & Lytton 투자위험수용성향 문항', '불확실성이익에 대한 위험감수 판단정도');
insert into "ETEST"."PROBLEM" ("PROB_ID", "ANSWER_TYPE", "QUESTION", "SOLUTION", "DIFFICULTY", "CATEGORY", "PART", "IMG_SRC", "TIME_RECOMMENDATION", "CREATOR_ID", "CREATE_DATE", "VALIDATOR_ID", "VALIDATE_DATE", "EDITOR_ID", "EDIT_DATE", "SOURCE", "INTENTION" ) values (38, 'MULTIPLE_CHOICE_WO_PASSAGE', '[{"data": "전문가들이 금의 자산가격은 상승 할 것이고 채권의 가격은 하락할 것이라고 예측을 내놓았습니다. 하지만 국채는 안전하다는 것에 동의합니다. 당신의 투자자산 대부분이 고이율 국채로 구성되어 있다면 어떻게 하시겠습니까?", "type": "QUESTION_TEXT"}]', '[{"data": null, "type": "MULTIPLE_CHOICE_CORRECT_ANSWER"}]', null, '성향', null, null, null, '김진균', TO_DATE('2020/01/07 01:00:00', 'YYYY/MM/DD HH24:MI:SS'), null, null, null, null, ' Grable & Lytton 투자위험수용성향 문항', '개인 자산에 대한 손실의 감내수준');
insert into "ETEST"."PROBLEM" ("PROB_ID", "ANSWER_TYPE", "QUESTION", "SOLUTION", "DIFFICULTY", "CATEGORY", "PART", "IMG_SRC", "TIME_RECOMMENDATION", "CREATOR_ID", "CREATE_DATE", "VALIDATOR_ID", "VALIDATE_DATE", "EDITOR_ID", "EDIT_DATE", "SOURCE", "INTENTION" ) values (39, 'MULTIPLE_CHOICE_WO_PASSAGE', '[{"data": "당신이 500만원을 받았습니다. 아래 사항 중 하나를 고른다면 어떤 선택을 하시겠습니까?", "type": "QUESTION_TEXT"}]', '[{"data": null, "type": "MULTIPLE_CHOICE_CORRECT_ANSWER"}]', null, '성향', null, null, null, '김진균', TO_DATE('2020/01/07 01:00:00', 'YYYY/MM/DD HH24:MI:SS'), null, null, null, null, ' Grable & Lytton 투자위험수용성향 문항', '손실과 이득이 발생하는 상황에서의 의사결정');
insert into "ETEST"."PROBLEM" ("PROB_ID", "ANSWER_TYPE", "QUESTION", "SOLUTION", "DIFFICULTY", "CATEGORY", "PART", "IMG_SRC", "TIME_RECOMMENDATION", "CREATOR_ID", "CREATE_DATE", "VALIDATOR_ID", "VALIDATE_DATE", "EDITOR_ID", "EDIT_DATE", "SOURCE", "INTENTION" ) values (40, 'MULTIPLE_CHOICE_WO_PASSAGE', '[{"data": "2008년 우리나라 경상수지는 17.5억달러 흑자를 기록하였으며, 실업률은 3.2%였습니다. 2015년에는 우리나라 경상수지가 1,051.2억달러로 사상최고치를 경신하였는데, 이때 우리나라 실업률은 몇 %였을까요?", "type": "QUESTION_TEXT"}]', '[{"data": null, "type": "MULTIPLE_CHOICE_CORRECT_ANSWER"}]', null, '성향', null, null, null, '김진균', TO_DATE('2020/01/07 01:00:00', 'YYYY/MM/DD HH24:MI:SS'), null, null, null, null, '자체 제작', '잘못된 기준점에 의한 의사결정 판단');
insert into "ETEST"."PROBLEM" ("PROB_ID", "ANSWER_TYPE", "QUESTION", "SOLUTION", "DIFFICULTY", "CATEGORY", "PART", "IMG_SRC", "TIME_RECOMMENDATION", "CREATOR_ID", "CREATE_DATE", "VALIDATOR_ID", "VALIDATE_DATE", "EDITOR_ID", "EDIT_DATE", "SOURCE", "INTENTION" ) values (41, 'MULTIPLE_CHOICE_WO_PASSAGE', '[{"data": "상기의 투자지식 문제의 푼 결과, 몇 점을 받을 것으로 생각하십니까?", "type": "QUESTION_TEXT"}]', '[{"data": null, "type": "MULTIPLE_CHOICE_CORRECT_ANSWER"}]', null, '성향', null, null, null, '김진균', TO_DATE('2020/01/07 01:00:00', 'YYYY/MM/DD HH24:MI:SS'), null, null, null, null, '자체 제작', '자신읜 능력을 실제보다 과대 평가하는 정도');
insert into "ETEST"."PROBLEM" ("PROB_ID", "ANSWER_TYPE", "QUESTION", "SOLUTION", "DIFFICULTY", "CATEGORY", "PART", "IMG_SRC", "TIME_RECOMMENDATION", "CREATOR_ID", "CREATE_DATE", "VALIDATOR_ID", "VALIDATE_DATE", "EDITOR_ID", "EDIT_DATE", "SOURCE", "INTENTION" ) values (42, 'MULTIPLE_CHOICE_WO_PASSAGE', '[{"data": "당신의 투자 전문가는 최근 실적이 저조하지만 오랫동안 수익을 얻은 포트폴리오를 대체할 새로운 주식을 추천합니다. 당신은 어떻게 하시겠습니까?", "type": "QUESTION_TEXT"}]', '[{"data": null, "type": "MULTIPLE_CHOICE_CORRECT_ANSWER"}]', null, '성향', null, null, null, '김진균', TO_DATE('2020/01/07 01:00:00', 'YYYY/MM/DD HH24:MI:SS'), null, null, null, null, 'Schwab Brokerage (Quiz)', '과거의 성과에 의한 의사결정');
insert into "ETEST"."PROBLEM" ("PROB_ID", "ANSWER_TYPE", "QUESTION", "SOLUTION", "DIFFICULTY", "CATEGORY", "PART", "IMG_SRC", "TIME_RECOMMENDATION", "CREATOR_ID", "CREATE_DATE", "VALIDATOR_ID", "VALIDATE_DATE", "EDITOR_ID", "EDIT_DATE", "SOURCE", "INTENTION" ) values (43, 'MULTIPLE_CHOICE_WO_PASSAGE', '[{"data": "2개의 성장주를 산지 1년 만에 하나는 급등하고 다른 하나는 폭락했습니다. 당신의 투자에 대해 어떻게 평가하십니까?", "type": "QUESTION_TEXT"}]', '[{"data": null, "type": "MULTIPLE_CHOICE_CORRECT_ANSWER"}]', null, '성향', null, null, null, '김진균', TO_DATE('2020/01/07 01:00:00', 'YYYY/MM/DD HH24:MI:SS'), null, null, null, null, 'Schwab Brokerage (Quiz)', '투자결과를 알고 난 후 자기 판단의 정확성을 과대평가하는 정도 ');
insert into "ETEST"."PROBLEM" ("PROB_ID", "ANSWER_TYPE", "QUESTION", "SOLUTION", "DIFFICULTY", "CATEGORY", "PART", "IMG_SRC", "TIME_RECOMMENDATION", "CREATOR_ID", "CREATE_DATE", "VALIDATOR_ID", "VALIDATE_DATE", "EDITOR_ID", "EDIT_DATE", "SOURCE", "INTENTION" ) values (44, 'MULTIPLE_CHOICE_WO_PASSAGE', '[{"data": "최근 주식시장에 대해 투자계획을 검토하고 있습니다. 당신의 행동은?", "type": "QUESTION_TEXT"}]', '[{"data": null, "type": "MULTIPLE_CHOICE_CORRECT_ANSWER"}]', null, '성향', null, null, null, '김진균', TO_DATE('2020/01/07 01:00:00', 'YYYY/MM/DD HH24:MI:SS'), null, null, null, null, 'Schwab Brokerage (Quiz)', '판단의 기준을 최근의 정보에 의거한 의사결정');
insert into "ETEST"."PROBLEM" ("PROB_ID", "ANSWER_TYPE", "QUESTION", "SOLUTION", "DIFFICULTY", "CATEGORY", "PART", "IMG_SRC", "TIME_RECOMMENDATION", "CREATOR_ID", "CREATE_DATE", "VALIDATOR_ID", "VALIDATE_DATE", "EDITOR_ID", "EDIT_DATE", "SOURCE", "INTENTION" ) values (45, 'MULTIPLE_CHOICE_WO_PASSAGE', '[{"data": "2013년 GDP 성장률은 3.2%이었으며, 그해 종가기준으로 코스피지수는 전년 대비 0.7% 상승하였습니다. 2017년 GDP 성장률이 똑같은 3.2%였다면, 2017년 코스피지수 상승률은 몇 %였을까요?", "type": "QUESTION_TEXT"}]', '[{"data": null, "type": "MULTIPLE_CHOICE_CORRECT_ANSWER"}]', null, '성향', null, null, null, '김진균', TO_DATE('2020/01/07 01:00:00', 'YYYY/MM/DD HH24:MI:SS'), null, null, null, null, '자체 제작', '잘못된 기준점에 의한 의사결정 판단');
insert into "ETEST"."PROBLEM" ("PROB_ID", "ANSWER_TYPE", "QUESTION", "SOLUTION", "DIFFICULTY", "CATEGORY", "PART", "IMG_SRC", "TIME_RECOMMENDATION", "CREATOR_ID", "CREATE_DATE", "VALIDATOR_ID", "VALIDATE_DATE", "EDITOR_ID", "EDIT_DATE", "SOURCE", "INTENTION" ) values (46, 'MULTIPLE_CHOICE_WO_PASSAGE', '[{"data": "상기의 투자지식 문제의 푼 결과, 몇 점을 받을 것으로 생각하십니까?", "type": "QUESTION_TEXT"}]', '[{"data": null, "type": "MULTIPLE_CHOICE_CORRECT_ANSWER"}]', null, '성향', null, null, null, '김진균', TO_DATE('2020/01/07 01:00:00', 'YYYY/MM/DD HH24:MI:SS'), null, null, null, null, '자체 제작', '자신의 능력을 실제보다 과대 평가하는 정도');
insert into "ETEST"."PROBLEM" ("PROB_ID", "ANSWER_TYPE", "QUESTION", "SOLUTION", "DIFFICULTY", "CATEGORY", "PART", "IMG_SRC", "TIME_RECOMMENDATION", "CREATOR_ID", "CREATE_DATE", "VALIDATOR_ID", "VALIDATE_DATE", "EDITOR_ID", "EDIT_DATE", "SOURCE", "INTENTION" ) values (47, 'MULTIPLE_CHOICE_WO_PASSAGE', '[{"data": "당신은 10% 수익을 기록했지만, 한달 사이 이익금의 30%를 잃었습니다. 주식을 매도 하시겠습니까?", "type": "QUESTION_TEXT"}]', '[{"data": null, "type": "MULTIPLE_CHOICE_CORRECT_ANSWER"}]', null, '성향', null, null, null, '김진균', TO_DATE('2020/01/07 01:00:00', 'YYYY/MM/DD HH24:MI:SS'), null, null, null, null, 'Schwab Brokerage (Quiz)', '수익보다 손실의 가치를 크게 평가하는 정도');
insert into "ETEST"."PROBLEM" ("PROB_ID", "ANSWER_TYPE", "QUESTION", "SOLUTION", "DIFFICULTY", "CATEGORY", "PART", "IMG_SRC", "TIME_RECOMMENDATION", "CREATOR_ID", "CREATE_DATE", "VALIDATOR_ID", "VALIDATE_DATE", "EDITOR_ID", "EDIT_DATE", "SOURCE", "INTENTION" ) values (48, 'MULTIPLE_CHOICE_WO_PASSAGE', '[{"data": "신뢰하는 언론사에서 특정한 회사의 신제품을 호평하는 것을 보았습니다. 주식을 매수 하시겠습니까?", "type": "QUESTION_TEXT"}]', '[{"data": null, "type": "MULTIPLE_CHOICE_CORRECT_ANSWER"}]', null, '성향', null, null, null, '김진균', TO_DATE('2020/01/07 01:00:00', 'YYYY/MM/DD HH24:MI:SS'), null, null, null, null, 'Schwab Brokerage (Quiz)', '자신의 경험 혹은 기억 등 단편적 정보에 근거한 가능성을 판단');
insert into "ETEST"."PROBLEM" ("PROB_ID", "ANSWER_TYPE", "QUESTION", "SOLUTION", "DIFFICULTY", "CATEGORY", "PART", "IMG_SRC", "TIME_RECOMMENDATION", "CREATOR_ID", "CREATE_DATE", "VALIDATOR_ID", "VALIDATE_DATE", "EDITOR_ID", "EDIT_DATE", "SOURCE", "INTENTION" ) values (49, 'MULTIPLE_CHOICE_WO_PASSAGE', '[{"data": "증권사나 카페 또는 SNS에서 다수의 투자자들이 사고 있다는 종목을 매수한 경험이 있습니까?", "type": "QUESTION_TEXT"}]', '[{"data": null, "type": "MULTIPLE_CHOICE_CORRECT_ANSWER"}]', null, '성향', null, null, null, '김진균', TO_DATE('2020/01/07 01:00:00', 'YYYY/MM/DD HH24:MI:SS'), null, null, null, null, '자체 제작', '종목분석 등을 하지 않고 막연히 따라하는 정도');
insert into "ETEST"."PROBLEM" ("PROB_ID", "ANSWER_TYPE", "QUESTION", "SOLUTION", "DIFFICULTY", "CATEGORY", "PART", "IMG_SRC", "TIME_RECOMMENDATION", "CREATOR_ID", "CREATE_DATE", "VALIDATOR_ID", "VALIDATE_DATE", "EDITOR_ID", "EDIT_DATE", "SOURCE", "INTENTION" ) values (50, 'MULTIPLE_CHOICE_WO_PASSAGE', '[{"data": "2017년 우리나라 통화량은 5.5% 증가하였으며, 같은 기간 코스피지수는 17.9% 상승하였습니다. 2018년에는 통화량이 6.3% 증가하였다면, 이때 코스피지수는 어떻게 되었을까요?", "type": "QUESTION_TEXT"}]', '[{"data": null, "type": "MULTIPLE_CHOICE_CORRECT_ANSWER"}]', null, '성향', null, null, null, '김진균', TO_DATE('2020/01/07 01:00:00', 'YYYY/MM/DD HH24:MI:SS'), null, null, null, null, '자체 제작', '잘못된 기준점에 의한 의사결정 판단');
insert into "ETEST"."PROBLEM" ("PROB_ID", "ANSWER_TYPE", "QUESTION", "SOLUTION", "DIFFICULTY", "CATEGORY", "PART", "IMG_SRC", "TIME_RECOMMENDATION", "CREATOR_ID", "CREATE_DATE", "VALIDATOR_ID", "VALIDATE_DATE", "EDITOR_ID", "EDIT_DATE", "SOURCE", "INTENTION" ) values (51, 'MULTIPLE_CHOICE_WO_PASSAGE', '[{"data": "상기의 투자지식 문제의 푼 결과, 몇 점을 받을 것으로 생각하십니까?", "type": "QUESTION_TEXT"}]', '[{"data": null, "type": "MULTIPLE_CHOICE_CORRECT_ANSWER"}]', null, '성향', null, null, null, '김진균', TO_DATE('2020/01/07 01:00:00', 'YYYY/MM/DD HH24:MI:SS'), null, null, null, null, '자체 제작', '자신의 능력을 실제보다 과대 평가하는 정도');
insert into "ETEST"."PROBLEM" ("PROB_ID", "ANSWER_TYPE", "QUESTION", "SOLUTION", "DIFFICULTY", "CATEGORY", "PART", "IMG_SRC", "TIME_RECOMMENDATION", "CREATOR_ID", "CREATE_DATE", "VALIDATOR_ID", "VALIDATE_DATE", "EDITOR_ID", "EDIT_DATE", "SOURCE", "INTENTION" ) values (52, 'MULTIPLE_CHOICE_WO_PASSAGE', '[{"data": "지난 6개월 동안 주가가 하락했다. 다음 달의 주가는 어떻게 될 것으로 생각하십니까?", "type": "QUESTION_TEXT"}]', '[{"data": null, "type": "MULTIPLE_CHOICE_CORRECT_ANSWER"}]', null, '성향', null, null, null, '김진균', TO_DATE('2020/01/07 01:00:00', 'YYYY/MM/DD HH24:MI:SS'), null, null, null, null, 'Stock Market Investors: Who Is More Rational, and Who Relies on intuition?, 2012, Andrey Kudryavtsev, Gil Cohen', '과거의 행적이 앞으로의 상황에 영향을 미칠 것이라 인지하는 정도');
insert into "ETEST"."PROBLEM" ("PROB_ID", "ANSWER_TYPE", "QUESTION", "SOLUTION", "DIFFICULTY", "CATEGORY", "PART", "IMG_SRC", "TIME_RECOMMENDATION", "CREATOR_ID", "CREATE_DATE", "VALIDATOR_ID", "VALIDATE_DATE", "EDITOR_ID", "EDIT_DATE", "SOURCE", "INTENTION" ) values (53, 'MULTIPLE_CHOICE_WO_PASSAGE', '[{"data": "철강주는 당신의 포트폴리오를 연 15%의 상승률을 달성하였습니다. 하지만 당신의 투자전문가는 이 부분이 현재 과대평가 되었다고 합니다. 어떻게 하시겠습니까?", "type": "QUESTION_TEXT"}]', '[{"data": null, "type": "MULTIPLE_CHOICE_CORRECT_ANSWER"}]', null, '성향', null, null, null, '김진균', TO_DATE('2020/01/07 01:00:00', 'YYYY/MM/DD HH24:MI:SS'), null, null, null, null, 'Schwab Brokerage (Quiz)', '자신에게 유리한 방향으로 가설을 검증하고 행하는 행동');
insert into "ETEST"."PROBLEM" ("PROB_ID", "ANSWER_TYPE", "QUESTION", "SOLUTION", "DIFFICULTY", "CATEGORY", "PART", "IMG_SRC", "TIME_RECOMMENDATION", "CREATOR_ID", "CREATE_DATE", "VALIDATOR_ID", "VALIDATE_DATE", "EDITOR_ID", "EDIT_DATE", "SOURCE", "INTENTION" ) values (54, 'MULTIPLE_CHOICE_WO_PASSAGE', '[{"data": "주식을 사기전 매수세가 강합니다. 매수하는 것을 선호하십니까?", "type": "QUESTION_TEXT"}]', '[{"data": null, "type": "MULTIPLE_CHOICE_CORRECT_ANSWER"}]', null, '성향', null, null, null, '김진균', TO_DATE('2020/01/07 01:00:00', 'YYYY/MM/DD HH24:MI:SS'), null, null, null, null, 'Schwab Brokerage (Quiz)', '종목분석 등을 하지 않고 막연히 따라하는 정도');
insert into "ETEST"."PROBLEM" ("PROB_ID", "ANSWER_TYPE", "QUESTION", "SOLUTION", "DIFFICULTY", "CATEGORY", "PART", "IMG_SRC", "TIME_RECOMMENDATION", "CREATOR_ID", "CREATE_DATE", "VALIDATOR_ID", "VALIDATE_DATE", "EDITOR_ID", "EDIT_DATE", "SOURCE", "INTENTION" ) values (55, 'MULTIPLE_CHOICE_WO_PASSAGE', '[{"data": "100만원이 생겼다. 주식에 투자하려는데 종목선정을 위해서 기업이 성장성을 확인하려고 한다. 어떤 지표를 확인해야 할까?", "type": "QUESTION_TEXT"}]', '[{"data": 3, "type": "MULTIPLE_CHOICE_CORRECT_ANSWER"}]', '중', '지식', '종목추천', null, null, '김진균', TO_DATE('2020/01/07 02:00:00', 'YYYY/MM/DD HH24:MI:SS'), null, null, null, null, '자체 제작', '종목추천');
insert into "ETEST"."PROBLEM" ("PROB_ID", "ANSWER_TYPE", "QUESTION", "SOLUTION", "DIFFICULTY", "CATEGORY", "PART", "IMG_SRC", "TIME_RECOMMENDATION", "CREATOR_ID", "CREATE_DATE", "VALIDATOR_ID", "VALIDATE_DATE", "EDITOR_ID", "EDIT_DATE", "SOURCE", "INTENTION" ) values (56, 'MULTIPLE_CHOICE_WO_PASSAGE', '[{"data": "기업의 수익성을 판단할 때 일반적으로 살펴보는 항목은?", "type": "QUESTION_TEXT"}]', '[{"data": 1, "type": "MULTIPLE_CHOICE_CORRECT_ANSWER"}]', '하', '지식', '투자상식
', null, null, '김진균', TO_DATE('2020/01/07 02:00:00', 'YYYY/MM/DD HH24:MI:SS'), null, null, null, null, '자체 제작', '투자수익');
insert into "ETEST"."PROBLEM" ("PROB_ID", "ANSWER_TYPE", "QUESTION", "SOLUTION", "DIFFICULTY", "CATEGORY", "PART", "IMG_SRC", "TIME_RECOMMENDATION", "CREATOR_ID", "CREATE_DATE", "VALIDATOR_ID", "VALIDATE_DATE", "EDITOR_ID", "EDIT_DATE", "SOURCE", "INTENTION" ) values (57, 'MULTIPLE_CHOICE_WO_PASSAGE', '[{"data": "삼성전자가 1Q 영업이익이 10조라는 기사를 보았다. 원래 예상은 5조였는데 이 경우는 무엇이어야 하는가?", "type": "QUESTION_TEXT"}]', '[{"data": 1, "type": "MULTIPLE_CHOICE_CORRECT_ANSWER"}]', '상', '지식', '투자상식
', null, null, '김진균', TO_DATE('2020/01/07 02:00:00', 'YYYY/MM/DD HH24:MI:SS'), null, null, null, null, '자체 제작', '초보자에게 맞는 주식');
insert into "ETEST"."PROBLEM" ("PROB_ID", "ANSWER_TYPE", "QUESTION", "SOLUTION", "DIFFICULTY", "CATEGORY", "PART", "IMG_SRC", "TIME_RECOMMENDATION", "CREATOR_ID", "CREATE_DATE", "VALIDATOR_ID", "VALIDATE_DATE", "EDITOR_ID", "EDIT_DATE", "SOURCE", "INTENTION" ) values (58, 'MULTIPLE_CHOICE_WO_PASSAGE', '[{"data": "PER가 30배라고 하는 것은 기업이익대비 가격이 30배라는 것을 뜻합니다. 업종 PER 25이고 A기업이 30, B기업이 20이라고 하면 다음 중 틀린 것은?", "type": "QUESTION_TEXT"}]', '[{"data": 3, "type": "MULTIPLE_CHOICE_CORRECT_ANSWER"}]', '하', '지식', '투자원칙
', null, null, '김진균', TO_DATE('2020/01/07 02:00:00', 'YYYY/MM/DD HH24:MI:SS'), null, null, null, null, '자체 제작', '자산관리 목표');
insert into "ETEST"."PROBLEM" ("PROB_ID", "ANSWER_TYPE", "QUESTION", "SOLUTION", "DIFFICULTY", "CATEGORY", "PART", "IMG_SRC", "TIME_RECOMMENDATION", "CREATOR_ID", "CREATE_DATE", "VALIDATOR_ID", "VALIDATE_DATE", "EDITOR_ID", "EDIT_DATE", "SOURCE", "INTENTION" ) values (59, 'MULTIPLE_CHOICE_WO_PASSAGE', '[{"data": "PER는 시장가격을 주당순이익으로 나눈 것이다.", "type": "QUESTION_TEXT"}]', '[{"data": 1, "type": "MULTIPLE_CHOICE_CORRECT_ANSWER"}]', '중', '지식', '투자원칙
', null, null, '김진균', TO_DATE('2020/01/07 02:00:00', 'YYYY/MM/DD HH24:MI:SS'), null, null, null, null, '자체 제작', '포트폴리오 일관성');
insert into "ETEST"."PROBLEM" ("PROB_ID", "ANSWER_TYPE", "QUESTION", "SOLUTION", "DIFFICULTY", "CATEGORY", "PART", "IMG_SRC", "TIME_RECOMMENDATION", "CREATOR_ID", "CREATE_DATE", "VALIDATOR_ID", "VALIDATE_DATE", "EDITOR_ID", "EDIT_DATE", "SOURCE", "INTENTION" ) values (60, 'MULTIPLE_CHOICE_WO_PASSAGE', '[{"data": "주식시장에서 일반적으로 투자대상인 기업을 분석할 때 우선적으로 살피는 부분이 아닌 것은?", "type": "QUESTION_TEXT"}]', '[{"data": 1, "type": "MULTIPLE_CHOICE_CORRECT_ANSWER"}]', '상', '지식', '투자원칙
', null, null, '김진균', TO_DATE('2020/01/07 02:00:00', 'YYYY/MM/DD HH24:MI:SS'), null, null, null, null, '자체 제작', '장기투자');
insert into "ETEST"."PROBLEM" ("PROB_ID", "ANSWER_TYPE", "QUESTION", "SOLUTION", "DIFFICULTY", "CATEGORY", "PART", "IMG_SRC", "TIME_RECOMMENDATION", "CREATOR_ID", "CREATE_DATE", "VALIDATOR_ID", "VALIDATE_DATE", "EDITOR_ID", "EDIT_DATE", "SOURCE", "INTENTION" ) values (61, 'MULTIPLE_CHOICE_WO_PASSAGE', '[{"data": "100만원이 생겼다. 주식에 투자하려는데 종목선정을 위해서 기업이 성장성을 확인하려고 한다. 어떤 지표를 확인해야 할까?", "type": "QUESTION_TEXT"}]', '[{"data": 3, "type": "MULTIPLE_CHOICE_CORRECT_ANSWER"}]', '하', '지식', '수익/성장/안정', null, null, '김진균', TO_DATE('2020/01/07 02:00:00', 'YYYY/MM/DD HH24:MI:SS'), null, null, null, null, '자체 제작', '영업이익');
insert into "ETEST"."PROBLEM" ("PROB_ID", "ANSWER_TYPE", "QUESTION", "SOLUTION", "DIFFICULTY", "CATEGORY", "PART", "IMG_SRC", "TIME_RECOMMENDATION", "CREATOR_ID", "CREATE_DATE", "VALIDATOR_ID", "VALIDATE_DATE", "EDITOR_ID", "EDIT_DATE", "SOURCE", "INTENTION" ) values (62, 'MULTIPLE_CHOICE_WO_PASSAGE', '[{"data": "기업의 수익성을 판단할 때 일반적으로 살펴보는 항목은?", "type": "QUESTION_TEXT"}]', '[{"data": 1, "type": "MULTIPLE_CHOICE_CORRECT_ANSWER"}]', '중', '지식', '수익/성장/안정
', null, null, '김진균', TO_DATE('2020/01/07 02:00:00', 'YYYY/MM/DD HH24:MI:SS'), null, null, null, null, '자체 제작', 'ROE');
insert into "ETEST"."PROBLEM" ("PROB_ID", "ANSWER_TYPE", "QUESTION", "SOLUTION", "DIFFICULTY", "CATEGORY", "PART", "IMG_SRC", "TIME_RECOMMENDATION", "CREATOR_ID", "CREATE_DATE", "VALIDATOR_ID", "VALIDATE_DATE", "EDITOR_ID", "EDIT_DATE", "SOURCE", "INTENTION" ) values (63, 'MULTIPLE_CHOICE_WO_PASSAGE', '[{"data": "삼성전자가 1Q 영업이익이 10조라는 기사를 보았다. 원래 예상은 5조였는데 이 경우는 무엇이어야 하는가?", "type": "QUESTION_TEXT"}]', '[{"data": 1, "type": "MULTIPLE_CHOICE_CORRECT_ANSWER"}]', '상', '지식', '수익/성장/안정
', null, null, '김진균', TO_DATE('2020/01/07 02:00:00', 'YYYY/MM/DD HH24:MI:SS'), null, null, null, null, '자체 제작', '부채비율');
insert into "ETEST"."PROBLEM" ("PROB_ID", "ANSWER_TYPE", "QUESTION", "SOLUTION", "DIFFICULTY", "CATEGORY", "PART", "IMG_SRC", "TIME_RECOMMENDATION", "CREATOR_ID", "CREATE_DATE", "VALIDATOR_ID", "VALIDATE_DATE", "EDITOR_ID", "EDIT_DATE", "SOURCE", "INTENTION" ) values (64, 'MULTIPLE_CHOICE_WO_PASSAGE', '[{"data": "PER가 30배라고 하는 것은 기업이익대비 가격이 30배라는 것을 뜻합니다. 업종 PER 25이고 A기업이 30, B기업이 20이라고 하면 다음 중 틀린 것은?", "type": "QUESTION_TEXT"}]', '[{"data": 3, "type": "MULTIPLE_CHOICE_CORRECT_ANSWER"}]', '하', '지식', '적정가격
', null, null, '김진균', TO_DATE('2020/01/07 02:00:00', 'YYYY/MM/DD HH24:MI:SS'), null, null, null, null, '자체 제작', '시가총액');
insert into "ETEST"."PROBLEM" ("PROB_ID", "ANSWER_TYPE", "QUESTION", "SOLUTION", "DIFFICULTY", "CATEGORY", "PART", "IMG_SRC", "TIME_RECOMMENDATION", "CREATOR_ID", "CREATE_DATE", "VALIDATOR_ID", "VALIDATE_DATE", "EDITOR_ID", "EDIT_DATE", "SOURCE", "INTENTION" ) values (65, 'MULTIPLE_CHOICE_WO_PASSAGE', '[{"data": "PER는 시장가격을 주당순이익으로 나눈 것이다.", "type": "QUESTION_TEXT"}]', '[{"data": 1, "type": "MULTIPLE_CHOICE_CORRECT_ANSWER"}]', '중', '지식', '적정가격
', null, null, '김진균', TO_DATE('2020/01/07 02:00:00', 'YYYY/MM/DD HH24:MI:SS'), null, null, null, null, '자체 제작', 'PER/PBR/PSR');
insert into "ETEST"."PROBLEM" ("PROB_ID", "ANSWER_TYPE", "QUESTION", "SOLUTION", "DIFFICULTY", "CATEGORY", "PART", "IMG_SRC", "TIME_RECOMMENDATION", "CREATOR_ID", "CREATE_DATE", "VALIDATOR_ID", "VALIDATE_DATE", "EDITOR_ID", "EDIT_DATE", "SOURCE", "INTENTION" ) values (66, 'MULTIPLE_CHOICE_WO_PASSAGE', '[{"data": "주식시장에서 일반적으로 투자대상인 기업을 분석할 때 우선적으로 살피는 부분이 아닌 것은?", "type": "QUESTION_TEXT"}]', '[{"data": 1, "type": "MULTIPLE_CHOICE_CORRECT_ANSWER"}]', '상', '지식', '적정가격
', null, null, '김진균', TO_DATE('2020/01/07 02:00:00', 'YYYY/MM/DD HH24:MI:SS'), null, null, null, null, '자체 제작', '자사주소각');
insert into "ETEST"."PROBLEM" ("PROB_ID", "ANSWER_TYPE", "QUESTION", "SOLUTION", "DIFFICULTY", "CATEGORY", "PART", "IMG_SRC", "TIME_RECOMMENDATION", "CREATOR_ID", "CREATE_DATE", "VALIDATOR_ID", "VALIDATE_DATE", "EDITOR_ID", "EDIT_DATE", "SOURCE", "INTENTION" ) values (67, 'MULTIPLE_CHOICE_WO_PASSAGE', '[{"data": "100만원이 생겼다. 주식에 투자하려는데 종목선정을 위해서 기업이 성장성을 확인하려고 한다. 어떤 지표를 확인해야 할까?", "type": "QUESTION_TEXT"}]', '[{"data": 3, "type": "MULTIPLE_CHOICE_CORRECT_ANSWER"}]', '하', '지식', '배당
', null, null, '김진균', TO_DATE('2020/01/07 02:00:00', 'YYYY/MM/DD HH24:MI:SS'), null, null, null, null, '자체 제작', '배당
');
insert into "ETEST"."PROBLEM" ("PROB_ID", "ANSWER_TYPE", "QUESTION", "SOLUTION", "DIFFICULTY", "CATEGORY", "PART", "IMG_SRC", "TIME_RECOMMENDATION", "CREATOR_ID", "CREATE_DATE", "VALIDATOR_ID", "VALIDATE_DATE", "EDITOR_ID", "EDIT_DATE", "SOURCE", "INTENTION" ) values (68, 'MULTIPLE_CHOICE_WO_PASSAGE', '[{"data": "기업의 수익성을 판단할 때 일반적으로 살펴보는 항목은?", "type": "QUESTION_TEXT"}]', '[{"data": 1, "type": "MULTIPLE_CHOICE_CORRECT_ANSWER"}]', '중', '지식', '배당
', null, null, '김진균', TO_DATE('2020/01/07 02:00:00', 'YYYY/MM/DD HH24:MI:SS'), null, null, null, null, '자체 제작', '시가배당율');
insert into "ETEST"."PROBLEM" ("PROB_ID", "ANSWER_TYPE", "QUESTION", "SOLUTION", "DIFFICULTY", "CATEGORY", "PART", "IMG_SRC", "TIME_RECOMMENDATION", "CREATOR_ID", "CREATE_DATE", "VALIDATOR_ID", "VALIDATE_DATE", "EDITOR_ID", "EDIT_DATE", "SOURCE", "INTENTION" ) values (69, 'MULTIPLE_CHOICE_WO_PASSAGE', '[{"data": "삼성전자가 1Q 영업이익이 10조라는 기사를 보았다. 원래 예상은 5조였는데 이 경우는 무엇이어야 하는가?", "type": "QUESTION_TEXT"}]', '[{"data": 1, "type": "MULTIPLE_CHOICE_CORRECT_ANSWER"}]', '상', '지식', '배당
', null, null, '김진균', TO_DATE('2020/01/07 02:00:00', 'YYYY/MM/DD HH24:MI:SS'), null, null, null, null, '자체 제작', '배당성장');
insert into "ETEST"."PROBLEM" ("PROB_ID", "ANSWER_TYPE", "QUESTION", "SOLUTION", "DIFFICULTY", "CATEGORY", "PART", "IMG_SRC", "TIME_RECOMMENDATION", "CREATOR_ID", "CREATE_DATE", "VALIDATOR_ID", "VALIDATE_DATE", "EDITOR_ID", "EDIT_DATE", "SOURCE", "INTENTION" ) values (70, 'MULTIPLE_CHOICE_WO_PASSAGE', '[{"data": "PER가 30배라고 하는 것은 기업이익대비 가격이 30배라는 것을 뜻합니다. 업종 PER 25이고 A기업이 30, B기업이 20이라고 하면 다음 중 틀린 것은?", "type": "QUESTION_TEXT"}]', '[{"data": 3, "type": "MULTIPLE_CHOICE_CORRECT_ANSWER"}]', '하', '지식', '주식 리스크
', null, null, '김진균', TO_DATE('2020/01/07 02:00:00', 'YYYY/MM/DD HH24:MI:SS'), null, null, null, null, '자체 제작', '리스크 특징');
insert into "ETEST"."PROBLEM" ("PROB_ID", "ANSWER_TYPE", "QUESTION", "SOLUTION", "DIFFICULTY", "CATEGORY", "PART", "IMG_SRC", "TIME_RECOMMENDATION", "CREATOR_ID", "CREATE_DATE", "VALIDATOR_ID", "VALIDATE_DATE", "EDITOR_ID", "EDIT_DATE", "SOURCE", "INTENTION" ) values (71, 'MULTIPLE_CHOICE_WO_PASSAGE', '[{"data": "PER는 시장가격을 주당순이익으로 나눈 것이다.", "type": "QUESTION_TEXT"}]', '[{"data": 1, "type": "MULTIPLE_CHOICE_CORRECT_ANSWER"}]', '중', '지식', '주식 리스크
', null, null, '김진균', TO_DATE('2020/01/07 02:00:00', 'YYYY/MM/DD HH24:MI:SS'), null, null, null, null, '자체 제작', '대형주/소형주');
insert into "ETEST"."PROBLEM" ("PROB_ID", "ANSWER_TYPE", "QUESTION", "SOLUTION", "DIFFICULTY", "CATEGORY", "PART", "IMG_SRC", "TIME_RECOMMENDATION", "CREATOR_ID", "CREATE_DATE", "VALIDATOR_ID", "VALIDATE_DATE", "EDITOR_ID", "EDIT_DATE", "SOURCE", "INTENTION" ) values (72, 'MULTIPLE_CHOICE_WO_PASSAGE', '[{"data": "주식시장에서 일반적으로 투자대상인 기업을 분석할 때 우선적으로 살피는 부분이 아닌 것은?", "type": "QUESTION_TEXT"}]', '[{"data": 1, "type": "MULTIPLE_CHOICE_CORRECT_ANSWER"}]', '상', '지식', '주식 리스크
', null, null, '김진균', TO_DATE('2020/01/07 02:00:00', 'YYYY/MM/DD HH24:MI:SS'), null, null, null, null, '자체 제작', '가치주/성장주');
insert into "ETEST"."PROBLEM" ("PROB_ID", "ANSWER_TYPE", "QUESTION", "SOLUTION", "DIFFICULTY", "CATEGORY", "PART", "IMG_SRC", "TIME_RECOMMENDATION", "CREATOR_ID", "CREATE_DATE", "VALIDATOR_ID", "VALIDATE_DATE", "EDITOR_ID", "EDIT_DATE", "SOURCE", "INTENTION" ) values (73, 'MULTIPLE_CHOICE_WO_PASSAGE', '[{"data": "100만원이 생겼다. 주식에 투자하려는데 종목선정을 위해서 기업이 성장성을 확인하려고 한다. 어떤 지표를 확인해야 할까?", "type": "QUESTION_TEXT"}]', '[{"data": 3, "type": "MULTIPLE_CHOICE_CORRECT_ANSWER"}]', '하', '지식', '업종
', null, null, '김진균', TO_DATE('2020/01/07 02:00:00', 'YYYY/MM/DD HH24:MI:SS'), null, null, null, null, '자체 제작', '영업개요');
insert into "ETEST"."PROBLEM" ("PROB_ID", "ANSWER_TYPE", "QUESTION", "SOLUTION", "DIFFICULTY", "CATEGORY", "PART", "IMG_SRC", "TIME_RECOMMENDATION", "CREATOR_ID", "CREATE_DATE", "VALIDATOR_ID", "VALIDATE_DATE", "EDITOR_ID", "EDIT_DATE", "SOURCE", "INTENTION" ) values (74, 'MULTIPLE_CHOICE_WO_PASSAGE', '[{"data": "기업의 수익성을 판단할 때 일반적으로 살펴보는 항목은?", "type": "QUESTION_TEXT"}]', '[{"data": 1, "type": "MULTIPLE_CHOICE_CORRECT_ANSWER"}]', '중', '지식', '업종
', null, null, '김진균', TO_DATE('2020/01/07 02:00:00', 'YYYY/MM/DD HH24:MI:SS'), null, null, null, null, '자체 제작', '업종특징');
insert into "ETEST"."PROBLEM" ("PROB_ID", "ANSWER_TYPE", "QUESTION", "SOLUTION", "DIFFICULTY", "CATEGORY", "PART", "IMG_SRC", "TIME_RECOMMENDATION", "CREATOR_ID", "CREATE_DATE", "VALIDATOR_ID", "VALIDATE_DATE", "EDITOR_ID", "EDIT_DATE", "SOURCE", "INTENTION" ) values (75, 'MULTIPLE_CHOICE_WO_PASSAGE', '[{"data": "삼성전자가 1Q 영업이익이 10조라는 기사를 보았다. 원래 예상은 5조였는데 이 경우는 무엇이어야 하는가?", "type": "QUESTION_TEXT"}]', '[{"data": 1, "type": "MULTIPLE_CHOICE_CORRECT_ANSWER"}]', '상', '지식', '업종
', null, null, '김진균', TO_DATE('2020/01/07 02:00:00', 'YYYY/MM/DD HH24:MI:SS'), null, null, null, null, '자체 제작', '업종대표주');
insert into "ETEST"."PROBLEM" ("PROB_ID", "ANSWER_TYPE", "QUESTION", "SOLUTION", "DIFFICULTY", "CATEGORY", "PART", "IMG_SRC", "TIME_RECOMMENDATION", "CREATOR_ID", "CREATE_DATE", "VALIDATOR_ID", "VALIDATE_DATE", "EDITOR_ID", "EDIT_DATE", "SOURCE", "INTENTION" ) values (76, 'MULTIPLE_CHOICE_WO_PASSAGE', '[{"data": "PER가 30배라고 하는 것은 기업이익대비 가격이 30배라는 것을 뜻합니다. 업종 PER 25이고 A기업이 30, B기업이 20이라고 하면 다음 중 틀린 것은?", "type": "QUESTION_TEXT"}]', '[{"data": 3, "type": "MULTIPLE_CHOICE_CORRECT_ANSWER"}]', '하', '지식', '거시경제
', null, null, '김진균', TO_DATE('2020/01/07 02:00:00', 'YYYY/MM/DD HH24:MI:SS'), null, null, null, null, '자체 제작', '금리');
insert into "ETEST"."PROBLEM" ("PROB_ID", "ANSWER_TYPE", "QUESTION", "SOLUTION", "DIFFICULTY", "CATEGORY", "PART", "IMG_SRC", "TIME_RECOMMENDATION", "CREATOR_ID", "CREATE_DATE", "VALIDATOR_ID", "VALIDATE_DATE", "EDITOR_ID", "EDIT_DATE", "SOURCE", "INTENTION" ) values (77, 'MULTIPLE_CHOICE_WO_PASSAGE', '[{"data": "PER는 시장가격을 주당순이익으로 나눈 것이다.", "type": "QUESTION_TEXT"}]', '[{"data": 1, "type": "MULTIPLE_CHOICE_CORRECT_ANSWER"}]', '중', '지식', '거시경제
', null, null, '김진균', TO_DATE('2020/01/07 02:00:00', 'YYYY/MM/DD HH24:MI:SS'), null, null, null, null, '자체 제작', '경기민감주');
insert into "ETEST"."PROBLEM" ("PROB_ID", "ANSWER_TYPE", "QUESTION", "SOLUTION", "DIFFICULTY", "CATEGORY", "PART", "IMG_SRC", "TIME_RECOMMENDATION", "CREATOR_ID", "CREATE_DATE", "VALIDATOR_ID", "VALIDATE_DATE", "EDITOR_ID", "EDIT_DATE", "SOURCE", "INTENTION" ) values (78, 'MULTIPLE_CHOICE_WO_PASSAGE', '[{"data": "주식시장에서 일반적으로 투자대상인 기업을 분석할 때 우선적으로 살피는 부분이 아닌 것은?", "type": "QUESTION_TEXT"}]', '[{"data": 1, "type": "MULTIPLE_CHOICE_CORRECT_ANSWER"}]', '상', '지식', '거시경제
', null, null, '김진균', TO_DATE('2020/01/07 02:00:00', 'YYYY/MM/DD HH24:MI:SS'), null, null, null, null, '자체 제작', '종합적 판단');
insert into "ETEST"."PROBLEM" ("PROB_ID", "ANSWER_TYPE", "QUESTION", "SOLUTION", "DIFFICULTY", "CATEGORY", "PART", "IMG_SRC", "TIME_RECOMMENDATION", "CREATOR_ID", "CREATE_DATE", "VALIDATOR_ID", "VALIDATE_DATE", "EDITOR_ID", "EDIT_DATE", "SOURCE", "INTENTION" ) values (79, 'MULTIPLE_CHOICE_WO_PASSAGE', '[{"data": "100만원이 생겼다. 주식에 투자하려는데 종목선정을 위해서 기업이 성장성을 확인하려고 한다. 어떤 지표를 확인해야 할까?", "type": "QUESTION_TEXT"}]', '[{"data": 3, "type": "MULTIPLE_CHOICE_CORRECT_ANSWER"}]', '하', '지식', '매매거래
', null, null, '김진균', TO_DATE('2020/01/07 02:00:00', 'YYYY/MM/DD HH24:MI:SS'), null, null, null, null, '자체 제작', '매도/매수');
insert into "ETEST"."PROBLEM" ("PROB_ID", "ANSWER_TYPE", "QUESTION", "SOLUTION", "DIFFICULTY", "CATEGORY", "PART", "IMG_SRC", "TIME_RECOMMENDATION", "CREATOR_ID", "CREATE_DATE", "VALIDATOR_ID", "VALIDATE_DATE", "EDITOR_ID", "EDIT_DATE", "SOURCE", "INTENTION" ) values (80, 'MULTIPLE_CHOICE_WO_PASSAGE', '[{"data": "기업의 수익성을 판단할 때 일반적으로 살펴보는 항목은?", "type": "QUESTION_TEXT"}]', '[{"data": 1, "type": "MULTIPLE_CHOICE_CORRECT_ANSWER"}]', '중', '지식', '매매거래
', null, null, '김진균', TO_DATE('2020/01/07 02:00:00', 'YYYY/MM/DD HH24:MI:SS'), null, null, null, null, '자체 제작', '결제');
insert into "ETEST"."PROBLEM" ("PROB_ID", "ANSWER_TYPE", "QUESTION", "SOLUTION", "DIFFICULTY", "CATEGORY", "PART", "IMG_SRC", "TIME_RECOMMENDATION", "CREATOR_ID", "CREATE_DATE", "VALIDATOR_ID", "VALIDATE_DATE", "EDITOR_ID", "EDIT_DATE", "SOURCE", "INTENTION" ) values (81, 'MULTIPLE_CHOICE_WO_PASSAGE', '[{"data": "삼성전자가 1Q 영업이익이 10조라는 기사를 보았다. 원래 예상은 5조였는데 이 경우는 무엇이어야 하는가?", "type": "QUESTION_TEXT"}]', '[{"data": 1, "type": "MULTIPLE_CHOICE_CORRECT_ANSWER"}]', '상', '지식', '매매거래
', null, null, '김진균', TO_DATE('2020/01/07 02:00:00', 'YYYY/MM/DD HH24:MI:SS'), null, null, null, null, '자체 제작', '거래량/거래대금');
insert into "ETEST"."PROBLEM" ("PROB_ID", "ANSWER_TYPE", "QUESTION", "SOLUTION", "DIFFICULTY", "CATEGORY", "PART", "IMG_SRC", "TIME_RECOMMENDATION", "CREATOR_ID", "CREATE_DATE", "VALIDATOR_ID", "VALIDATE_DATE", "EDITOR_ID", "EDIT_DATE", "SOURCE", "INTENTION" ) values (82, 'MULTIPLE_CHOICE_WO_PASSAGE', '[{"data": "PER가 30배라고 하는 것은 기업이익대비 가격이 30배라는 것을 뜻합니다. 업종 PER 25이고 A기업이 30, B기업이 20이라고 하면 다음 중 틀린 것은?", "type": "QUESTION_TEXT"}]', '[{"data": 3, "type": "MULTIPLE_CHOICE_CORRECT_ANSWER"}]', '하', '지식', '시장상황
', null, null, '김진균', TO_DATE('2020/01/07 02:00:00', 'YYYY/MM/DD HH24:MI:SS'), null, null, null, null, '자체 제작', '상한가/하한가');
insert into "ETEST"."PROBLEM" ("PROB_ID", "ANSWER_TYPE", "QUESTION", "SOLUTION", "DIFFICULTY", "CATEGORY", "PART", "IMG_SRC", "TIME_RECOMMENDATION", "CREATOR_ID", "CREATE_DATE", "VALIDATOR_ID", "VALIDATE_DATE", "EDITOR_ID", "EDIT_DATE", "SOURCE", "INTENTION" ) values (83, 'MULTIPLE_CHOICE_WO_PASSAGE', '[{"data": "PER는 시장가격을 주당순이익으로 나눈 것이다.", "type": "QUESTION_TEXT"}]', '[{"data": 1, "type": "MULTIPLE_CHOICE_CORRECT_ANSWER"}]', '중', '지식', '시장상황
', null, null, '김진균', TO_DATE('2020/01/07 02:00:00', 'YYYY/MM/DD HH24:MI:SS'), null, null, null, null, '자체 제작', '시가/종가');
insert into "ETEST"."PROBLEM" ("PROB_ID", "ANSWER_TYPE", "QUESTION", "SOLUTION", "DIFFICULTY", "CATEGORY", "PART", "IMG_SRC", "TIME_RECOMMENDATION", "CREATOR_ID", "CREATE_DATE", "VALIDATOR_ID", "VALIDATE_DATE", "EDITOR_ID", "EDIT_DATE", "SOURCE", "INTENTION" ) values (84, 'MULTIPLE_CHOICE_WO_PASSAGE', '[{"data": "주식시장에서 일반적으로 투자대상인 기업을 분석할 때 우선적으로 살피는 부분이 아닌 것은?", "type": "QUESTION_TEXT"}]', '[{"data": 1, "type": "MULTIPLE_CHOICE_CORRECT_ANSWER"}]', '상', '지식', '시장상황
', null, null, '김진균', TO_DATE('2020/01/07 02:00:00', 'YYYY/MM/DD HH24:MI:SS'), null, null, null, null, '자체 제작', '52주 고가/저가');
insert into "ETEST"."PROBLEM" ("PROB_ID", "ANSWER_TYPE", "QUESTION", "SOLUTION", "DIFFICULTY", "CATEGORY", "PART", "IMG_SRC", "TIME_RECOMMENDATION", "CREATOR_ID", "CREATE_DATE", "VALIDATOR_ID", "VALIDATE_DATE", "EDITOR_ID", "EDIT_DATE", "SOURCE", "INTENTION" ) values (85, 'MULTIPLE_CHOICE_WO_PASSAGE', '[{"data": "100만원이 생겼다. 주식에 투자하려는데 종목선정을 위해서 기업이 성장성을 확인하려고 한다. 어떤 지표를 확인해야 할까?", "type": "QUESTION_TEXT"}]', '[{"data": 3, "type": "MULTIPLE_CHOICE_CORRECT_ANSWER"}]', '하', '지식', '매매전략
', null, null, '김진균', TO_DATE('2020/01/07 02:00:00', 'YYYY/MM/DD HH24:MI:SS'), null, null, null, null, '자체 제작', '분할매수/분할매도');
insert into "ETEST"."PROBLEM" ("PROB_ID", "ANSWER_TYPE", "QUESTION", "SOLUTION", "DIFFICULTY", "CATEGORY", "PART", "IMG_SRC", "TIME_RECOMMENDATION", "CREATOR_ID", "CREATE_DATE", "VALIDATOR_ID", "VALIDATE_DATE", "EDITOR_ID", "EDIT_DATE", "SOURCE", "INTENTION" ) values (86, 'MULTIPLE_CHOICE_WO_PASSAGE', '[{"data": "기업의 수익성을 판단할 때 일반적으로 살펴보는 항목은?", "type": "QUESTION_TEXT"}]', '[{"data": 1, "type": "MULTIPLE_CHOICE_CORRECT_ANSWER"}]', '중', '지식', '매매전략
', null, null, '김진균', TO_DATE('2020/01/07 02:00:00', 'YYYY/MM/DD HH24:MI:SS'), null, null, null, null, '자체 제작', '세금/수수료');
insert into "ETEST"."PROBLEM" ("PROB_ID", "ANSWER_TYPE", "QUESTION", "SOLUTION", "DIFFICULTY", "CATEGORY", "PART", "IMG_SRC", "TIME_RECOMMENDATION", "CREATOR_ID", "CREATE_DATE", "VALIDATOR_ID", "VALIDATE_DATE", "EDITOR_ID", "EDIT_DATE", "SOURCE", "INTENTION" ) values (87, 'MULTIPLE_CHOICE_WO_PASSAGE', '[{"data": "삼성전자가 1Q 영업이익이 10조라는 기사를 보았다. 원래 예상은 5조였는데 이 경우는 무엇이어야 하는가?", "type": "QUESTION_TEXT"}]', '[{"data": 1, "type": "MULTIPLE_CHOICE_CORRECT_ANSWER"}]', '상', '지식', '매매전략
', null, null, '김진균', TO_DATE('2020/01/07 02:00:00', 'YYYY/MM/DD HH24:MI:SS'), null, null, null, null, '자체 제작', '봉차트');
insert into "ETEST"."PROBLEM" ("PROB_ID", "ANSWER_TYPE", "QUESTION", "SOLUTION", "DIFFICULTY", "CATEGORY", "PART", "IMG_SRC", "TIME_RECOMMENDATION", "CREATOR_ID", "CREATE_DATE", "VALIDATOR_ID", "VALIDATE_DATE", "EDITOR_ID", "EDIT_DATE", "SOURCE", "INTENTION" ) values (88, 'MULTIPLE_CHOICE_W_PASSAGE', '[{"data": "복리효과를 감안했을 때 수익률이 가장 높은 사람으로 올바른 것은?", "type": "QUESTION_TEXT"}, {"data": "[강감찬씨는 1년을 투자해서 6% 수익을 냈다,\n김유신씨는 2년을 투자해서 12% 수익을 냈다,\n곽재우씨는 3년을 투자해서 18% 수익을 냈다,\n이순신씨는 4년 동안 투자해서 24% 수익을 냈다]", "type": "PREFACED_EXAMPLE_BOX_TEXT"}]', '[{"data": 1, "type": "MULTIPLE_CHOICE_CORRECT_ANSWER"}, {"data": "투자 대상 기간이 서로 다를 때는 서로 비교할 수 없다. 이때는 수익률을 1년을 기준으로 표준화 해서 비교하는 것이 일반적이다. 그리고 연율화 과정에서 재투자를 가정해 복리를 적용해 계산하는 것이 원칙이다. \n② 김유신씨가 2년 동안 낸 12% 수익을 연으로 환산하면 5.8%이다.\n③ 곽재우씨가 3년 동안 낸 18% 수익을 연으로 환산하면 5.8%이다.\n④ 이순신씨가 4년 동안 낸 24% 수익을 연으로 환산하면 5.5%이다. ", "type": "SOLUTION_TEXT"}]', '상', '미니테스트', null, null, null, '이장영', TO_DATE('2021/06/28 00:00:00', 'YYYY/MM/DD HH24:MI:SS'), null, null, null, null, '집필진 출제', '복리효과 이해');
insert into "ETEST"."PROBLEM" ("PROB_ID", "ANSWER_TYPE", "QUESTION", "SOLUTION", "DIFFICULTY", "CATEGORY", "PART", "IMG_SRC", "TIME_RECOMMENDATION", "CREATOR_ID", "CREATE_DATE", "VALIDATOR_ID", "VALIDATE_DATE", "EDITOR_ID", "EDIT_DATE", "SOURCE", "INTENTION" ) values (89, 'MULTIPLE_CHOICE_WO_PASSAGE', '[{"data": "투자수익과 리스크에 대한 설명으로 가장 거리가 먼 것은?", "type": "QUESTION_TEXT"}]', '[{"data": 2, "type": "MULTIPLE_CHOICE_CORRECT_ANSWER"}, {"data": "기대 수익률이 연 10%라고 해서 그 주식에 투자하면 무조건 연 10%의 수익을 얻는다는 뜻은 아니다. 기대한 수익이 실현되지 않을 가능성, 투자 결과가 기대했던 수익과 다를 가능성을 리스크라고 한다. 투자 위험은 투자에서 예상되는 미래 수익률의 분산이나 표준편차로 측정한다. 즉, 예상 수익률이 기대 수익률에서 크게 벗어나지 않으면 투자 위험이 적거나 없다고 하고, 예상되는 수익이 들쑥날쑥하면 리스크가 크다고 말한다.", "type": "SOLUTION_TEXT"}]', '중', '미니테스트', null, null, null, '이장영', TO_DATE('2021/06/28 00:00:00', 'YYYY/MM/DD HH24:MI:SS'), null, null, null, null, '집필진 출제', '리스크에 대한 이해');
insert into "ETEST"."PROBLEM" ("PROB_ID", "ANSWER_TYPE", "QUESTION", "SOLUTION", "DIFFICULTY", "CATEGORY", "PART", "IMG_SRC", "TIME_RECOMMENDATION", "CREATOR_ID", "CREATE_DATE", "VALIDATOR_ID", "VALIDATE_DATE", "EDITOR_ID", "EDIT_DATE", "SOURCE", "INTENTION" ) values (90, 'MULTIPLE_CHOICE_WO_PASSAGE', '[{"data": "계란을 한 바구니에 담지 말라는 말과 관련 있는 투자 방법으로 가장 올바른 것은?", "type": "QUESTION_TEXT"}]', '[{"data": 1, "type": "MULTIPLE_CHOICE_CORRECT_ANSWER"}, {"data": "분산투자라의 중요성을 표현한 대표적인 말이다. 분산투자는 계란을 옮길 때 많은 바구니를 사용한다는 뜻 이상이다. 다른 것들과 분명히 구별되는 바구니를 찾는 것이 중요해졌다. 각 바구니의 독특한 수익률 형태가 다른 바구니의 손익을 부분적으로 상쇄해서 전체 포트폴리오의 변동성을 낮추기 때문이다", "type": "SOLUTION_TEXT"}]', '하', '미니테스트', null, null, null, '이장영', TO_DATE('2021/07/01 00:00:00', 'YYYY/MM/DD HH24:MI:SS'), null, null, null, null, '집필진 출제', '분산투자 이해');
insert into "ETEST"."PROBLEM" ("PROB_ID", "ANSWER_TYPE", "QUESTION", "SOLUTION", "DIFFICULTY", "CATEGORY", "PART", "IMG_SRC", "TIME_RECOMMENDATION", "CREATOR_ID", "CREATE_DATE", "VALIDATOR_ID", "VALIDATE_DATE", "EDITOR_ID", "EDIT_DATE", "SOURCE", "INTENTION" ) values (91, 'MULTIPLE_CHOICE_WO_PASSAGE', '[{"data": "비체계적인 위험에 대한 설명으로 가장 거리가 먼 것은?", "type": "QUESTION_TEXT"}]', '[{"data": 3, "type": "MULTIPLE_CHOICE_CORRECT_ANSWER"}, {"data": "비체계적인 위험은 적절한 분산투자를 통해 쉽게 제거할 수 있기 때문에, 비체계적인 리스크를 떠안아도 추가적인 보상을 받을 수는 없다. 투자자들이 보상받을 수 있는 리스크는 체계적인 위험 뿐이다", "type": "SOLUTION_TEXT"}]', '중', '미니테스트', null, null, null, '이장영', TO_DATE('2021/07/01 00:00:00', 'YYYY/MM/DD HH24:MI:SS'), null, null, null, null, '집필진 출제', '비체계적 위험 이해');
insert into "ETEST"."PROBLEM" ("PROB_ID", "ANSWER_TYPE", "QUESTION", "SOLUTION", "DIFFICULTY", "CATEGORY", "PART", "IMG_SRC", "TIME_RECOMMENDATION", "CREATOR_ID", "CREATE_DATE", "VALIDATOR_ID", "VALIDATE_DATE", "EDITOR_ID", "EDIT_DATE", "SOURCE", "INTENTION" ) values (92, 'MULTIPLE_CHOICE_WO_PASSAGE', '[{"data": "주식에 대한 설명으로 가장 거리가 먼 것은?", "type": "QUESTION_TEXT"}]', '[{"data": 3, "type": "MULTIPLE_CHOICE_CORRECT_ANSWER"}, {"data": "발행된 주식은 지정된 거래소에서 거래되기도 하지만, 거래소 밖에서 거래가 이뤄질 때도 있다. 이를 장외거래라고 한다", "type": "SOLUTION_TEXT"}]', '하', '미니테스트', null, null, null, '이장영', TO_DATE('2021/07/01 00:00:00', 'YYYY/MM/DD HH24:MI:SS'), null, null, null, null, '집필진 출제', '주식일반 이해');
insert into "ETEST"."PROBLEM" ("PROB_ID", "ANSWER_TYPE", "QUESTION", "SOLUTION", "DIFFICULTY", "CATEGORY", "PART", "IMG_SRC", "TIME_RECOMMENDATION", "CREATOR_ID", "CREATE_DATE", "VALIDATOR_ID", "VALIDATE_DATE", "EDITOR_ID", "EDIT_DATE", "SOURCE", "INTENTION" ) values (93, 'MULTIPLE_CHOICE_W_PASSAGE', '[{"data": "다음 (  ) 안에 들어갈 말로 가장 올바른 것은?", "type": "QUESTION_TEXT"}, {"data": "[한국거래소에서 주식을 거래할 때, 하루에 움직일 수 있는 주가의 변동폭은 상하 (    ) %이다]", "type": "EXAMPLE_BOX_TEXT"}]', '[{"data": 4, "type": "MULTIPLE_CHOICE_CORRECT_ANSWER"}, {"data": "한국거래소의 주식거래 일별 가격 제한은 기준가 대비 상하 30%다", "type": "SOLUTION_TEXT"}]', '하', '미니테스트', null, null, null, '이장영', TO_DATE('2021/07/01 00:00:00', 'YYYY/MM/DD HH24:MI:SS'), null, null, null, null, '집필진 출제', '가격변동폭 이해');
insert into "ETEST"."PROBLEM" ("PROB_ID", "ANSWER_TYPE", "QUESTION", "SOLUTION", "DIFFICULTY", "CATEGORY", "PART", "IMG_SRC", "TIME_RECOMMENDATION", "CREATOR_ID", "CREATE_DATE", "VALIDATOR_ID", "VALIDATE_DATE", "EDITOR_ID", "EDIT_DATE", "SOURCE", "INTENTION" ) values (94, 'MULTIPLE_CHOICE_WO_PASSAGE', '[{"data": "주식가치의 적정성을 평가할때 활용하는 지표로 가장 거리가 먼 것은?", "type": "QUESTION_TEXT"}]', '[{"data": 4, "type": "MULTIPLE_CHOICE_CORRECT_ANSWER"}, {"data": "지문 1은 주가이익비율(또는 주가수익비율)으로, 주가를 주당 순이익으로 나눈 값이다.\n지문 2는 주가장부가치비율(또는 주가순자산비율)으로, 주가를 주당 순자산으로 나눈 값이다.\n지문 3은 주가매출비율으로 주가를 주당 매출액으로 나눈 값이다.\n지문 4는 파생결합증권의 하나인 주가워런트증권(Equity Linked Warrant)으로, 주식가치 평가지표와는 무관한 금융투자상품의 하나이다.", "type": "SOLUTION_TEXT"}]', '중', '미니테스트', null, null, null, '이장영', TO_DATE('2021/06/15 00:00:00', 'YYYY/MM/DD HH24:MI:SS'), null, null, null, null, '집필진 출제', '주가배율의 정확한 이해');
insert into "ETEST"."PROBLEM" ("PROB_ID", "ANSWER_TYPE", "QUESTION", "SOLUTION", "DIFFICULTY", "CATEGORY", "PART", "IMG_SRC", "TIME_RECOMMENDATION", "CREATOR_ID", "CREATE_DATE", "VALIDATOR_ID", "VALIDATE_DATE", "EDITOR_ID", "EDIT_DATE", "SOURCE", "INTENTION" ) values (95, 'MULTIPLE_CHOICE_WO_PASSAGE', '[{"data": "기술적 분석 중 이동평균선에 대한 설명으로 가장 거리가 먼 것은?", "type": "QUESTION_TEXT"}]', '[{"data": 3, "type": "MULTIPLE_CHOICE_CORRECT_ANSWER"}, {"data": "이동평균선은 기술적 분석에서 중요한 보조지표이다. 일정 기간의 주가 평균치를 선으로 연결하여 현재의 주가와 비교하거나 이동평균선 자체의 흐름을 분석할 수 있다. \n이동평균선을 주가가 상향돌파하는 상황을 골드크로스로 부르며, 중요한 주식매수 신호로 인식된다. 반대로 이동평균선을 주가가 하향돌파하는 상황을 데드크로스(Dead Cross)라고 부르며, 중요한 주식매도 신호로 인식된다.", "type": "SOLUTION_TEXT"}]', '하', '미니테스트', null, null, null, '이장영', TO_DATE('2021/06/27 00:00:00', 'YYYY/MM/DD HH24:MI:SS'), null, null, null, null, '집필진 출제', '이동평균선 이해');
insert into "ETEST"."PROBLEM" ("PROB_ID", "ANSWER_TYPE", "QUESTION", "SOLUTION", "DIFFICULTY", "CATEGORY", "PART", "IMG_SRC", "TIME_RECOMMENDATION", "CREATOR_ID", "CREATE_DATE", "VALIDATOR_ID", "VALIDATE_DATE", "EDITOR_ID", "EDIT_DATE", "SOURCE", "INTENTION" ) values (96, 'MULTIPLE_CHOICE_W_PASSAGE', '[{"data": "다음과 같은 주식에 대한 설명으로 가장 거리가 먼 것은?", "type": "QUESTION_TEXT"}, {"data": "[A주식 : 주가 10,000원 액면가 5,000원,\nB주식 : 주가 2,000원 액면가 1,000원 (6개월 전 액면분할 실시 5000원→1000원)]", "type": "PREFACED_EXAMPLE_BOX_TEXT"}]', '[{"data": 1, "type": "MULTIPLE_CHOICE_CORRECT_ANSWER"}, {"data": "액면분할은 기존 액면가격을 나누어 비율만큼 발행주식수를 늘리는 것이다. 기존 액면가 5000원에서 1000원으로 액면분할을 한다면, 발행주식수는 기존 1주에서 5주로 늘어난다.\n지문 ①에서 만일 A주식이 5,000원에서 1,000원으로 액면분할한다면, 직관적으로 주가 역시 10,000원에서 2,000원으로 1/5 낮아질 수 있다. 주가를 비교 평가할 때, 액면가 대지 주가는 참고지표일 뿐, 주가의 가치적도로 활용하지 않는다. 지문 ②와 지문 ③은 액면분할로 인해 통상적으로 발생할 수 있는 현상이다.\n지문 ④에서 두 기업의 PER가 5.0배로 동일하다면, 내재가치 측면에서 비슷하다고 평가할 수 있다.", "type": "SOLUTION_TEXT"}]', '중', '미니테스트', null, null, null, '이장영', TO_DATE('2021/06/24 00:00:00', 'YYYY/MM/DD HH24:MI:SS'), null, null, null, null, '집필진 출제', '액면가와 시가 구별');
insert into "ETEST"."PROBLEM" ("PROB_ID", "ANSWER_TYPE", "QUESTION", "SOLUTION", "DIFFICULTY", "CATEGORY", "PART", "IMG_SRC", "TIME_RECOMMENDATION", "CREATOR_ID", "CREATE_DATE", "VALIDATOR_ID", "VALIDATE_DATE", "EDITOR_ID", "EDIT_DATE", "SOURCE", "INTENTION" ) values (97, 'MULTIPLE_CHOICE_WO_PASSAGE', '[{"data": "경제지표에 대한 설명으로 가장 거리가 먼 것은?", "type": "QUESTION_TEXT"}]', '[{"data": 3, "type": "MULTIPLE_CHOICE_CORRECT_ANSWER"}, {"data": "금리나 주가에 직접적인 영향을 미치는 것은 GDP 지표 발표치 자체가 아니라 한국은행과 각 금융 기관이 전망하는 향후 GDP 추정치와 이에 대한 시장의 컨센서스 변화인 경우가 많다.", "type": "SOLUTION_TEXT"}]', '중', '미니테스트', null, null, null, '이장영', TO_DATE('2021/07/01 00:00:00', 'YYYY/MM/DD HH24:MI:SS'), null, null, null, null, '집필진 출제', '경제지표 이해');
insert into "ETEST"."PROBLEM" ("PROB_ID", "ANSWER_TYPE", "QUESTION", "SOLUTION", "DIFFICULTY", "CATEGORY", "PART", "IMG_SRC", "TIME_RECOMMENDATION", "CREATOR_ID", "CREATE_DATE", "VALIDATOR_ID", "VALIDATE_DATE", "EDITOR_ID", "EDIT_DATE", "SOURCE", "INTENTION" ) values (98, 'MULTIPLE_CHOICE_W_PASSAGE', '[{"data": "시중금리의 변화로 <보기>의 (    ) 안에 들어갈 말을 순서대로 올바르게 나열한 것은?", "type": "QUESTION_TEXT"}, {"data": "[경기하락예상 → (       ),\n통화긴축정책 → (       ),\n확장적 재정정책 → (       ),\n주식시장 상승 → (       )]", "type": "PREFACED_EXAMPLE_BOX_TEXT"}]', '[{"data": 1, "type": "MULTIPLE_CHOICE_CORRECT_ANSWER"}, {"data": "기준금리 상향 등을 통한 통화 긴축정책은 시중 유동성을 흡수하며 금리상승을유발하며 확장적 재정정책 (경기부양 재정정책)은 국채발행과 경기부양 가능성 확대로 금리상승을 유발한다. 주식시장 상승은 경기지표의 호전과 채권시장 자금의 주식시장 이동을 통해 금리상승을 유발한다.", "type": "SOLUTION_TEXT"}]', '상', '미니테스트', null, null, null, '이장영', TO_DATE('2021/07/01 00:00:00', 'YYYY/MM/DD HH24:MI:SS'), null, null, null, null, '집필진 출제', '금리변동요인 이해');
insert into "ETEST"."PROBLEM" ("PROB_ID", "ANSWER_TYPE", "QUESTION", "SOLUTION", "DIFFICULTY", "CATEGORY", "PART", "IMG_SRC", "TIME_RECOMMENDATION", "CREATOR_ID", "CREATE_DATE", "VALIDATOR_ID", "VALIDATE_DATE", "EDITOR_ID", "EDIT_DATE", "SOURCE", "INTENTION" ) values (99, 'MULTIPLE_CHOICE_WO_PASSAGE', '[{"data": "자본시장과 거시경제 변수 등에 대한 설명으로 가장 올바른 것은?", "type": "QUESTION_TEXT"}]', '[{"data": 2, "type": "MULTIPLE_CHOICE_CORRECT_ANSWER"}, {"data": "①시중 금리 수준이 높아지면 대출이 줄어들어 시중 유동성이 줄어들게 된다.\n③GDP는 분기별로 발표하기 때문에 금리나 주가에 직접적인 영향을 미치는 것은 지표 발표 자체가 아니라 한국은행과 각 금융 기관이 전망하는 향후 GDP 추정치와 이에 대한 시장의 컨센서스 변화인 경우가 많다.\n④수많은 국가들이 자국의 통화가치를 약하게 하여 외국 통화의 유입을 유도하는 물밑 정책을 펼치고 있다.", "type": "SOLUTION_TEXT"}]', '상', '미니테스트', null, null, null, '이장영', TO_DATE('2021/07/01 00:00:00', 'YYYY/MM/DD HH24:MI:SS'), null, null, null, null, '집필진 출제', '거시경제변수 이해');
insert into "ETEST"."PROBLEM" ("PROB_ID", "ANSWER_TYPE", "QUESTION", "SOLUTION", "DIFFICULTY", "CATEGORY", "PART", "IMG_SRC", "TIME_RECOMMENDATION", "CREATOR_ID", "CREATE_DATE", "VALIDATOR_ID", "VALIDATE_DATE", "EDITOR_ID", "EDIT_DATE", "SOURCE", "INTENTION" ) values (100, 'MULTIPLE_CHOICE_W_PASSAGE', '[{"data": "다음 신문 기사의 내용을 통해 김씨의 행동편향으로 예상되는 것으로 가장 거리가 먼 것은?", "type": "QUESTION_TEXT"}, {"data": "[<기사> 투자 경험이 없는 김씨는 어느 날 친구로부터 주식으로 돈을 벌었다는 얘기에 귀가 솔깃했다. 좋은 종목 있으면 추천해달라고 친구에게 요청했고, 친구는 증권 브로커 B씨를 소개해주었다. 이씨는 전문가처럼 주식에 관해 유창하게 설명해 주었고 바이오 종목 1개를 추천했다. 김씨는 1천만원을 투자했고, 이익이 났다. 김씨는 투자에 대해 자신감이 붙었고 금액도 1억원으로 늘리고 투자종목도 늘렸다. 그러나 몇 개 종목에서 손해가 나기 시작했고 원금까지 손실을 입기 시작했다. 덜컥 겁이나 이제라도 그만해야 싶었지만 손실이 커져 그만할 수 없었다. 급기야 원금을 반이나 날린 후에 진작 그만두었어야 한다고 후회했다]", "type": "EXAMPLE_BOX_TEXT"}]', '[{"data": 2, "type": "MULTIPLE_CHOICE_CORRECT_ANSWER"}, {"data": "지문 1의 경우, 투자 경험이 없는 김씨가 친구가 수익이 났다는 얘기만을 듣고 귀가 솔깃해 추천을 권유한 것은 군중심리 편향에 가깝다.\n지문 2의 경우, 사후확증 편향은 이미 발생한 일의 결과를 알고 나면 그 일이 벌어질 수 밖에 없었고 이미 그렇게 될 줄 알고 있었던 것처럼 믿게 되는 오류로 상기 기사내용과는 거리가 멀다.\n지문 3의 경우, 원금까지 손실을 입기 시작한 이후 그만하지 못한 것은 손실을 회피하려는 편향 때문이다.\n지문 4의 경우, 투자에 대한 경험이 없었으나 초기 투자 성공으로 투자에 대한 자신감이 붙어 투자 금액을 쉽게 늘린 것은 자기과신 편향의 영향으로 볼 수 있다.", "type": "SOLUTION_TEXT"}]', '상', '미니테스트', null, null, null, '이장영', TO_DATE('2021/07/01 00:00:00', 'YYYY/MM/DD HH24:MI:SS'), null, null, null, null, '집필진 출제', '사후확증 편향 이해');
insert into "ETEST"."PROBLEM" ("PROB_ID", "ANSWER_TYPE", "QUESTION", "SOLUTION", "DIFFICULTY", "CATEGORY", "PART", "IMG_SRC", "TIME_RECOMMENDATION", "CREATOR_ID", "CREATE_DATE", "VALIDATOR_ID", "VALIDATE_DATE", "EDITOR_ID", "EDIT_DATE", "SOURCE", "INTENTION" ) values (101, 'MULTIPLE_CHOICE_WO_PASSAGE', '[{"data": "한 설문조사 결과 운전자의 88%가 자신이 평균보다 운전을 잘한다고 생각하며 그 중 80% 이상이 자신의 운전실력이 상위 30% 안에 든다고 생각한다고 했다. 이렇듯 사람들은 본인에 대한 과도한 믿음, 즉 자기과신을 하는 경향이 강한다. 이러한 자기과신 편향이 투자의사결정에 영향을 주었을 때의 행동으로 가장 거리가 먼 것은?", "type": "QUESTION_TEXT"}]', '[{"data": 3, "type": "MULTIPLE_CHOICE_CORRECT_ANSWER"}, {"data": "지문 1의 경우, 자기자신 뿐만 아니라 타인의 말을 그대로 믿고 행동하는 것도 그런 대상을 내가 잘 골랐다는 자기과신 편향의 영향이다. \n지문 2의 경우, 폰지 사기의 전형적인 수법으로 몇번의 수익금 수령이 초기 불안을 없애고 자기과신을 통해 더 많은 돈을 투자한다.\n지문 3의 경우, 현상유지 편향이 영향을 주었을 때의 행동으로 조정할 의사가 있거나 조정해야 할 상품을 그대로 유지하게 한다.\n지문 4의 경우, 자기과신 편향은 이렇다 할 대표성이 없는 몇차례의 경험을 통해 더욱 단단해져 이번에도 지난번처럼 될 거라 믿고 행동하게 만든다.", "type": "SOLUTION_TEXT"}]', '중', '미니테스트', null, null, null, '이장영', TO_DATE('2021/07/01 00:00:00', 'YYYY/MM/DD HH24:MI:SS'), null, null, null, null, '집필진 출제', '현상유지편향 이해');
insert into "ETEST"."PROBLEM" ("PROB_ID", "ANSWER_TYPE", "QUESTION", "SOLUTION", "DIFFICULTY", "CATEGORY", "PART", "IMG_SRC", "TIME_RECOMMENDATION", "CREATOR_ID", "CREATE_DATE", "VALIDATOR_ID", "VALIDATE_DATE", "EDITOR_ID", "EDIT_DATE", "SOURCE", "INTENTION" ) values (102, 'MULTIPLE_CHOICE_W_PASSAGE', '[{"data": "다음 투자 격언은 어떤 행동편향에 대한 주의를 주고 있는가?", "type": "QUESTION_TEXT"}, {"data": "[우리가 위험에 빠지는 이유는 무언가를 몰라서가 아니다. 확실히 안다고 착각해서다. - 마크 트웨인]", "type": "EXAMPLE_BOX_TEXT"}]', '[{"data": 4, "type": "MULTIPLE_CHOICE_CORRECT_ANSWER"}, {"data": "지문1의 경우, 사람들은 돈에 대한 기준이나 가치를 모두 같은 것으로 생각하지 않고 각각의 용도에 따라 다르게 생각하며 취급하는 것을 말한다.\n지문2의 경우, 사람들이 합리적이거나 객관적인 판단이 아닌 사실이나 숫자를 기준으로 삼고, 이를 바탕으로 결정을 내리는 편향이다.\n지문3의 경우, 사람들이 이득보다 손실이 더 크게 느껴, 이익 증가보다 손실 증가에 민감하게 느끼는 것을 말한다.\n지문4의 경우, 사람들은 자신의 능력 또는 판단이 스스로에게 유리한 결과를 가져다 줄 것이 믿고 행동한다. 이러한 자기과신 편향은 자신이 가지고 있는 능력이나 정보, 지식 수준을 실제보다 더 높거나 정확하다고 믿게 만들어 섣불리 위험한 투자를 할 수 있다.", "type": "SOLUTION_TEXT"}]', '중', '미니테스트', null, null, null, '이장영', TO_DATE('2021/07/01 00:00:00', 'YYYY/MM/DD HH24:MI:SS'), null, null, null, null, '집필진 출제', '자기과신편향 이해');
insert into "ETEST"."PROBLEM" ("PROB_ID", "ANSWER_TYPE", "QUESTION", "SOLUTION", "DIFFICULTY", "CATEGORY", "PART", "IMG_SRC", "TIME_RECOMMENDATION", "CREATOR_ID", "CREATE_DATE", "VALIDATOR_ID", "VALIDATE_DATE", "EDITOR_ID", "EDIT_DATE", "SOURCE", "INTENTION" ) values (103, 'MULTIPLE_CHOICE_WO_PASSAGE', '[{"data": "심리학적 분석에 따르면 인간의 사고 체계는 두가지 시스템에 의해 작동한다. 빠르게 직관적으로 생각하는 시스템(휴리스틱)과 느리고 노력이 필요한 시스템(알고리즘)이 그것이다. 사람들은 금융투자 의사결정시에 후자을 사용한다고 착각하지만 전자를 사용해 결정하는 경우가 많다. 금융투자 시 전자의 시스템은 이익과 손실상황에서 어떤 성향을 보이는가?", "type": "QUESTION_TEXT"}]', '[{"data": 2, "type": "MULTIPLE_CHOICE_CORRECT_ANSWER"}, {"data": "향후 주식시장에 대한 긍정적인 전망이 우세할 때 이미 수익이 난 계좌를 보유한 투자자는 긍정적인 전망에도 불구하고 이익을 실현하고 싶어한다. 미래의 불확실성이 싫기 때문에 당장의 이익을 챙겨야 할 것 같아서이다. 반대로 주식시장에 대한 부정적인 전망이 우세 할 때 이미 손실이 난 계좌를 보유한 투자자는 시장상황이 부정적이어서 지금의 손실규모가 더 커질 수 있음에도 사람들은 손실을 확정 짓지 않고 위험을 보유하려고 한다. 이익상황에서는 위험회피성향을, 손실상황에서는 위험보유성향을 보이고 있는 것이다.", "type": "SOLUTION_TEXT"}]', '상', '미니테스트', null, null, null, '이장영', TO_DATE('2021/07/01 00:00:00', 'YYYY/MM/DD HH24:MI:SS'), null, null, null, null, '집필진 출제', '손실회피성향 이해');
insert into "ETEST"."PROBLEM" ("PROB_ID", "ANSWER_TYPE", "QUESTION", "SOLUTION", "DIFFICULTY", "CATEGORY", "PART", "IMG_SRC", "TIME_RECOMMENDATION", "CREATOR_ID", "CREATE_DATE", "VALIDATOR_ID", "VALIDATE_DATE", "EDITOR_ID", "EDIT_DATE", "SOURCE", "INTENTION" ) values (104, 'MULTIPLE_CHOICE_W_PASSAGE', '[{"data": "<보기>의 (    ) 안에 들어갈 내용으로 가장 올바른 것은?", "type": "QUESTION_TEXT"}, {"data": "[(          )은 특정 투자자로부터 금융투자상품에 대한 투자판단 전부 또는 일부를 일임받아 투자자별로 구분하여 금융투자상품을 운용하는 업(業)을 말한다]", "type": "EXAMPLE_BOX_TEXT"}]', '[{"data": 1, "type": "MULTIPLE_CHOICE_CORRECT_ANSWER"}, {"data": "투자일임업은 특정 투자자로부터 금융투자상품에 대한 투자판단 전부 또는 일부를 일임 받아 투자자별로 구분하여 금융투자상품을 운용하는 업(業)이다.\n지문2 투자자문업은 특정인을 위하여 금융투자상품의 가치 또는 투자판단에 대한 자문을 제공하는 업(業)을 말한다.\n지문3 투자매매업은 금융투자회사가‘회사의 고유재산으로 투자’하는 것을 말한다. \n지문4 집합투자업은 우리가 일반적으로 알고 있는 펀드운용을 하는 것이다. 정확하게는 ‘2인 이상의 투자자로부터 모은 금전 등을 투자자로부터 일상적인 운용지시를 받지 아니하면서 재산적 가치가 있는 투자대상자산을 취득, 처분 그 밖의 방법으로 운용하고 그 결과를 투자자에게 배분하여 귀속하는 것’을 말한다. ", "type": "SOLUTION_TEXT"}]', '중', '미니테스트', null, null, null, '이장영', TO_DATE('2021/07/01 00:00:00', 'YYYY/MM/DD HH24:MI:SS'), null, null, null, null, '집필진 출제', '투자일임업 이해');
insert into "ETEST"."PROBLEM" ("PROB_ID", "ANSWER_TYPE", "QUESTION", "SOLUTION", "DIFFICULTY", "CATEGORY", "PART", "IMG_SRC", "TIME_RECOMMENDATION", "CREATOR_ID", "CREATE_DATE", "VALIDATOR_ID", "VALIDATE_DATE", "EDITOR_ID", "EDIT_DATE", "SOURCE", "INTENTION" ) values (105, 'MULTIPLE_CHOICE_WO_PASSAGE', '[{"data": "투자자 A씨의 거래형태에 대한 설명으로 사실과 가장 거리가 먼 것은?", "type": "QUESTION_TEXT"}]', '[{"data": 3, "type": "MULTIPLE_CHOICE_CORRECT_ANSWER"}, {"data": "지문1 증권회사 위탁계좌와 MTS를 활용한 직접매매형태다.\n지문2 ETF에 투자하는 특정금전신탁에 가입하는 형태로 은행의 신탁을 통해서 ETF를 거래할 수 있는 방법이다.\n지문3 특정금전신탁을 통해서 매매하던지 직접 매매하던지 매매하는 ETF는 동일하다. 그러나 투자비용에서는 위탁계좌를 통한 매매와 특정금전신탁을 통한 매매는 큰 차이가 있다. 특정금전신탁이 수취하는 신탁보수가 위탁계좌에는 없고, 매매수수료도 차이가 난다.\n지문4 증권회사를 통한 ETF매매는 한국거래소에 직접 주문을 내지만, 특정금전신탁을 통한 매매는 고객의 운용지시와 특정금전신탁의 주문이 증권사를 통해서 이루어 지기 때문에 아무리 빨라도 실시간 매매라고 할 수는 없다.", "type": "SOLUTION_TEXT"}]', '중', '미니테스트', null, null, null, '이장영', TO_DATE('2021/07/01 00:00:00', 'YYYY/MM/DD HH24:MI:SS'), null, null, null, null, '집필진 출제', '실전주식거래 이해');
insert into "ETEST"."PROBLEM" ("PROB_ID", "ANSWER_TYPE", "QUESTION", "SOLUTION", "DIFFICULTY", "CATEGORY", "PART", "IMG_SRC", "TIME_RECOMMENDATION", "CREATOR_ID", "CREATE_DATE", "VALIDATOR_ID", "VALIDATE_DATE", "EDITOR_ID", "EDIT_DATE", "SOURCE", "INTENTION" ) values (106, 'MULTIPLE_CHOICE_W_PASSAGE', '[{"data": "<보기>의 (    ) 안에 들어갈 내용으로 적합한 것을 모두 묶은 것은?", "type": "QUESTION_TEXT"}, {"data": "[''금융상품 한눈에''(http://finlife.fss.or.kr/)에서는 (       ) 등의 금융상품 금리와 수익률, 보험료 등을 한번에 비교 조회할 수 있다.]", "type": "EXAMPLE_BOX_TEXT"}, {"data": "[㉠예금  ㉡대출  ㉢연금저축  ㉣보험  ㉤펀드]", "type": "PREFACED_EXAMPLE_BOX_TEXT"}]', '[{"data": 4, "type": "MULTIPLE_CHOICE_CORRECT_ANSWER"}, {"data": "지문1, 지문2, 지문3, 지문4 ‘금융상품 한눈에’ 에서는 예금과 대출, 연금저축, 보험, 펀드 모두를 한 번에 비교할 수 있다.", "type": "SOLUTION_TEXT"}]', '하', '미니테스트', null, null, null, '이장영', TO_DATE('2021/07/01 00:00:00', 'YYYY/MM/DD HH24:MI:SS'), null, null, null, null, '집필진 출제', '비교공시 이해');
insert into "ETEST"."PROBLEM" ("PROB_ID", "ANSWER_TYPE", "QUESTION", "SOLUTION", "DIFFICULTY", "CATEGORY", "PART", "IMG_SRC", "TIME_RECOMMENDATION", "CREATOR_ID", "CREATE_DATE", "VALIDATOR_ID", "VALIDATE_DATE", "EDITOR_ID", "EDIT_DATE", "SOURCE", "INTENTION" ) values (107, 'MULTIPLE_CHOICE_W_PASSAGE', '[{"data": "<보기>의 (    ) 안에 들어갈 말로 가장 올바른 것은?", "type": "QUESTION_TEXT"}, {"data": "[주식 매매 시 가격을 지정해서 주문하는 것을 ( ㉠ )주문이라고 하고 가격은 정하지 않고 주문을 내면 접수된 시점에 가장 유리한 가격으로 매매가 체결되는 주문을 ( ㉡ )주문이라 한다]", "type": "EXAMPLE_BOX_TEXT"}]', '[{"data": 1, "type": "MULTIPLE_CHOICE_CORRECT_ANSWER"}, {"data": "지문1 ‘ 지정가주문’과 ‘시장가주문’에 대한 설명\n지문2 증권을 매매할 때 위탁증거금으로 현금 대신 유가증권을 사용할 수 있다. 이때 대용 유가증권의 가격을 ‘대용가’라고 한다.\n지문3 & 지문4 ‘조건부 지정가’는 지정가로 거래를 시도하다가 거래가 체결되지 않으면 장 마감 시점에 시장가도 전환하며 매매 체결을 하는 주문거래 방식이다.", "type": "SOLUTION_TEXT"}]', '하', '미니테스트', null, null, null, '이장영', TO_DATE('2021/07/01 00:00:00', 'YYYY/MM/DD HH24:MI:SS'), null, null, null, null, '집필진 출제', '주문종류 이해');
insert into "ETEST"."PROBLEM" ("PROB_ID", "ANSWER_TYPE", "QUESTION", "SOLUTION", "DIFFICULTY", "CATEGORY", "PART", "IMG_SRC", "TIME_RECOMMENDATION", "CREATOR_ID", "CREATE_DATE", "VALIDATOR_ID", "VALIDATE_DATE", "EDITOR_ID", "EDIT_DATE", "SOURCE", "INTENTION" ) values (108, 'MULTIPLE_CHOICE_WO_PASSAGE', '[{"data": "투자 수익률을 계산할 때 고려해야 할 사항으로 가장 거리가 먼 것은?", "type": "QUESTION_TEXT"}]', '[{"data": 3, "type": "MULTIPLE_CHOICE_CORRECT_ANSWER"}, {"data": "수수료와 세금이 눈에 드러나는 비용이라면 그렇지 않은 것도 있다. 대표적인 예로 기회비용이 있다. 기회비용이란 어떤 행위를 하기 위해 포기해야 하는 다른 기회의 가치를 말하는데, 투자에도 그대로 적용된다. 예를 들어, 주식 투자를 하면서 많은 시간과 노력을 기울여 종목을 발굴할 것이다. 이런 시간과 노력이 얼마만큼 가치를 가질 것인지 명시적으로 계산하기는 어렵지만, 기회비용이 발생한 것만큼은 분명하다. 시간과 노력을 다른 곳에 기울일 수도 있기 때문이다. 투자 활동에 수반되는 기회비용을 줄이기 위한 방편으로 직접투자 대신 펀드와 위탁 판매와 같은 간접투자를 이용하기도 하는데, 이때는 투자 결정을 대신해 주는 대가로 운용 보수를 지불한다.", "type": "SOLUTION_TEXT"}]', '하', '미니테스트', null, null, null, '이장영', TO_DATE('2021/06/28 00:00:00', 'YYYY/MM/DD HH24:MI:SS'), null, null, null, null, '집필진 출제', '수익률 결정요소로서 비용');
insert into "ETEST"."PROBLEM" ("PROB_ID", "ANSWER_TYPE", "QUESTION", "SOLUTION", "DIFFICULTY", "CATEGORY", "PART", "IMG_SRC", "TIME_RECOMMENDATION", "CREATOR_ID", "CREATE_DATE", "VALIDATOR_ID", "VALIDATE_DATE", "EDITOR_ID", "EDIT_DATE", "SOURCE", "INTENTION" ) values (109, 'MULTIPLE_CHOICE_W_PASSAGE', '[{"data": "다음과 같은 투자대안이 있을 때, 합리적 선택으로 가장 거리가 먼 것은?", "type": "QUESTION_TEXT"}, {"data": "[투자대안 A: 기대수익률 5%, 투자위험 10%,\n투자대안 B: 기대수익률 10%, 투자위험 10%,\n투자대안 C: 기대수익률 10%, 투자위험 7%,\n투자대안 D: 기대수익률 5%, 투자위험 7%]", "type": "PREFACED_EXAMPLE_BOX_TEXT"}]', '[{"data": 1, "type": "MULTIPLE_CHOICE_CORRECT_ANSWER"}, {"data": "기대수익이 동일하다면 투자위험이 적은 투자대안을 선택하고, 투자위험이 동일하다면 수익률이 큰 대안을 선택하는 것이 유리하다. A와 B는 투자위험이 동일하기 때문에 기대수익률이 큰 B를 매수하고 A를 매도하는 것이 유리하다.   ", "type": "SOLUTION_TEXT"}]', '하', '미니테스트', null, null, null, '이장영', TO_DATE('2021/06/28 00:00:00', 'YYYY/MM/DD HH24:MI:SS'), null, null, null, null, '집필진 출제', '합리적 투자결정');
insert into "ETEST"."PROBLEM" ("PROB_ID", "ANSWER_TYPE", "QUESTION", "SOLUTION", "DIFFICULTY", "CATEGORY", "PART", "IMG_SRC", "TIME_RECOMMENDATION", "CREATOR_ID", "CREATE_DATE", "VALIDATOR_ID", "VALIDATE_DATE", "EDITOR_ID", "EDIT_DATE", "SOURCE", "INTENTION" ) values (110, 'MULTIPLE_CHOICE_WO_PASSAGE', '[{"data": "홍길동씨는 주식시장에 이용할 수 있는 모든 정보가 반영되어 있다고 생각하지 않는 투자자이다. 홍길동씨의 생각에 부합하는 투자 전술로 가장 거리가 먼 것은?", "type": "QUESTION_TEXT"}]', '[{"data": 4, "type": "MULTIPLE_CHOICE_CORRECT_ANSWER"}, {"data": "적극적 투자 관리(Active Investment Style)는 다소 위험을 감수하더라도 시장의 평균을 넘어서는 초과 수익을 추구한다. 증권시장이 비효율적이라고 전제하고, 위험이 동일한 증권들 중에서 수익이 높은 증권을 선택하거나, 기대 수익이 동일한 증권 중에서 위험이 낮은 증권을 선택하는 방법이다. 적극적 투자 관리 방법으로는 소주종목이나 특정 산업에 집중적으로 투자하거나, 투자 타이밍을 포착하거나, 시장의 이례적인 현상을 이용해 종목을 선정하는 것이 대표적이다", "type": "SOLUTION_TEXT"}]', '중', '미니테스트', null, null, null, '이장영', TO_DATE('2021/07/01 00:00:00', 'YYYY/MM/DD HH24:MI:SS'), null, null, null, null, '집필진 출제', '적극적 투자관리 이해');
insert into "ETEST"."PROBLEM" ("PROB_ID", "ANSWER_TYPE", "QUESTION", "SOLUTION", "DIFFICULTY", "CATEGORY", "PART", "IMG_SRC", "TIME_RECOMMENDATION", "CREATOR_ID", "CREATE_DATE", "VALIDATOR_ID", "VALIDATE_DATE", "EDITOR_ID", "EDIT_DATE", "SOURCE", "INTENTION" ) values (111, 'MULTIPLE_CHOICE_WO_PASSAGE', '[{"data": "직접 투자의 장단점에 대한 설명으로 가장 거리가 먼 것은?", "type": "QUESTION_TEXT"}]', '[{"data": 4, "type": "MULTIPLE_CHOICE_CORRECT_ANSWER"}, {"data": "직접 투자의 가장 큰 장점은 자신에게 적합한 포트폴리오를 스스로 꾸릴 수 있다는 점이다. 자신의 취향에 맞는 종목을 골라, 사고 싶을 때 사고 팔고 싶을 때 판다. 내 돈을 스스로 관리한다는 점에서 자부심도 느낄 수 있다. \n하지만 일반인들 중에 충분한 투자 경험과 역량을 갖춘 이는 많지 않은 데다, 단기간에 전문성을 갖추기도 어렵다. 투자 역량과 경험을 충분히 갖춘 투자자라고 해도 의사결정을 내리려면 필요한 정보를 취득하고 분석하는 데 많은 시간이 든다. 전문성을 갖추지 않은 채 투자 대안을 충분히 검토하지 않고 감정에 치우쳐 매매하면 수익은 내지 못하고 수수료만 지불할 가능성이 높다", "type": "SOLUTION_TEXT"}]', '하', '미니테스트', null, null, null, '이장영', TO_DATE('2021/07/01 00:00:00', 'YYYY/MM/DD HH24:MI:SS'), null, null, null, null, '집필진 출제', '직접투자 장단점 이해');
insert into "ETEST"."PROBLEM" ("PROB_ID", "ANSWER_TYPE", "QUESTION", "SOLUTION", "DIFFICULTY", "CATEGORY", "PART", "IMG_SRC", "TIME_RECOMMENDATION", "CREATOR_ID", "CREATE_DATE", "VALIDATOR_ID", "VALIDATE_DATE", "EDITOR_ID", "EDIT_DATE", "SOURCE", "INTENTION" ) values (112, 'MULTIPLE_CHOICE_WO_PASSAGE', '[{"data": "투자기간 동안 주가가 지속적으로 상승하거나 하락할 때 적립식과 거치식 투자 성과에 대한 설명으로 가장 올바른 것은?", "type": "QUESTION_TEXT"}]', '[{"data": 1, "type": "MULTIPLE_CHOICE_CORRECT_ANSWER"}, {"data": "투자기간 동안 주가가 지속적으로 하락하는 상황에서는 적립식 투자를 해도 손실을 피할 수 없다. 다만 목돈을 한꺼번에 투자는 것보다 손실 규모를 줄일 수 있다. 반대로 주가가 지속적으로 상승하는 경우에는 초기에 목돈을 투자는 거치식이 적립식보다 나은 성과를 보인다. ", "type": "SOLUTION_TEXT"}]', '중', '미니테스트', null, null, null, '이장영', TO_DATE('2021/07/01 00:00:00', 'YYYY/MM/DD HH24:MI:SS'), null, null, null, null, '집필진 출제', '적립식투자 장점 이해');
insert into "ETEST"."PROBLEM" ("PROB_ID", "ANSWER_TYPE", "QUESTION", "SOLUTION", "DIFFICULTY", "CATEGORY", "PART", "IMG_SRC", "TIME_RECOMMENDATION", "CREATOR_ID", "CREATE_DATE", "VALIDATOR_ID", "VALIDATE_DATE", "EDITOR_ID", "EDIT_DATE", "SOURCE", "INTENTION" ) values (113, 'MULTIPLE_CHOICE_WO_PASSAGE', '[{"data": "투자자금 중 일부를 부채로 조달하는 레버리지투자의 효과에 대한 설명으로 가장 올바른 것은?", "type": "QUESTION_TEXT"}]', '[{"data": 2, "type": "MULTIPLE_CHOICE_CORRECT_ANSWER"}, {"data": "금융에서는 실제 가격 변동보다 몇 배나 많은 투자 수익이 발생하는 현상을 레버리지 효과라고 한다. 레버리지 효과가 발생하려면 투자 자금 중에 일부를 자기 자본이 아닌 부채로 조달해야 한다. 분산투자를 하면 위험이 줄지만 기대 수익도 줄어든다. 이와 반대로 레버리지를 이용해 기대수익과 함께 위험을 높이는 투자 전략도 있다", "type": "SOLUTION_TEXT"}]', '중', '미니테스트', null, null, null, '이장영', TO_DATE('2021/07/01 00:00:00', 'YYYY/MM/DD HH24:MI:SS'), null, null, null, null, '집필진 출제', '레버리지투자 이해');
insert into "ETEST"."PROBLEM" ("PROB_ID", "ANSWER_TYPE", "QUESTION", "SOLUTION", "DIFFICULTY", "CATEGORY", "PART", "IMG_SRC", "TIME_RECOMMENDATION", "CREATOR_ID", "CREATE_DATE", "VALIDATOR_ID", "VALIDATE_DATE", "EDITOR_ID", "EDIT_DATE", "SOURCE", "INTENTION" ) values (114, 'MULTIPLE_CHOICE_WO_PASSAGE', '[{"data": "□□기업의 부채비율이 500%라고 할 때, 부채비율을 줄일 수 있는 방법으로 가장 거리가 먼 것은?", "type": "QUESTION_TEXT"}]', '[{"data": 2, "type": "MULTIPLE_CHOICE_CORRECT_ANSWER"}, {"data": "부채비율을 줄이기 위해서는 부채를 낮추거나 자본을 늘려야 한다. \n지문 1에서 부채 항목인 차입금을 갚으면 부채가 줄어들어 부채비율을 줄인다.\n지문 2에서 타인자본인 사채를 발행하면, 부채항목이 늘어나기 때문에 부채비율을 늘리는 조치이다.\n지문 3의 유상증자를 실시하는 것은 자기자본인 자본을 증액하는 것이므로, 부채비율을 줄인다.\n지문 4에서 기존 발행된 회사채를 상환하여 부채항목을 줄일 수 있다.", "type": "SOLUTION_TEXT"}]', '중', '미니테스트', null, null, null, '이장영', TO_DATE('2021/06/15 00:00:00', 'YYYY/MM/DD HH24:MI:SS'), null, null, null, null, '집필진 출제', '부채와 자본 구별');
insert into "ETEST"."PROBLEM" ("PROB_ID", "ANSWER_TYPE", "QUESTION", "SOLUTION", "DIFFICULTY", "CATEGORY", "PART", "IMG_SRC", "TIME_RECOMMENDATION", "CREATOR_ID", "CREATE_DATE", "VALIDATOR_ID", "VALIDATE_DATE", "EDITOR_ID", "EDIT_DATE", "SOURCE", "INTENTION" ) values (115, 'MULTIPLE_CHOICE_WO_PASSAGE', '[{"data": "주식회사가 신규 투자를 받기 위해 자금을 조달하는 방식으로 가장 거리가 먼 것은?", "type": "QUESTION_TEXT"}]', '[{"data": 3, "type": "MULTIPLE_CHOICE_CORRECT_ANSWER"}, {"data": "신규 투자를 위한 자금조달은 자기자본을 늘리거나 타인자본을 차입하는 방식으로 진행할 수 있다. 금융기관에서 대출을 받는 방식도 가능하다\n지문 1에서 회사채 발행은 타인자본을 늘려 운영자금을 마련할 수 있다.\n지문 2에서 유휴부지를 매각하여 현금을 확보하면 설비투자를 진행할 수 있다.\n지문 3에서 액면분할은 자기자본의 지분권을 쪼개는 것일뿐 자본의 증가를 유발하지 않는다\n지문 4에서 제3자배정을 통한 유상증자 역시 설비투자를 마련할 수 있는 방안이다.", "type": "SOLUTION_TEXT"}]', '중', '미니테스트', null, null, null, '이장영', TO_DATE('2021/06/15 00:00:00', 'YYYY/MM/DD HH24:MI:SS'), null, null, null, null, '집필진 출제', '자금조달 수단');
insert into "ETEST"."PROBLEM" ("PROB_ID", "ANSWER_TYPE", "QUESTION", "SOLUTION", "DIFFICULTY", "CATEGORY", "PART", "IMG_SRC", "TIME_RECOMMENDATION", "CREATOR_ID", "CREATE_DATE", "VALIDATOR_ID", "VALIDATE_DATE", "EDITOR_ID", "EDIT_DATE", "SOURCE", "INTENTION" ) values (116, 'MULTIPLE_CHOICE_WO_PASSAGE', '[{"data": "배당금에 대한 설명으로 가장 거리가 먼 것은?", "type": "QUESTION_TEXT"}]', '[{"data": 4, "type": "MULTIPLE_CHOICE_CORRECT_ANSWER"}, {"data": "배당은 기업의 잉여자본을 주주에게 환원하는 경제행위이며, 주주는 기업에게 이익배당을 청구할 수 있는 권리가 있다. 성장단계의 기업은 배당보다 투자에 집중하는 경향이 높다. \n지문 2와 4의 배당수익률 산식은 (주당배당금/주가)*100이므로, 배당수익률이 높다면 배당금이 많거나 주가가 낮은 경우이다. 배당수익률은 배당 규모를 판단하는 지표이며, 주가의 예상 등락을 평가할 수 있는 가격지표로 활용할 수 없다", "type": "SOLUTION_TEXT"}]', '중', '미니테스트', null, null, null, '이장영', TO_DATE('2021/06/18 00:00:00', 'YYYY/MM/DD HH24:MI:SS'), null, null, null, null, '집필진 출제', '배당 관련용어 이해');
insert into "ETEST"."PROBLEM" ("PROB_ID", "ANSWER_TYPE", "QUESTION", "SOLUTION", "DIFFICULTY", "CATEGORY", "PART", "IMG_SRC", "TIME_RECOMMENDATION", "CREATOR_ID", "CREATE_DATE", "VALIDATOR_ID", "VALIDATE_DATE", "EDITOR_ID", "EDIT_DATE", "SOURCE", "INTENTION" ) values (117, 'MULTIPLE_CHOICE_WO_PASSAGE', '[{"data": "상장기업이 주주와 이해관계자, 그리고 일반인을 대상으로 주가에 영향을 미칠만한 사실을 공개적으로 밝히는 행위는?", "type": "QUESTION_TEXT"}]', '[{"data": 1, "type": "MULTIPLE_CHOICE_CORRECT_ANSWER"}, {"data": "기업이 이해관계자와 일반인에게 주가에 영향을 미칠 만한 각종 사실을 공개적으로 밝히는 행위다. 공시는 사실성과 즉시성을 갖춰야만 투자자에게 올바른 정보를 신속하게 전달할 수 있다", "type": "SOLUTION_TEXT"}]', '하', '미니테스트', null, null, null, '이장영', TO_DATE('2021/07/01 00:00:00', 'YYYY/MM/DD HH24:MI:SS'), null, null, null, null, '집필진 출제', '공시 이해');
insert into "ETEST"."PROBLEM" ("PROB_ID", "ANSWER_TYPE", "QUESTION", "SOLUTION", "DIFFICULTY", "CATEGORY", "PART", "IMG_SRC", "TIME_RECOMMENDATION", "CREATOR_ID", "CREATE_DATE", "VALIDATOR_ID", "VALIDATE_DATE", "EDITOR_ID", "EDIT_DATE", "SOURCE", "INTENTION" ) values (118, 'MULTIPLE_CHOICE_WO_PASSAGE', '[{"data": "경제지표에 대한 설명으로 가장 거리가 먼 것은?", "type": "QUESTION_TEXT"}]', '[{"data": 3, "type": "MULTIPLE_CHOICE_CORRECT_ANSWER"}, {"data": "금리나 주가에 직접적인 영향을 미치는 것은 GDP 지표 발표치 자체가 아니라 한국은행과 각 금융 기관이 전망하는 향후 GDP 추정치와 이에 대한 시장의 컨센서스 변화인 경우가 많다.", "type": "SOLUTION_TEXT"}]', '중', '미니테스트', null, null, null, '이장영', TO_DATE('2021/07/01 00:00:00', 'YYYY/MM/DD HH24:MI:SS'), null, null, null, null, '집필진 출제', '경제지표 이해');
insert into "ETEST"."PROBLEM" ("PROB_ID", "ANSWER_TYPE", "QUESTION", "SOLUTION", "DIFFICULTY", "CATEGORY", "PART", "IMG_SRC", "TIME_RECOMMENDATION", "CREATOR_ID", "CREATE_DATE", "VALIDATOR_ID", "VALIDATE_DATE", "EDITOR_ID", "EDIT_DATE", "SOURCE", "INTENTION" ) values (119, 'MULTIPLE_CHOICE_WO_PASSAGE', '[{"data": "물가와 채권 금리의 관계에 대한 설명으로 가장 거리가 먼 것은?", "type": "QUESTION_TEXT"}]', '[{"data": 3, "type": "MULTIPLE_CHOICE_CORRECT_ANSWER"}, {"data": "물가 지수의 변화가 채권시장에 끼치는 영향은 직접적인 데 반해 주식시장에 끼치는 영향은 다소 간접적이다. 물가 상승으로 한국은행의 기준금리 인상 등 긴축 통화가 예상될 경우 단기적으로 주가에는 좋지 않은 영향을 끼칠 수 있다. 하지만 장기적으로 물가 수준의 상승은 곧 기업이 보유하고 있는 자산 가격의 상승, 기업이 창출하는 명목 이익의 상승으로 연결되므로 주가에 긍정적으로 작용한다는 분석이 많다. ", "type": "SOLUTION_TEXT"}]', '상', '미니테스트', null, null, null, '이장영', TO_DATE('2021/07/01 00:00:00', 'YYYY/MM/DD HH24:MI:SS'), null, null, null, null, '집필진 출제', '물가의 영향 이해');
insert into "ETEST"."PROBLEM" ("PROB_ID", "ANSWER_TYPE", "QUESTION", "SOLUTION", "DIFFICULTY", "CATEGORY", "PART", "IMG_SRC", "TIME_RECOMMENDATION", "CREATOR_ID", "CREATE_DATE", "VALIDATOR_ID", "VALIDATE_DATE", "EDITOR_ID", "EDIT_DATE", "SOURCE", "INTENTION" ) values (120, 'MULTIPLE_CHOICE_WO_PASSAGE', '[{"data": "자본시장과 거시경제 변수 등에 대한 설명으로 가장 거리가 먼 것은?", "type": "QUESTION_TEXT"}]', '[{"data": 3, "type": "MULTIPLE_CHOICE_CORRECT_ANSWER"}, {"data": "③중장기 채권의 금리들이 현저히 떨어져 있을 경우 채권의 금리가 추가하락할 수 있는 여지가 적어져 경기가 좋지 않을 때 채권 가격이 상승하며 주식의 가격하락 위험을 상쇄시켜주는 주식+채권 포트폴리오 효과를 크게 기대하기 어렵다. ", "type": "SOLUTION_TEXT"}]', '상', '미니테스트', null, null, null, '이장영', TO_DATE('2021/07/01 00:00:00', 'YYYY/MM/DD HH24:MI:SS'), null, null, null, null, '집필진 출제', '거시경제변수 이해');
insert into "ETEST"."PROBLEM" ("PROB_ID", "ANSWER_TYPE", "QUESTION", "SOLUTION", "DIFFICULTY", "CATEGORY", "PART", "IMG_SRC", "TIME_RECOMMENDATION", "CREATOR_ID", "CREATE_DATE", "VALIDATOR_ID", "VALIDATE_DATE", "EDITOR_ID", "EDIT_DATE", "SOURCE", "INTENTION" ) values (121, 'MULTIPLE_CHOICE_WO_PASSAGE', '[{"data": "합리적인 투자자라면 시장 상황이나 미래 가치 등을 판단하여 보유하고 있는 주식의 매도 여부를 결정한다. 그러나 일반적으로 그 종목의 적정가치를 따져보려 하지않고 자신이 구입한 가격만을 최우선 결정요인으로 판단하는 경우가 많다. 이러한 편향을 일컫는 말은 무엇인가?", "type": "QUESTION_TEXT"}]', '[{"data": 2, "type": "MULTIPLE_CHOICE_CORRECT_ANSWER"}, {"data": "사람들은 객관적인 판단이 아닌 사실이나 숫자를 기준으로 삼고, 이를 바탕으로 결정을 내리는데 이를 기준점 편향이라한다. 기준점 편향을 앵커링효과라고 도 한다.  앵커링효과에서 앵커(Anchor)는 배를 정박시킬 때 배가 떠내려가지 않도록 하는 닻을 의미하며 앵커링효과는 배를 정박시키는 닻을 내리듯 사람의 생각이나 판단이 그 기준점을 벗어나지 않는 것을 말한다.", "type": "SOLUTION_TEXT"}]', '하', '미니테스트', null, null, null, '이장영', TO_DATE('2021/07/01 00:00:00', 'YYYY/MM/DD HH24:MI:SS'), null, null, null, null, '집필진 출제', '기준점편향 이해');
insert into "ETEST"."PROBLEM" ("PROB_ID", "ANSWER_TYPE", "QUESTION", "SOLUTION", "DIFFICULTY", "CATEGORY", "PART", "IMG_SRC", "TIME_RECOMMENDATION", "CREATOR_ID", "CREATE_DATE", "VALIDATOR_ID", "VALIDATE_DATE", "EDITOR_ID", "EDIT_DATE", "SOURCE", "INTENTION" ) values (122, 'MULTIPLE_CHOICE_WO_PASSAGE', '[{"data": "금융상품 투자시 ‘과거의 운용실적이 미래의 수익을 보장하지 않습니다.’라는 문구는 다음 중 어떤 행동편향을 방지하기 위한 것인가?", "type": "QUESTION_TEXT"}]', '[{"data": 4, "type": "MULTIPLE_CHOICE_CORRECT_ANSWER"}, {"data": "과거의 운용실적이 미래의 수익을 보장하지 않는다는 것은 투자의사 결정을 할 때, 과거의 수익만을 보고 앞으로도 그런 수익이 지속될 것이라고 판단하는 것은 위험하다는 것을 알리는 것이다. 과거의 수익은 미래의 수익을 담보하는 대표성이 있는 것이 아닌데 앞으로도 과거처럼 수익이 날거라고 믿고 행동하는 과거추세지속가정 편향을 막기위한 것이다.", "type": "SOLUTION_TEXT"}]', '중', '미니테스트', null, null, null, '이장영', TO_DATE('2021/07/01 00:00:00', 'YYYY/MM/DD HH24:MI:SS'), null, null, null, null, '집필진 출제', '과거추세지속가정편향 이해');
insert into "ETEST"."PROBLEM" ("PROB_ID", "ANSWER_TYPE", "QUESTION", "SOLUTION", "DIFFICULTY", "CATEGORY", "PART", "IMG_SRC", "TIME_RECOMMENDATION", "CREATOR_ID", "CREATE_DATE", "VALIDATOR_ID", "VALIDATE_DATE", "EDITOR_ID", "EDIT_DATE", "SOURCE", "INTENTION" ) values (123, 'MULTIPLE_CHOICE_W_PASSAGE', '[{"data": "다음은 행동편향에 빠지지 않기 위한 방법 중 하나로, 오버나이트 테스트에 대한 설명이다. 오버나이트 테스트를 통해 극복하고자 하는 행동편향으로 가장 올바른 것은?", "type": "QUESTION_TEXT"}, {"data": "[당신이 보유한 종목들이 투자 손해를 보고 있다. 만약 누군가가 오늘 당신이 보유한 모든 종목을 팔아 현금화해준다면 다음날 그 현금으로 당신이 가지고 있던 그 종목을 다시 매수할 것인가? 만약 다시 매수하지 않을 거라면 그런 종목을 지금은 왜 그대로 가지고 있는가? 오버나이트 테스트는 내가 보유하고 있는 종목들의 가치가 오르거나 내린 주식이 아닌 현금일때도 그 주식을 매수할 것인가를 생각해보고 계속 보유여부를 합리적으로 따져 보는 것이다.]", "type": "EXAMPLE_BOX_TEXT"}]', '[{"data": 4, "type": "MULTIPLE_CHOICE_CORRECT_ANSWER"}, {"data": "매몰비용의 오류에서 벗어나는 방법은 투자가 잘못되어 가고 있다는 것을 발견했다면 재빠르게 정신을 차리고 되돌아서는 것뿐이다. 매몰비용을 포기하고 합리적인 결정을 내려야 하는데 투자에서는 오버나이트 테스트를 해보는 것도 좋은 방법 중 하나이다. ", "type": "SOLUTION_TEXT"}]', '중', '미니테스트', null, null, null, '이장영', TO_DATE('2021/07/01 00:00:00', 'YYYY/MM/DD HH24:MI:SS'), null, null, null, null, '집필진 출제', '매몰비용편향 이해');
insert into "ETEST"."PROBLEM" ("PROB_ID", "ANSWER_TYPE", "QUESTION", "SOLUTION", "DIFFICULTY", "CATEGORY", "PART", "IMG_SRC", "TIME_RECOMMENDATION", "CREATOR_ID", "CREATE_DATE", "VALIDATOR_ID", "VALIDATE_DATE", "EDITOR_ID", "EDIT_DATE", "SOURCE", "INTENTION" ) values (124, 'MULTIPLE_CHOICE_W_PASSAGE', '[{"data": "투자 초보자들이 빠지기 쉬운 오류 중 하나는 투자의 패턴을 발견했다고 착각하는 것이다. 다음과 같은 생각을 갖는 A씨가 가진 행동편향으로 가장 올바른 것은?", "type": "QUESTION_TEXT"}, {"data": "[내가 몇 달간 쭉 지켜 지켜봤는데 이 주식은 3일 연속 하락하면 그 다음에는 꼭 오르더라고 그래서 지금 사야해]", "type": "EXAMPLE_BOX_TEXT"}]', '[{"data": 3, "type": "MULTIPLE_CHOICE_CORRECT_ANSWER"}, {"data": "도박사의 오류란 서로 독립적인 확률적 사건이 서로 확률에 영향을 미친다는 착각에 기인한 오류이다. 주가가 오르거나 내릴 확률은 반반일 뿐인데 며칠 연속 떨어졌으니 오를 때가 되었다거나 반대로 며칠 연속 올랐으니 오늘은 떨어질거라 판단하는 것이다.", "type": "SOLUTION_TEXT"}]', '하', '미니테스트', null, null, null, '이장영', TO_DATE('2021/07/01 00:00:00', 'YYYY/MM/DD HH24:MI:SS'), null, null, null, null, '집필진 출제', '도박사의오류 이해');
insert into "ETEST"."PROBLEM" ("PROB_ID", "ANSWER_TYPE", "QUESTION", "SOLUTION", "DIFFICULTY", "CATEGORY", "PART", "IMG_SRC", "TIME_RECOMMENDATION", "CREATOR_ID", "CREATE_DATE", "VALIDATOR_ID", "VALIDATE_DATE", "EDITOR_ID", "EDIT_DATE", "SOURCE", "INTENTION" ) values (125, 'MULTIPLE_CHOICE_WO_PASSAGE', '[{"data": "증권회사의 비대면 계좌를 개설하기 위해 필요한 것과 가장 거리가 먼것은?", "type": "QUESTION_TEXT"}]', '[{"data": 4, "type": "MULTIPLE_CHOICE_CORRECT_ANSWER"}, {"data": "지문1 본인명의의 스마트 폰이 필요하다.\n지문2 신분증은 실명확인을 위한 신분증 촬영을 위해 필요하다.\n지문3 실명확인을 위해 필요하다.\n지문4 HTS는 개설된 계좌를 사용하여 거래에 필요한 프로그램이다. 비대면계좌를 개설하기 위해 반드시 필요한 것은 아니다.", "type": "SOLUTION_TEXT"}]', '하', '미니테스트', null, null, null, '이장영', TO_DATE('2021/07/01 00:00:00', 'YYYY/MM/DD HH24:MI:SS'), null, null, null, null, '집필진 출제', '계좌개설절차 이해');
insert into "ETEST"."PROBLEM" ("PROB_ID", "ANSWER_TYPE", "QUESTION", "SOLUTION", "DIFFICULTY", "CATEGORY", "PART", "IMG_SRC", "TIME_RECOMMENDATION", "CREATOR_ID", "CREATE_DATE", "VALIDATOR_ID", "VALIDATE_DATE", "EDITOR_ID", "EDIT_DATE", "SOURCE", "INTENTION" ) values (126, 'MULTIPLE_CHOICE_WO_PASSAGE', '[{"data": "주식매매를 위한 대기자금도 단기 실세금리 수준의 이자율을 받을 수 있도록 비대면 주식계좌 개설시 함께 계좌를 개설하는 단기 금융투자상품으로 가장 올바른 것은?", "type": "QUESTION_TEXT"}]', '[{"data": 2, "type": "MULTIPLE_CHOICE_CORRECT_ANSWER"}, {"data": "지문1 ELS(Equity Linked Securities)는 주가지수 또는 특정주식가격의 변동과 연계되어 수익률이 결정되는 증권\n지문2 CMA(cash management account)어음관리계좌 또는 종합자산관리계좌라 불린다. 고객이 예치한 자금을 CP나 양도성예금증서(CD)·국공채 등의 채권에 투자하여 그 수익을 고객에게 돌려주는 금융상품\n지문3 DLS(Derivative Linked Securities) 주가 외 기초자산(금리, 통화, 상품, 신용위험 등) 가격의 변동과 연계되어 수익률이 결정되는 증권\n지문4 개인형 퇴직연금 IRP (Individual Retirement Pension)개인별로 퇴직금 및 여유자금을 운용할 수 있는 퇴직금 전용계좌", "type": "SOLUTION_TEXT"}]', '하', '미니테스트', null, null, null, '이장영', TO_DATE('2021/07/01 00:00:00', 'YYYY/MM/DD HH24:MI:SS'), null, null, null, null, '집필진 출제', 'CMA 이해');
insert into "ETEST"."PROBLEM" ("PROB_ID", "ANSWER_TYPE", "QUESTION", "SOLUTION", "DIFFICULTY", "CATEGORY", "PART", "IMG_SRC", "TIME_RECOMMENDATION", "CREATOR_ID", "CREATE_DATE", "VALIDATOR_ID", "VALIDATE_DATE", "EDITOR_ID", "EDIT_DATE", "SOURCE", "INTENTION" ) values (127, 'MULTIPLE_CHOICE_W_PASSAGE', '[{"data": "시장가 주문에 대한 설명으로 <보기>의 (    ) 안에 들어갈 말로 가장 올바른 것은?", "type": "QUESTION_TEXT"}, {"data": "[시장가 주문이란 투자자가 종목과 ( ㉠ )은 지정하되 (  ㉡ )은 지정하지 않고 주문을 내면 주문이 접수된 시점에서 가장 유리한 가격으로 매매가 성립되는 주문을 말한다]", "type": "EXAMPLE_BOX_TEXT"}]', '[{"data": 2, "type": "MULTIPLE_CHOICE_CORRECT_ANSWER"}, {"data": "지문1~4 시장가 주문이란 투자자가 (종목), (수량)은 지정하되 (가격)은 지정하지 않고 주문을 내면 주문이 접수된 시점에서 가장 유리한 가격으로 매매가 성립되는 주문을 말한다. ", "type": "SOLUTION_TEXT"}]', '하', '미니테스트', null, null, null, '이장영', TO_DATE('2021/07/01 00:00:00', 'YYYY/MM/DD HH24:MI:SS'), null, null, null, null, '집필진 출제', '주문종류 이해');

------- End of ETEST.PROBLEM -------

------- Begin of ETEST.PROBLEM_UK_REL-------

insert into "ETEST"."PROBLEM_UK_REL" ("PROB_ID", "UK_ID" ) values (88, 47);
insert into "ETEST"."PROBLEM_UK_REL" ("PROB_ID", "UK_ID" ) values (89, 71);
insert into "ETEST"."PROBLEM_UK_REL" ("PROB_ID", "UK_ID" ) values (90, 150);
insert into "ETEST"."PROBLEM_UK_REL" ("PROB_ID", "UK_ID" ) values (91, 164);
insert into "ETEST"."PROBLEM_UK_REL" ("PROB_ID", "UK_ID" ) values (92, 171);
insert into "ETEST"."PROBLEM_UK_REL" ("PROB_ID", "UK_ID" ) values (93, 230);
insert into "ETEST"."PROBLEM_UK_REL" ("PROB_ID", "UK_ID" ) values (94, 280);
insert into "ETEST"."PROBLEM_UK_REL" ("PROB_ID", "UK_ID" ) values (95, 303);
insert into "ETEST"."PROBLEM_UK_REL" ("PROB_ID", "UK_ID" ) values (97, 319);
insert into "ETEST"."PROBLEM_UK_REL" ("PROB_ID", "UK_ID" ) values (98, 311);
insert into "ETEST"."PROBLEM_UK_REL" ("PROB_ID", "UK_ID" ) values (99, 311);
insert into "ETEST"."PROBLEM_UK_REL" ("PROB_ID", "UK_ID" ) values (100, 448);
insert into "ETEST"."PROBLEM_UK_REL" ("PROB_ID", "UK_ID" ) values (101, 449);
insert into "ETEST"."PROBLEM_UK_REL" ("PROB_ID", "UK_ID" ) values (103, 443);
insert into "ETEST"."PROBLEM_UK_REL" ("PROB_ID", "UK_ID" ) values (104, 359);
insert into "ETEST"."PROBLEM_UK_REL" ("PROB_ID", "UK_ID" ) values (105, 385);
insert into "ETEST"."PROBLEM_UK_REL" ("PROB_ID", "UK_ID" ) values (106, 383);
insert into "ETEST"."PROBLEM_UK_REL" ("PROB_ID", "UK_ID" ) values (108, 66);
insert into "ETEST"."PROBLEM_UK_REL" ("PROB_ID", "UK_ID" ) values (109, 92);
insert into "ETEST"."PROBLEM_UK_REL" ("PROB_ID", "UK_ID" ) values (110, 144);
insert into "ETEST"."PROBLEM_UK_REL" ("PROB_ID", "UK_ID" ) values (111, 112);
insert into "ETEST"."PROBLEM_UK_REL" ("PROB_ID", "UK_ID" ) values (112, 123);
insert into "ETEST"."PROBLEM_UK_REL" ("PROB_ID", "UK_ID" ) values (113, 126);
insert into "ETEST"."PROBLEM_UK_REL" ("PROB_ID", "UK_ID" ) values (114, 268);
insert into "ETEST"."PROBLEM_UK_REL" ("PROB_ID", "UK_ID" ) values (115, 192);
insert into "ETEST"."PROBLEM_UK_REL" ("PROB_ID", "UK_ID" ) values (116, 176);
insert into "ETEST"."PROBLEM_UK_REL" ("PROB_ID", "UK_ID" ) values (117, 204);
insert into "ETEST"."PROBLEM_UK_REL" ("PROB_ID", "UK_ID" ) values (118, 319);
insert into "ETEST"."PROBLEM_UK_REL" ("PROB_ID", "UK_ID" ) values (119, 330);
insert into "ETEST"."PROBLEM_UK_REL" ("PROB_ID", "UK_ID" ) values (120, 311);
insert into "ETEST"."PROBLEM_UK_REL" ("PROB_ID", "UK_ID" ) values (121, 453);
insert into "ETEST"."PROBLEM_UK_REL" ("PROB_ID", "UK_ID" ) values (122, 458);
insert into "ETEST"."PROBLEM_UK_REL" ("PROB_ID", "UK_ID" ) values (123, 455);
insert into "ETEST"."PROBLEM_UK_REL" ("PROB_ID", "UK_ID" ) values (124, 457);
insert into "ETEST"."PROBLEM_UK_REL" ("PROB_ID", "UK_ID" ) values (125, 387);
insert into "ETEST"."PROBLEM_UK_REL" ("PROB_ID", "UK_ID" ) values (126, 390);
insert into "ETEST"."PROBLEM_UK_REL" ("PROB_ID", "UK_ID" ) values (21, 80);
insert into "ETEST"."PROBLEM_UK_REL" ("PROB_ID", "UK_ID" ) values (22, 81);
insert into "ETEST"."PROBLEM_UK_REL" ("PROB_ID", "UK_ID" ) values (23, 82);
insert into "ETEST"."PROBLEM_UK_REL" ("PROB_ID", "UK_ID" ) values (24, 83);
insert into "ETEST"."PROBLEM_UK_REL" ("PROB_ID", "UK_ID" ) values (25, 141);
insert into "ETEST"."PROBLEM_UK_REL" ("PROB_ID", "UK_ID" ) values (26, 142);
insert into "ETEST"."PROBLEM_UK_REL" ("PROB_ID", "UK_ID" ) values (27, 139);
insert into "ETEST"."PROBLEM_UK_REL" ("PROB_ID", "UK_ID" ) values (28, 140);
insert into "ETEST"."PROBLEM_UK_REL" ("PROB_ID", "UK_ID" ) values (29, 86);
insert into "ETEST"."PROBLEM_UK_REL" ("PROB_ID", "UK_ID" ) values (30, 87);
insert into "ETEST"."PROBLEM_UK_REL" ("PROB_ID", "UK_ID" ) values (40, 453);
insert into "ETEST"."PROBLEM_UK_REL" ("PROB_ID", "UK_ID" ) values (41, 449);
insert into "ETEST"."PROBLEM_UK_REL" ("PROB_ID", "UK_ID" ) values (42, 458);
insert into "ETEST"."PROBLEM_UK_REL" ("PROB_ID", "UK_ID" ) values (43, 450);
insert into "ETEST"."PROBLEM_UK_REL" ("PROB_ID", "UK_ID" ) values (44, 462);
insert into "ETEST"."PROBLEM_UK_REL" ("PROB_ID", "UK_ID" ) values (45, 453);
insert into "ETEST"."PROBLEM_UK_REL" ("PROB_ID", "UK_ID" ) values (46, 449);
insert into "ETEST"."PROBLEM_UK_REL" ("PROB_ID", "UK_ID" ) values (47, 452);
insert into "ETEST"."PROBLEM_UK_REL" ("PROB_ID", "UK_ID" ) values (48, 461);
insert into "ETEST"."PROBLEM_UK_REL" ("PROB_ID", "UK_ID" ) values (49, 451);
insert into "ETEST"."PROBLEM_UK_REL" ("PROB_ID", "UK_ID" ) values (50, 453);
insert into "ETEST"."PROBLEM_UK_REL" ("PROB_ID", "UK_ID" ) values (51, 449);
insert into "ETEST"."PROBLEM_UK_REL" ("PROB_ID", "UK_ID" ) values (52, 457);
insert into "ETEST"."PROBLEM_UK_REL" ("PROB_ID", "UK_ID" ) values (53, 456);
insert into "ETEST"."PROBLEM_UK_REL" ("PROB_ID", "UK_ID" ) values (54, 451);
insert into "ETEST"."PROBLEM_UK_REL" ("PROB_ID", "UK_ID" ) values (55, 100);
insert into "ETEST"."PROBLEM_UK_REL" ("PROB_ID", "UK_ID" ) values (56, 63);
insert into "ETEST"."PROBLEM_UK_REL" ("PROB_ID", "UK_ID" ) values (57, 101);
insert into "ETEST"."PROBLEM_UK_REL" ("PROB_ID", "UK_ID" ) values (58, 99);
insert into "ETEST"."PROBLEM_UK_REL" ("PROB_ID", "UK_ID" ) values (59, 152);
insert into "ETEST"."PROBLEM_UK_REL" ("PROB_ID", "UK_ID" ) values (60, 166);
insert into "ETEST"."PROBLEM_UK_REL" ("PROB_ID", "UK_ID" ) values (61, 260);
insert into "ETEST"."PROBLEM_UK_REL" ("PROB_ID", "UK_ID" ) values (63, 256);
insert into "ETEST"."PROBLEM_UK_REL" ("PROB_ID", "UK_ID" ) values (64, 102);
insert into "ETEST"."PROBLEM_UK_REL" ("PROB_ID", "UK_ID" ) values (66, 285);
insert into "ETEST"."PROBLEM_UK_REL" ("PROB_ID", "UK_ID" ) values (67, 176);
insert into "ETEST"."PROBLEM_UK_REL" ("PROB_ID", "UK_ID" ) values (68, 178);
insert into "ETEST"."PROBLEM_UK_REL" ("PROB_ID", "UK_ID" ) values (69, 179);
insert into "ETEST"."PROBLEM_UK_REL" ("PROB_ID", "UK_ID" ) values (70, 73);
insert into "ETEST"."PROBLEM_UK_REL" ("PROB_ID", "UK_ID" ) values (71, 74);
insert into "ETEST"."PROBLEM_UK_REL" ("PROB_ID", "UK_ID" ) values (72, 75);
insert into "ETEST"."PROBLEM_UK_REL" ("PROB_ID", "UK_ID" ) values (75, 296);
insert into "ETEST"."PROBLEM_UK_REL" ("PROB_ID", "UK_ID" ) values (76, 312);
insert into "ETEST"."PROBLEM_UK_REL" ("PROB_ID", "UK_ID" ) values (77, 295);
insert into "ETEST"."PROBLEM_UK_REL" ("PROB_ID", "UK_ID" ) values (78, 298);
insert into "ETEST"."PROBLEM_UK_REL" ("PROB_ID", "UK_ID" ) values (79, 232);
insert into "ETEST"."PROBLEM_UK_REL" ("PROB_ID", "UK_ID" ) values (80, 395);
insert into "ETEST"."PROBLEM_UK_REL" ("PROB_ID", "UK_ID" ) values (81, 306);
insert into "ETEST"."PROBLEM_UK_REL" ("PROB_ID", "UK_ID" ) values (82, 104);
insert into "ETEST"."PROBLEM_UK_REL" ("PROB_ID", "UK_ID" ) values (84, 106);
insert into "ETEST"."PROBLEM_UK_REL" ("PROB_ID", "UK_ID" ) values (86, 246);
insert into "ETEST"."PROBLEM_UK_REL" ("PROB_ID", "UK_ID" ) values (87, 301);
insert into "ETEST"."PROBLEM_UK_REL" ("PROB_ID", "UK_ID" ) values (102, 449);
insert into "ETEST"."PROBLEM_UK_REL" ("PROB_ID", "UK_ID" ) values (10, 341);
insert into "ETEST"."PROBLEM_UK_REL" ("PROB_ID", "UK_ID" ) values (1, 66);
insert into "ETEST"."PROBLEM_UK_REL" ("PROB_ID", "UK_ID" ) values (2, 67);
insert into "ETEST"."PROBLEM_UK_REL" ("PROB_ID", "UK_ID" ) values (3, 129);
insert into "ETEST"."PROBLEM_UK_REL" ("PROB_ID", "UK_ID" ) values (4, 145);
insert into "ETEST"."PROBLEM_UK_REL" ("PROB_ID", "UK_ID" ) values (5, 284);
insert into "ETEST"."PROBLEM_UK_REL" ("PROB_ID", "UK_ID" ) values (6, 253);
insert into "ETEST"."PROBLEM_UK_REL" ("PROB_ID", "UK_ID" ) values (7, 197);
insert into "ETEST"."PROBLEM_UK_REL" ("PROB_ID", "UK_ID" ) values (8, 302);
insert into "ETEST"."PROBLEM_UK_REL" ("PROB_ID", "UK_ID" ) values (9, 30);
insert into "ETEST"."PROBLEM_UK_REL" ("PROB_ID", "UK_ID" ) values (11, 307);
insert into "ETEST"."PROBLEM_UK_REL" ("PROB_ID", "UK_ID" ) values (12, 343);
insert into "ETEST"."PROBLEM_UK_REL" ("PROB_ID", "UK_ID" ) values (13, 447);
insert into "ETEST"."PROBLEM_UK_REL" ("PROB_ID", "UK_ID" ) values (14, 451);
insert into "ETEST"."PROBLEM_UK_REL" ("PROB_ID", "UK_ID" ) values (15, 449);
insert into "ETEST"."PROBLEM_UK_REL" ("PROB_ID", "UK_ID" ) values (16, 459);
insert into "ETEST"."PROBLEM_UK_REL" ("PROB_ID", "UK_ID" ) values (17, 348);
insert into "ETEST"."PROBLEM_UK_REL" ("PROB_ID", "UK_ID" ) values (18, 363);
insert into "ETEST"."PROBLEM_UK_REL" ("PROB_ID", "UK_ID" ) values (19, 396);
insert into "ETEST"."PROBLEM_UK_REL" ("PROB_ID", "UK_ID" ) values (20, 428);

------- End of ETEST.PROBLEM_UK_REL -------

------- Begin of ETEST.PROBLEM_CHOICE-------

insert into "ETEST"."PROBLEM_CHOICE" ("PROB_ID", "CHOICE_NUM", "TEXT", "UK_ID", "CHOICE_SCORE" ) values (88, 1, '강감찬', null, null);
insert into "ETEST"."PROBLEM_CHOICE" ("PROB_ID", "CHOICE_NUM", "TEXT", "UK_ID", "CHOICE_SCORE" ) values (88, 2, '김유신', null, null);
insert into "ETEST"."PROBLEM_CHOICE" ("PROB_ID", "CHOICE_NUM", "TEXT", "UK_ID", "CHOICE_SCORE" ) values (88, 3, '곽재우', null, null);
insert into "ETEST"."PROBLEM_CHOICE" ("PROB_ID", "CHOICE_NUM", "TEXT", "UK_ID", "CHOICE_SCORE" ) values (88, 4, '이순신', null, null);
insert into "ETEST"."PROBLEM_CHOICE" ("PROB_ID", "CHOICE_NUM", "TEXT", "UK_ID", "CHOICE_SCORE" ) values (89, 1, '리스크를 감수하지 않으면 손실을 보지도 않지만 수익을 얻을 수도 없다', null, null);
insert into "ETEST"."PROBLEM_CHOICE" ("PROB_ID", "CHOICE_NUM", "TEXT", "UK_ID", "CHOICE_SCORE" ) values (89, 2, '기대수익이 10%라는 말은 항상 10% 수익을 얻는다는 뜻이다', null, null);
insert into "ETEST"."PROBLEM_CHOICE" ("PROB_ID", "CHOICE_NUM", "TEXT", "UK_ID", "CHOICE_SCORE" ) values (89, 3, '수익의 변동폭이 크면 리스크가 크다고 할 수 있다', null, null);
insert into "ETEST"."PROBLEM_CHOICE" ("PROB_ID", "CHOICE_NUM", "TEXT", "UK_ID", "CHOICE_SCORE" ) values (89, 4, '투자에서 위험은 분산이나 표준편차로 측정할 수 있다', 77, null);
insert into "ETEST"."PROBLEM_CHOICE" ("PROB_ID", "CHOICE_NUM", "TEXT", "UK_ID", "CHOICE_SCORE" ) values (90, 1, '분산투자', null, null);
insert into "ETEST"."PROBLEM_CHOICE" ("PROB_ID", "CHOICE_NUM", "TEXT", "UK_ID", "CHOICE_SCORE" ) values (90, 2, '집중투자', null, null);
insert into "ETEST"."PROBLEM_CHOICE" ("PROB_ID", "CHOICE_NUM", "TEXT", "UK_ID", "CHOICE_SCORE" ) values (90, 3, '거치식투자', null, null);
insert into "ETEST"."PROBLEM_CHOICE" ("PROB_ID", "CHOICE_NUM", "TEXT", "UK_ID", "CHOICE_SCORE" ) values (90, 4, '마케타이밍 전략', null, null);
insert into "ETEST"."PROBLEM_CHOICE" ("PROB_ID", "CHOICE_NUM", "TEXT", "UK_ID", "CHOICE_SCORE" ) values (91, 1, '개별 기업의 독특한 요소 때문에 발생하는 위험이다', null, null);
insert into "ETEST"."PROBLEM_CHOICE" ("PROB_ID", "CHOICE_NUM", "TEXT", "UK_ID", "CHOICE_SCORE" ) values (91, 2, '성격이 다른 자산이나 기업에 투자하면 피할 수 있다', null, null);
insert into "ETEST"."PROBLEM_CHOICE" ("PROB_ID", "CHOICE_NUM", "TEXT", "UK_ID", "CHOICE_SCORE" ) values (91, 3, '비체계적 위험을 떠안으면 추가적인 보상을 받을 수 있다', null, null);
insert into "ETEST"."PROBLEM_CHOICE" ("PROB_ID", "CHOICE_NUM", "TEXT", "UK_ID", "CHOICE_SCORE" ) values (91, 4, '개별 기업의 주가를 시장과 다른 방향으로 움직이는 위험이다', null, null);
insert into "ETEST"."PROBLEM_CHOICE" ("PROB_ID", "CHOICE_NUM", "TEXT", "UK_ID", "CHOICE_SCORE" ) values (92, 1, '주식회사가 투자자에게 자금을 모집한 대가로 발급하는 증권이다', null, null);
insert into "ETEST"."PROBLEM_CHOICE" ("PROB_ID", "CHOICE_NUM", "TEXT", "UK_ID", "CHOICE_SCORE" ) values (92, 2, '주식을 보유한 주주는 경영성과에 따라 배당을 수령할 수 있다', 175, null);
insert into "ETEST"."PROBLEM_CHOICE" ("PROB_ID", "CHOICE_NUM", "TEXT", "UK_ID", "CHOICE_SCORE" ) values (92, 3, '발행된 주식은 지정된 거래소에서만 사고 팔 수 있다', null, null);
insert into "ETEST"."PROBLEM_CHOICE" ("PROB_ID", "CHOICE_NUM", "TEXT", "UK_ID", "CHOICE_SCORE" ) values (92, 4, '주식회사 입장에서 자기자본으로 분류 할 수 있다', 193, null);
insert into "ETEST"."PROBLEM_CHOICE" ("PROB_ID", "CHOICE_NUM", "TEXT", "UK_ID", "CHOICE_SCORE" ) values (93, 1, '10%', null, null);
insert into "ETEST"."PROBLEM_CHOICE" ("PROB_ID", "CHOICE_NUM", "TEXT", "UK_ID", "CHOICE_SCORE" ) values (93, 2, '15%', null, null);
insert into "ETEST"."PROBLEM_CHOICE" ("PROB_ID", "CHOICE_NUM", "TEXT", "UK_ID", "CHOICE_SCORE" ) values (93, 3, '20%', null, null);
insert into "ETEST"."PROBLEM_CHOICE" ("PROB_ID", "CHOICE_NUM", "TEXT", "UK_ID", "CHOICE_SCORE" ) values (93, 4, '30%', null, null);
insert into "ETEST"."PROBLEM_CHOICE" ("PROB_ID", "CHOICE_NUM", "TEXT", "UK_ID", "CHOICE_SCORE" ) values (94, 1, 'PER', 281, null);
insert into "ETEST"."PROBLEM_CHOICE" ("PROB_ID", "CHOICE_NUM", "TEXT", "UK_ID", "CHOICE_SCORE" ) values (94, 2, 'PBR', 284, null);
insert into "ETEST"."PROBLEM_CHOICE" ("PROB_ID", "CHOICE_NUM", "TEXT", "UK_ID", "CHOICE_SCORE" ) values (94, 3, 'PSR', 283, null);
insert into "ETEST"."PROBLEM_CHOICE" ("PROB_ID", "CHOICE_NUM", "TEXT", "UK_ID", "CHOICE_SCORE" ) values (94, 4, 'ELW', null, null);
insert into "ETEST"."PROBLEM_CHOICE" ("PROB_ID", "CHOICE_NUM", "TEXT", "UK_ID", "CHOICE_SCORE" ) values (95, 1, '일정 기간의 주가 평균을 의미하며 이동평균을 구하는 방식은 단순산술평균부터 지수이동평균이나 기하이동평균 등 다양한 편이다', null, null);
insert into "ETEST"."PROBLEM_CHOICE" ("PROB_ID", "CHOICE_NUM", "TEXT", "UK_ID", "CHOICE_SCORE" ) values (95, 2, '이동평균선은 해당 기간에 투자자들이 거래한 평균단가로 이해할 수 있다', null, null);
insert into "ETEST"."PROBLEM_CHOICE" ("PROB_ID", "CHOICE_NUM", "TEXT", "UK_ID", "CHOICE_SCORE" ) values (95, 3, '이동평균선을 주가가 상향돌파하는 상황을 골든크로스(Golden cross)라고 하며 중요한 주식매도 신호로 인식한다', 304, null);
insert into "ETEST"."PROBLEM_CHOICE" ("PROB_ID", "CHOICE_NUM", "TEXT", "UK_ID", "CHOICE_SCORE" ) values (95, 4, '이동평균선보다 주가가 아래에 위치한다면 기간 평균에 비해 주가가 낮게 형성되고 있음을 의미한다', null, null);
insert into "ETEST"."PROBLEM_CHOICE" ("PROB_ID", "CHOICE_NUM", "TEXT", "UK_ID", "CHOICE_SCORE" ) values (96, 1, 'A주식은 B주식보다 5배 비싸지만 두 주식의 주가는 모두 액면가 대비 2배이기 때문에 실질적으로 A주식은 B주식보다 2.5배 비싸다', null, null);
insert into "ETEST"."PROBLEM_CHOICE" ("PROB_ID", "CHOICE_NUM", "TEXT", "UK_ID", "CHOICE_SCORE" ) values (96, 2, 'B주식의 발행주식수는 액면분할 이전에 비해 5배 늘어났다', null, null);
insert into "ETEST"."PROBLEM_CHOICE" ("PROB_ID", "CHOICE_NUM", "TEXT", "UK_ID", "CHOICE_SCORE" ) values (96, 3, 'B주식의 액면분할 당시 분할이전의 주가보다 1/5 수준으로 하락하였을 가능성이 높다', null, null);
insert into "ETEST"."PROBLEM_CHOICE" ("PROB_ID", "CHOICE_NUM", "TEXT", "UK_ID", "CHOICE_SCORE" ) values (96, 4, 'A주식과 B주식의 주가수익비율(PER)가 5.0배로 동일하다면 주가의 차이에도 불구하고 내재가치 측면에서는 비슷하다고 평가할 수 있다', null, null);
insert into "ETEST"."PROBLEM_CHOICE" ("PROB_ID", "CHOICE_NUM", "TEXT", "UK_ID", "CHOICE_SCORE" ) values (97, 1, 'GDP(국내총생산)와 경기종합지수는 일반적으로 금융시장 참여자가 시장에서 가장 중요하게 생각하는 경제지표라 할 수 있다', 320, null);
insert into "ETEST"."PROBLEM_CHOICE" ("PROB_ID", "CHOICE_NUM", "TEXT", "UK_ID", "CHOICE_SCORE" ) values (97, 2, 'GDP수치는 분기별로 발표하는데 금리나 주가에 즉각적인 영향을 미치기 때문에 발표 직전 금융시장은 발표치 추이에 신경을 곤두세운다', 320, null);
insert into "ETEST"."PROBLEM_CHOICE" ("PROB_ID", "CHOICE_NUM", "TEXT", "UK_ID", "CHOICE_SCORE" ) values (97, 3, '경기종합지수는 경제의 각 부문을 대표하는 경제지표들을 가공, 종합하여 하나의 지표로 나타난 것이며 선행지수, 동행지수, 후행지수로 나누어진다', 321, null);
insert into "ETEST"."PROBLEM_CHOICE" ("PROB_ID", "CHOICE_NUM", "TEXT", "UK_ID", "CHOICE_SCORE" ) values (97, 4, '실업률, 전경련BSI(기업경기실사지수), 통계청CSI(소비자전망지수) 등도 금융시장에서 관심 가지는 기타 주요한 경제지표이다', 325, null);
insert into "ETEST"."PROBLEM_CHOICE" ("PROB_ID", "CHOICE_NUM", "TEXT", "UK_ID", "CHOICE_SCORE" ) values (98, 1, '금리 하락, 상승, 상승, 상승', null, null);
insert into "ETEST"."PROBLEM_CHOICE" ("PROB_ID", "CHOICE_NUM", "TEXT", "UK_ID", "CHOICE_SCORE" ) values (98, 2, '금리 하락, 하락, 상승, 상승', 337, null);
insert into "ETEST"."PROBLEM_CHOICE" ("PROB_ID", "CHOICE_NUM", "TEXT", "UK_ID", "CHOICE_SCORE" ) values (98, 3, '금리 하락, 상승, 하락, 상승', 334, null);
insert into "ETEST"."PROBLEM_CHOICE" ("PROB_ID", "CHOICE_NUM", "TEXT", "UK_ID", "CHOICE_SCORE" ) values (98, 4, '금리 하락, 상승, 하락, 하락', 341, null);
insert into "ETEST"."PROBLEM_CHOICE" ("PROB_ID", "CHOICE_NUM", "TEXT", "UK_ID", "CHOICE_SCORE" ) values (99, 1, '시중 금리 수준이 높아지면 더 많은 대출이 일어나 시중에 통화량(유동성)이 더욱 풍부해진다', null, null);
insert into "ETEST"."PROBLEM_CHOICE" ("PROB_ID", "CHOICE_NUM", "TEXT", "UK_ID", "CHOICE_SCORE" ) values (99, 2, '한국은행은 기준금리 수준 결정, 시중 은행의 지급준비율 결정, 통안채 발행량 조정의 3가지 주요 방법을 통해 시중 통화량을 조절한다', null, null);
insert into "ETEST"."PROBLEM_CHOICE" ("PROB_ID", "CHOICE_NUM", "TEXT", "UK_ID", "CHOICE_SCORE" ) values (99, 3, 'GDP는 한 나라의 경제 활동을 포괄적으로 나타내며 1년에 1번 연말에 발표된다', null, null);
insert into "ETEST"."PROBLEM_CHOICE" ("PROB_ID", "CHOICE_NUM", "TEXT", "UK_ID", "CHOICE_SCORE" ) values (99, 4, '수많은 국가들이 자국의 통화가치를 강하게 하여 국가의 달러 환산 부(富)가 높아지도록 유도하고 있다', null, null);
insert into "ETEST"."PROBLEM_CHOICE" ("PROB_ID", "CHOICE_NUM", "TEXT", "UK_ID", "CHOICE_SCORE" ) values (100, 1, '군중심리 편향', 451, null);
insert into "ETEST"."PROBLEM_CHOICE" ("PROB_ID", "CHOICE_NUM", "TEXT", "UK_ID", "CHOICE_SCORE" ) values (100, 2, '사후확증 편향', 450, null);
insert into "ETEST"."PROBLEM_CHOICE" ("PROB_ID", "CHOICE_NUM", "TEXT", "UK_ID", "CHOICE_SCORE" ) values (100, 3, '손실회피 편향', 452, null);
insert into "ETEST"."PROBLEM_CHOICE" ("PROB_ID", "CHOICE_NUM", "TEXT", "UK_ID", "CHOICE_SCORE" ) values (100, 4, '자기과신 편향', 449, null);
insert into "ETEST"."PROBLEM_CHOICE" ("PROB_ID", "CHOICE_NUM", "TEXT", "UK_ID", "CHOICE_SCORE" ) values (101, 1, '그 팀장 설명도 그럴싸한데 다가 지난 번에도 그 말대로 되더라니까. 이번에도 맞을 거야', null, null);
insert into "ETEST"."PROBLEM_CHOICE" ("PROB_ID", "CHOICE_NUM", "TEXT", "UK_ID", "CHOICE_SCORE" ) values (101, 2, '처음에는 조금 불안하기도 했는데 매달 꼬박 꼬박 수익금이 들어오더라. 그래서 더 돈을 넣으려고. 너도 해봐', null, null);
insert into "ETEST"."PROBLEM_CHOICE" ("PROB_ID", "CHOICE_NUM", "TEXT", "UK_ID", "CHOICE_SCORE" ) values (101, 3, '낮은 금리의 퇴직연금 포트폴리오를 조정해야지 조정해야지 생각만하고 계속 그대로 놨둬 기회를 놓쳐버렸어', null, null);
insert into "ETEST"."PROBLEM_CHOICE" ("PROB_ID", "CHOICE_NUM", "TEXT", "UK_ID", "CHOICE_SCORE" ) values (101, 4, '내가 1년 간 지켜봤는데 이 주식은 계속 오르지 않고 올랐다가 내려갔다 반복만 해. 이 정도 내려가면 다시 올라가니까 지금 사야해', null, null);
insert into "ETEST"."PROBLEM_CHOICE" ("PROB_ID", "CHOICE_NUM", "TEXT", "UK_ID", "CHOICE_SCORE" ) values (102, 1, '심적회계', null, null);
insert into "ETEST"."PROBLEM_CHOICE" ("PROB_ID", "CHOICE_NUM", "TEXT", "UK_ID", "CHOICE_SCORE" ) values (102, 2, '기준점 편향', null, null);
insert into "ETEST"."PROBLEM_CHOICE" ("PROB_ID", "CHOICE_NUM", "TEXT", "UK_ID", "CHOICE_SCORE" ) values (102, 3, '손실회피 편향', null, null);
insert into "ETEST"."PROBLEM_CHOICE" ("PROB_ID", "CHOICE_NUM", "TEXT", "UK_ID", "CHOICE_SCORE" ) values (102, 4, '자기과신 편향', null, null);
insert into "ETEST"."PROBLEM_CHOICE" ("PROB_ID", "CHOICE_NUM", "TEXT", "UK_ID", "CHOICE_SCORE" ) values (103, 1, '이익상황에서는 위험회피성향을, 손실상황에서는 위험회피성향을 보인다', null, null);
insert into "ETEST"."PROBLEM_CHOICE" ("PROB_ID", "CHOICE_NUM", "TEXT", "UK_ID", "CHOICE_SCORE" ) values (103, 2, '이익상황에서는 위험회피성향을, 손실상황에서는 위험보유성향을 보인다', null, null);
insert into "ETEST"."PROBLEM_CHOICE" ("PROB_ID", "CHOICE_NUM", "TEXT", "UK_ID", "CHOICE_SCORE" ) values (103, 3, '이익상황에서는 위험보유성향을, 손실상황에서는 위험보유성향을 보인다', null, null);
insert into "ETEST"."PROBLEM_CHOICE" ("PROB_ID", "CHOICE_NUM", "TEXT", "UK_ID", "CHOICE_SCORE" ) values (103, 4, '이익상황에서는 위험보유성향을, 손실상황에서는 위험회피성향을 보인다', null, null);
insert into "ETEST"."PROBLEM_CHOICE" ("PROB_ID", "CHOICE_NUM", "TEXT", "UK_ID", "CHOICE_SCORE" ) values (104, 1, '투자일임업', null, null);
insert into "ETEST"."PROBLEM_CHOICE" ("PROB_ID", "CHOICE_NUM", "TEXT", "UK_ID", "CHOICE_SCORE" ) values (104, 2, '투자자문업', null, null);
insert into "ETEST"."PROBLEM_CHOICE" ("PROB_ID", "CHOICE_NUM", "TEXT", "UK_ID", "CHOICE_SCORE" ) values (104, 3, '투자매매업', null, null);
insert into "ETEST"."PROBLEM_CHOICE" ("PROB_ID", "CHOICE_NUM", "TEXT", "UK_ID", "CHOICE_SCORE" ) values (104, 4, '집합투자업', null, null);
insert into "ETEST"."PROBLEM_CHOICE" ("PROB_ID", "CHOICE_NUM", "TEXT", "UK_ID", "CHOICE_SCORE" ) values (105, 1, '증권회사 MTS로 위탁계좌에 있는 돈으로 ETF를 매수하였다', null, null);
insert into "ETEST"."PROBLEM_CHOICE" ("PROB_ID", "CHOICE_NUM", "TEXT", "UK_ID", "CHOICE_SCORE" ) values (105, 2, 'ETF매수를 위해 은행을 방문하여 특정금전신탁에 가입하여 운용지시를 하였다', null, null);
insert into "ETEST"."PROBLEM_CHOICE" ("PROB_ID", "CHOICE_NUM", "TEXT", "UK_ID", "CHOICE_SCORE" ) values (105, 3, '은행에서 특정금전신탁으로 매수하는 ETF나 증권회사를 통해 매수하는 ETF는 동일한 것으로 투자비용도 동일하다', null, null);
insert into "ETEST"."PROBLEM_CHOICE" ("PROB_ID", "CHOICE_NUM", "TEXT", "UK_ID", "CHOICE_SCORE" ) values (105, 4, '증권회사를 통해 ETF를 매매할때는 실시간 매매가 가능하지만 은행의 특정금전신탁을 통한 ETF매매는 계좌별 실시간 매매는 어렵다', null, null);
insert into "ETEST"."PROBLEM_CHOICE" ("PROB_ID", "CHOICE_NUM", "TEXT", "UK_ID", "CHOICE_SCORE" ) values (106, 1, '㉠, ㉣', null, null);
insert into "ETEST"."PROBLEM_CHOICE" ("PROB_ID", "CHOICE_NUM", "TEXT", "UK_ID", "CHOICE_SCORE" ) values (106, 2, '㉠, ㉡, ㉤', null, null);
insert into "ETEST"."PROBLEM_CHOICE" ("PROB_ID", "CHOICE_NUM", "TEXT", "UK_ID", "CHOICE_SCORE" ) values (106, 3, '㉡, ㉢, ㉣, ㉤', null, null);
insert into "ETEST"."PROBLEM_CHOICE" ("PROB_ID", "CHOICE_NUM", "TEXT", "UK_ID", "CHOICE_SCORE" ) values (106, 4, '㉠, ㉡, ㉢, ㉣, ㉤', null, null);
insert into "ETEST"."PROBLEM_CHOICE" ("PROB_ID", "CHOICE_NUM", "TEXT", "UK_ID", "CHOICE_SCORE" ) values (107, 1, '㉠ 지정가  ㉡ 시장가', null, null);
insert into "ETEST"."PROBLEM_CHOICE" ("PROB_ID", "CHOICE_NUM", "TEXT", "UK_ID", "CHOICE_SCORE" ) values (107, 2, '㉠ 시장가  ㉡ 대용가', null, null);
insert into "ETEST"."PROBLEM_CHOICE" ("PROB_ID", "CHOICE_NUM", "TEXT", "UK_ID", "CHOICE_SCORE" ) values (107, 3, '㉠ 지정가  ㉡ 대용가', null, null);
insert into "ETEST"."PROBLEM_CHOICE" ("PROB_ID", "CHOICE_NUM", "TEXT", "UK_ID", "CHOICE_SCORE" ) values (107, 4, '㉠ 시장가  ㉡ 조건부지정가', null, null);
insert into "ETEST"."PROBLEM_CHOICE" ("PROB_ID", "CHOICE_NUM", "TEXT", "UK_ID", "CHOICE_SCORE" ) values (108, 1, '거래가 빈번하면 수수료 부담이 커진다', 68, null);
insert into "ETEST"."PROBLEM_CHOICE" ("PROB_ID", "CHOICE_NUM", "TEXT", "UK_ID", "CHOICE_SCORE" ) values (108, 2, '비과세 금융상품을 선택하면 수익률을 높일 수 있다', 69, null);
insert into "ETEST"."PROBLEM_CHOICE" ("PROB_ID", "CHOICE_NUM", "TEXT", "UK_ID", "CHOICE_SCORE" ) values (108, 3, '기회비용은 명시적으로 계산할 수 없으므로 고려하지 않는다', 70, null);
insert into "ETEST"."PROBLEM_CHOICE" ("PROB_ID", "CHOICE_NUM", "TEXT", "UK_ID", "CHOICE_SCORE" ) values (108, 4, '투자대상을 평가할 때는 수익과 함께 위험도 고려해야 한다', 71, null);
insert into "ETEST"."PROBLEM_CHOICE" ("PROB_ID", "CHOICE_NUM", "TEXT", "UK_ID", "CHOICE_SCORE" ) values (109, 1, '투자대안 A를 매수하고 B를 매도한다', null, null);
insert into "ETEST"."PROBLEM_CHOICE" ("PROB_ID", "CHOICE_NUM", "TEXT", "UK_ID", "CHOICE_SCORE" ) values (109, 2, '투자대안 B를 매도하고 C를 매수한다', null, null);
insert into "ETEST"."PROBLEM_CHOICE" ("PROB_ID", "CHOICE_NUM", "TEXT", "UK_ID", "CHOICE_SCORE" ) values (109, 3, '투자대안 C를 매수하고 D를 매도한다', null, null);
insert into "ETEST"."PROBLEM_CHOICE" ("PROB_ID", "CHOICE_NUM", "TEXT", "UK_ID", "CHOICE_SCORE" ) values (109, 4, '투자대안 A를 매도하고 D를 매수한다', null, null);
insert into "ETEST"."PROBLEM_CHOICE" ("PROB_ID", "CHOICE_NUM", "TEXT", "UK_ID", "CHOICE_SCORE" ) values (110, 1, '주식시장의 이례적인 현상을 활용해 투자한다', 145, null);
insert into "ETEST"."PROBLEM_CHOICE" ("PROB_ID", "CHOICE_NUM", "TEXT", "UK_ID", "CHOICE_SCORE" ) values (110, 2, '적정한 투자타이밍을 찾기 위해 노력한다', 145, null);
insert into "ETEST"."PROBLEM_CHOICE" ("PROB_ID", "CHOICE_NUM", "TEXT", "UK_ID", "CHOICE_SCORE" ) values (110, 3, '특정 산업이나 소수 종목에 집중 투자한다', 144, null);
insert into "ETEST"."PROBLEM_CHOICE" ("PROB_ID", "CHOICE_NUM", "TEXT", "UK_ID", "CHOICE_SCORE" ) values (110, 4, '주식을 매수한 다음 장기보유 한다', 145, null);
insert into "ETEST"."PROBLEM_CHOICE" ("PROB_ID", "CHOICE_NUM", "TEXT", "UK_ID", "CHOICE_SCORE" ) values (111, 1, '자신이 원할 때 투자종목을 사고 팔 수 있다', 112, null);
insert into "ETEST"."PROBLEM_CHOICE" ("PROB_ID", "CHOICE_NUM", "TEXT", "UK_ID", "CHOICE_SCORE" ) values (111, 2, '자신에게 적합한 포트폴리오를 스스로 구성한다', 112, null);
insert into "ETEST"."PROBLEM_CHOICE" ("PROB_ID", "CHOICE_NUM", "TEXT", "UK_ID", "CHOICE_SCORE" ) values (111, 3, '전문가의 도움 없이 투자할 수 있다', 112, null);
insert into "ETEST"."PROBLEM_CHOICE" ("PROB_ID", "CHOICE_NUM", "TEXT", "UK_ID", "CHOICE_SCORE" ) values (111, 4, '간접투자보다 항상 우수한 성과를 보인다', 113, null);
insert into "ETEST"."PROBLEM_CHOICE" ("PROB_ID", "CHOICE_NUM", "TEXT", "UK_ID", "CHOICE_SCORE" ) values (112, 1, '주가가 지속 상승하면, 거치식이 적립식보다 투자성과가 우수하다', null, null);
insert into "ETEST"."PROBLEM_CHOICE" ("PROB_ID", "CHOICE_NUM", "TEXT", "UK_ID", "CHOICE_SCORE" ) values (112, 2, '주가가 지속 하락하면, 거치식이 적립식보다 투자성과가 우수하다', null, null);
insert into "ETEST"."PROBLEM_CHOICE" ("PROB_ID", "CHOICE_NUM", "TEXT", "UK_ID", "CHOICE_SCORE" ) values (112, 3, '시장상황과 무관하게 적립식이 거치식보다 항상 나은 투자성과를 보인다', null, null);
insert into "ETEST"."PROBLEM_CHOICE" ("PROB_ID", "CHOICE_NUM", "TEXT", "UK_ID", "CHOICE_SCORE" ) values (112, 4, '시장상황과 무관하게 거치식이 적립식보다 항상 나은 투자성과를 보인다', null, null);
insert into "ETEST"."PROBLEM_CHOICE" ("PROB_ID", "CHOICE_NUM", "TEXT", "UK_ID", "CHOICE_SCORE" ) values (113, 1, '기대수익과 함께 위험도 감소한다', null, null);
insert into "ETEST"."PROBLEM_CHOICE" ("PROB_ID", "CHOICE_NUM", "TEXT", "UK_ID", "CHOICE_SCORE" ) values (113, 2, '기대수익과 함께 위험도 증가한다', null, null);
insert into "ETEST"."PROBLEM_CHOICE" ("PROB_ID", "CHOICE_NUM", "TEXT", "UK_ID", "CHOICE_SCORE" ) values (113, 3, '기대수익은 증가하지만 위험은 감소한다', null, null);
insert into "ETEST"."PROBLEM_CHOICE" ("PROB_ID", "CHOICE_NUM", "TEXT", "UK_ID", "CHOICE_SCORE" ) values (113, 4, '기대수익은 감소하지만 위험은 증가한다', null, null);
insert into "ETEST"."PROBLEM_CHOICE" ("PROB_ID", "CHOICE_NUM", "TEXT", "UK_ID", "CHOICE_SCORE" ) values (114, 1, '차입금을 갚는다', null, null);
insert into "ETEST"."PROBLEM_CHOICE" ("PROB_ID", "CHOICE_NUM", "TEXT", "UK_ID", "CHOICE_SCORE" ) values (114, 2, '사채를 발행한다', 194, null);
insert into "ETEST"."PROBLEM_CHOICE" ("PROB_ID", "CHOICE_NUM", "TEXT", "UK_ID", "CHOICE_SCORE" ) values (114, 3, '유상증자를 실시한다', 193, null);
insert into "ETEST"."PROBLEM_CHOICE" ("PROB_ID", "CHOICE_NUM", "TEXT", "UK_ID", "CHOICE_SCORE" ) values (114, 4, '기존 회사채를 상환한다', 194, null);
insert into "ETEST"."PROBLEM_CHOICE" ("PROB_ID", "CHOICE_NUM", "TEXT", "UK_ID", "CHOICE_SCORE" ) values (115, 1, '최근 금리가 많이 하락하여 저리로 회사채를 발행하여 운영자금을 마련한다', 194, null);
insert into "ETEST"."PROBLEM_CHOICE" ("PROB_ID", "CHOICE_NUM", "TEXT", "UK_ID", "CHOICE_SCORE" ) values (115, 2, '최근 부동산 가격이 상승하여 보유하고 있는 유휴부지를 매각하여 설비투자 자금을 마련한다', null, null);
insert into "ETEST"."PROBLEM_CHOICE" ("PROB_ID", "CHOICE_NUM", "TEXT", "UK_ID", "CHOICE_SCORE" ) values (115, 3, '최근 주가가 많이 올라 1:5으로 액면분할을 실시한다', null, null);
insert into "ETEST"."PROBLEM_CHOICE" ("PROB_ID", "CHOICE_NUM", "TEXT", "UK_ID", "CHOICE_SCORE" ) values (115, 4, '최근 유력한 투자처를 소개받아 이사회 특별결의를 통해 제3자배정 유상증자를 실시한다', 216, null);
insert into "ETEST"."PROBLEM_CHOICE" ("PROB_ID", "CHOICE_NUM", "TEXT", "UK_ID", "CHOICE_SCORE" ) values (116, 1, '배당은 기업의 잉여자본금을 주주에게 환원하는 대표적 행위이다', 176, null);
insert into "ETEST"."PROBLEM_CHOICE" ("PROB_ID", "CHOICE_NUM", "TEXT", "UK_ID", "CHOICE_SCORE" ) values (116, 2, '배당수익률이 높다는 것은 주가 대비 지급되는 주당 배당금이 높거나 반대로 주당 배당금 대비 주가가 낮은 경우이다', 177, null);
insert into "ETEST"."PROBLEM_CHOICE" ("PROB_ID", "CHOICE_NUM", "TEXT", "UK_ID", "CHOICE_SCORE" ) values (116, 3, '성장단계의 기업은 배당보다 투자에 집중하기 때문에 배당지급이 없거나 배당 지급 규모가 적을 가능성이 높다', null, null);
insert into "ETEST"."PROBLEM_CHOICE" ("PROB_ID", "CHOICE_NUM", "TEXT", "UK_ID", "CHOICE_SCORE" ) values (116, 4, '배당수익률이 10%라면, 현재 주가가 향후 10% 상승할 가능성이 높다고 평가할 수 있다', 177, null);
insert into "ETEST"."PROBLEM_CHOICE" ("PROB_ID", "CHOICE_NUM", "TEXT", "UK_ID", "CHOICE_SCORE" ) values (117, 1, '공시', null, null);
insert into "ETEST"."PROBLEM_CHOICE" ("PROB_ID", "CHOICE_NUM", "TEXT", "UK_ID", "CHOICE_SCORE" ) values (117, 2, '공표', null, null);
insert into "ETEST"."PROBLEM_CHOICE" ("PROB_ID", "CHOICE_NUM", "TEXT", "UK_ID", "CHOICE_SCORE" ) values (117, 3, '공개', null, null);
insert into "ETEST"."PROBLEM_CHOICE" ("PROB_ID", "CHOICE_NUM", "TEXT", "UK_ID", "CHOICE_SCORE" ) values (117, 4, '매매', null, null);
insert into "ETEST"."PROBLEM_CHOICE" ("PROB_ID", "CHOICE_NUM", "TEXT", "UK_ID", "CHOICE_SCORE" ) values (118, 1, 'GDP(국내총생산)와 경기종합지수는 일반적으로 금융시장 참여자가 시장에서 가장 중요하게 생각하는 경제지표라 할 수 있다', 320, null);
insert into "ETEST"."PROBLEM_CHOICE" ("PROB_ID", "CHOICE_NUM", "TEXT", "UK_ID", "CHOICE_SCORE" ) values (118, 2, 'GDP수치는 분기별로 발표하는데 금리나 주가에 즉각적인 영향을 미치기 때문에 발표 직전 금융시장은 발표치 추이에 신경을 곤두세운다', 320, null);
insert into "ETEST"."PROBLEM_CHOICE" ("PROB_ID", "CHOICE_NUM", "TEXT", "UK_ID", "CHOICE_SCORE" ) values (118, 3, '경기종합지수는 경제의 각 부문을 대표하는 경제지표들을 가공, 종합하여 하나의 지표로 나타난 것이며 선행지수, 동행지수, 후행지수로 나누어진다', 321, null);
insert into "ETEST"."PROBLEM_CHOICE" ("PROB_ID", "CHOICE_NUM", "TEXT", "UK_ID", "CHOICE_SCORE" ) values (118, 4, '실업률, 전경련BSI(기업경기실사지수), 통계청CSI(소비자전망지수) 등도 금융시장에서 관심 가지는 기타 주요한 경제지표이다', 325, null);
insert into "ETEST"."PROBLEM_CHOICE" ("PROB_ID", "CHOICE_NUM", "TEXT", "UK_ID", "CHOICE_SCORE" ) values (119, 1, '향후 물가가 크게 오를 것으로 예상되면 돈에 대한 수요가 증가해 시중 금리는 오르게 된다', null, null);
insert into "ETEST"."PROBLEM_CHOICE" ("PROB_ID", "CHOICE_NUM", "TEXT", "UK_ID", "CHOICE_SCORE" ) values (119, 2, '물가가 기대치보다 크게 오르게 되면 물가 안정을 제1의 목표로 삼는 한국은행은 기준금리를 올리는 등 시중 자금을 흡수해 돈의 공급을 줄이는데, 이는 시장 금리를 상승시키는 원인이 된다', null, null);
insert into "ETEST"."PROBLEM_CHOICE" ("PROB_ID", "CHOICE_NUM", "TEXT", "UK_ID", "CHOICE_SCORE" ) values (119, 3, '물가 상승으로 한국은행의 기준금리 인상 등 통화긴축이 예상될 경우 주가에 긍정적인 영향을 끼친다', null, null);
insert into "ETEST"."PROBLEM_CHOICE" ("PROB_ID", "CHOICE_NUM", "TEXT", "UK_ID", "CHOICE_SCORE" ) values (119, 4, '소비자 물가 지수는 한국은행의 통화 정책 결정 시 중요한 참고가 되기에 금융시장에 미치는 영향이 큰 편이다', null, null);
insert into "ETEST"."PROBLEM_CHOICE" ("PROB_ID", "CHOICE_NUM", "TEXT", "UK_ID", "CHOICE_SCORE" ) values (120, 1, '주식과 채권을 함께 투자하면 경제 환경 변수에서 위험이 줄어드는 효과를 얻을 수 있는데 이는 경제환경이라는 변수 하에서 주식과 채권 가격의 상관계수가 마이너스이기 때문이다', 341, null);
--insert into "ETEST"."PROBLEM_CHOICE" ("PROB_ID", "CHOICE_NUM", "TEXT", "UK_ID", "CHOICE_SCORE" ) values (120, 2, '이론적으로 주식의 비중을 30% 내외, 채권의 비중을 70% 내외로 분산투자할 때 전체 포트폴리오의 위험은 현저히 낮아져 채권만 100% 보유하는 것보다도 위험은 작으면서도 수익은 더 높은 것으로 알려져 있다', 150, null);
insert into "ETEST"."PROBLEM_CHOICE" ("PROB_ID", "CHOICE_NUM", "TEXT", "UK_ID", "CHOICE_SCORE" ) values (120, 3, '채권의 금리들이 현저히 떨어진 초저금리 시대에도 경기가 좋지 않을 때 채권 가격이 상승하며 주식의 가격하락 위험을 상쇄시켜주는 주식+채권 포트폴리오 효과를 크게 기대할 수 있다', 150, null);
insert into "ETEST"."PROBLEM_CHOICE" ("PROB_ID", "CHOICE_NUM", "TEXT", "UK_ID", "CHOICE_SCORE" ) values (120, 4, '초저금리 시대에 들어, 너무 낮은 금리의 채권으로서는 더 이상 포트폴리오 위험을 상쇄시키는 효과를 거두기 힘들기 때문에, 고배당주, 일부 해외 채권 등 다른 투자자산에 관심을 가지는 일도 초저금리 시대의 포트폴리오 투자 대안이 될 수 있다', null, null);
insert into "ETEST"."PROBLEM_CHOICE" ("PROB_ID", "CHOICE_NUM", "TEXT", "UK_ID", "CHOICE_SCORE" ) values (121, 1, '확증편향', null, null);
insert into "ETEST"."PROBLEM_CHOICE" ("PROB_ID", "CHOICE_NUM", "TEXT", "UK_ID", "CHOICE_SCORE" ) values (121, 2, '기준점 편향', null, null);
insert into "ETEST"."PROBLEM_CHOICE" ("PROB_ID", "CHOICE_NUM", "TEXT", "UK_ID", "CHOICE_SCORE" ) values (121, 3, '시기추론 편향', null, null);
insert into "ETEST"."PROBLEM_CHOICE" ("PROB_ID", "CHOICE_NUM", "TEXT", "UK_ID", "CHOICE_SCORE" ) values (121, 4, '도박사의 오류', null, null);
insert into "ETEST"."PROBLEM_CHOICE" ("PROB_ID", "CHOICE_NUM", "TEXT", "UK_ID", "CHOICE_SCORE" ) values (122, 1, '손실회피 현향', null, null);
insert into "ETEST"."PROBLEM_CHOICE" ("PROB_ID", "CHOICE_NUM", "TEXT", "UK_ID", "CHOICE_SCORE" ) values (122, 2, '사후확증 편향', null, null);
insert into "ETEST"."PROBLEM_CHOICE" ("PROB_ID", "CHOICE_NUM", "TEXT", "UK_ID", "CHOICE_SCORE" ) values (122, 3, '매몰비용의 오류', null, null);
insert into "ETEST"."PROBLEM_CHOICE" ("PROB_ID", "CHOICE_NUM", "TEXT", "UK_ID", "CHOICE_SCORE" ) values (122, 4, '과거추세지속가정 편향', null, null);
insert into "ETEST"."PROBLEM_CHOICE" ("PROB_ID", "CHOICE_NUM", "TEXT", "UK_ID", "CHOICE_SCORE" ) values (123, 1, '군중심리 편향', null, null);
insert into "ETEST"."PROBLEM_CHOICE" ("PROB_ID", "CHOICE_NUM", "TEXT", "UK_ID", "CHOICE_SCORE" ) values (123, 2, '현재중시 편향', null, null);
insert into "ETEST"."PROBLEM_CHOICE" ("PROB_ID", "CHOICE_NUM", "TEXT", "UK_ID", "CHOICE_SCORE" ) values (123, 3, '시기추론 편향', null, null);
insert into "ETEST"."PROBLEM_CHOICE" ("PROB_ID", "CHOICE_NUM", "TEXT", "UK_ID", "CHOICE_SCORE" ) values (123, 4, '매몰비용의 오류', null, null);
insert into "ETEST"."PROBLEM_CHOICE" ("PROB_ID", "CHOICE_NUM", "TEXT", "UK_ID", "CHOICE_SCORE" ) values (124, 1, '현상유지 편향', null, null);
insert into "ETEST"."PROBLEM_CHOICE" ("PROB_ID", "CHOICE_NUM", "TEXT", "UK_ID", "CHOICE_SCORE" ) values (124, 2, '손실회피 편향', null, null);
insert into "ETEST"."PROBLEM_CHOICE" ("PROB_ID", "CHOICE_NUM", "TEXT", "UK_ID", "CHOICE_SCORE" ) values (124, 3, '도박사의 오류', null, null);
insert into "ETEST"."PROBLEM_CHOICE" ("PROB_ID", "CHOICE_NUM", "TEXT", "UK_ID", "CHOICE_SCORE" ) values (124, 4, '매몰비용의 오류', null, null);
insert into "ETEST"."PROBLEM_CHOICE" ("PROB_ID", "CHOICE_NUM", "TEXT", "UK_ID", "CHOICE_SCORE" ) values (125, 1, '본인 명의의 스마트폰', null, null);
insert into "ETEST"."PROBLEM_CHOICE" ("PROB_ID", "CHOICE_NUM", "TEXT", "UK_ID", "CHOICE_SCORE" ) values (125, 2, '주민등록증 또는 운전면허증', null, null);
insert into "ETEST"."PROBLEM_CHOICE" ("PROB_ID", "CHOICE_NUM", "TEXT", "UK_ID", "CHOICE_SCORE" ) values (125, 3, '실명확인이 가능한 본인명의 금융기관 계좌', null, null);
insert into "ETEST"."PROBLEM_CHOICE" ("PROB_ID", "CHOICE_NUM", "TEXT", "UK_ID", "CHOICE_SCORE" ) values (125, 4, '증권회사 HTS(Home Trading System)가 설치된 PC', null, null);
insert into "ETEST"."PROBLEM_CHOICE" ("PROB_ID", "CHOICE_NUM", "TEXT", "UK_ID", "CHOICE_SCORE" ) values (126, 1, 'ELS', null, null);
insert into "ETEST"."PROBLEM_CHOICE" ("PROB_ID", "CHOICE_NUM", "TEXT", "UK_ID", "CHOICE_SCORE" ) values (126, 2, 'CMA', null, null);
insert into "ETEST"."PROBLEM_CHOICE" ("PROB_ID", "CHOICE_NUM", "TEXT", "UK_ID", "CHOICE_SCORE" ) values (126, 3, 'DLS', null, null);
insert into "ETEST"."PROBLEM_CHOICE" ("PROB_ID", "CHOICE_NUM", "TEXT", "UK_ID", "CHOICE_SCORE" ) values (126, 4, 'IRP', null, null);
insert into "ETEST"."PROBLEM_CHOICE" ("PROB_ID", "CHOICE_NUM", "TEXT", "UK_ID", "CHOICE_SCORE" ) values (127, 1, '㉠ 수량  ㉡ 비율', null, null);
insert into "ETEST"."PROBLEM_CHOICE" ("PROB_ID", "CHOICE_NUM", "TEXT", "UK_ID", "CHOICE_SCORE" ) values (127, 2, '㉠ 수량  ㉡ 가격', null, null);
insert into "ETEST"."PROBLEM_CHOICE" ("PROB_ID", "CHOICE_NUM", "TEXT", "UK_ID", "CHOICE_SCORE" ) values (127, 3, '㉠ 가격  ㉡ 수량', null, null);
insert into "ETEST"."PROBLEM_CHOICE" ("PROB_ID", "CHOICE_NUM", "TEXT", "UK_ID", "CHOICE_SCORE" ) values (127, 4, '㉠ 가격  ㉡ 비율', null, null);
insert into "ETEST"."PROBLEM_CHOICE" ("PROB_ID", "CHOICE_NUM", "TEXT", "UK_ID", "CHOICE_SCORE" ) values (21, 1, '해본 적 없음', null, 1);
insert into "ETEST"."PROBLEM_CHOICE" ("PROB_ID", "CHOICE_NUM", "TEXT", "UK_ID", "CHOICE_SCORE" ) values (21, 2, '1년 이하', null, 2);
insert into "ETEST"."PROBLEM_CHOICE" ("PROB_ID", "CHOICE_NUM", "TEXT", "UK_ID", "CHOICE_SCORE" ) values (21, 3, '1~3년', null, 3);
insert into "ETEST"."PROBLEM_CHOICE" ("PROB_ID", "CHOICE_NUM", "TEXT", "UK_ID", "CHOICE_SCORE" ) values (21, 4, '3년 이상', null, 4);
insert into "ETEST"."PROBLEM_CHOICE" ("PROB_ID", "CHOICE_NUM", "TEXT", "UK_ID", "CHOICE_SCORE" ) values (22, 1, '10% 미만', null, 1);
insert into "ETEST"."PROBLEM_CHOICE" ("PROB_ID", "CHOICE_NUM", "TEXT", "UK_ID", "CHOICE_SCORE" ) values (22, 2, '10%~30%', null, 2);
insert into "ETEST"."PROBLEM_CHOICE" ("PROB_ID", "CHOICE_NUM", "TEXT", "UK_ID", "CHOICE_SCORE" ) values (22, 3, '30~50%', null, 3);
insert into "ETEST"."PROBLEM_CHOICE" ("PROB_ID", "CHOICE_NUM", "TEXT", "UK_ID", "CHOICE_SCORE" ) values (22, 4, '50% 이상', null, 4);
insert into "ETEST"."PROBLEM_CHOICE" ("PROB_ID", "CHOICE_NUM", "TEXT", "UK_ID", "CHOICE_SCORE" ) values (23, 1, '3개 이하', null, 1);
insert into "ETEST"."PROBLEM_CHOICE" ("PROB_ID", "CHOICE_NUM", "TEXT", "UK_ID", "CHOICE_SCORE" ) values (23, 2, '4~6개', null, 2);
insert into "ETEST"."PROBLEM_CHOICE" ("PROB_ID", "CHOICE_NUM", "TEXT", "UK_ID", "CHOICE_SCORE" ) values (23, 3, '6~8개', null, 3);
insert into "ETEST"."PROBLEM_CHOICE" ("PROB_ID", "CHOICE_NUM", "TEXT", "UK_ID", "CHOICE_SCORE" ) values (23, 4, '8개 이상', null, 4);
insert into "ETEST"."PROBLEM_CHOICE" ("PROB_ID", "CHOICE_NUM", "TEXT", "UK_ID", "CHOICE_SCORE" ) values (24, 1, '대형주', null, 1);
insert into "ETEST"."PROBLEM_CHOICE" ("PROB_ID", "CHOICE_NUM", "TEXT", "UK_ID", "CHOICE_SCORE" ) values (24, 2, '중형주', null, 2);
insert into "ETEST"."PROBLEM_CHOICE" ("PROB_ID", "CHOICE_NUM", "TEXT", "UK_ID", "CHOICE_SCORE" ) values (24, 3, '소형주', null, 3);
insert into "ETEST"."PROBLEM_CHOICE" ("PROB_ID", "CHOICE_NUM", "TEXT", "UK_ID", "CHOICE_SCORE" ) values (24, 4, '동전주', null, 4);
insert into "ETEST"."PROBLEM_CHOICE" ("PROB_ID", "CHOICE_NUM", "TEXT", "UK_ID", "CHOICE_SCORE" ) values (25, 1, '기회를 보다가 괜찮은 종목이 생기면 한번에 넣는 편이다.', null, 3);
insert into "ETEST"."PROBLEM_CHOICE" ("PROB_ID", "CHOICE_NUM", "TEXT", "UK_ID", "CHOICE_SCORE" ) values (25, 2, '매달 일정한 금액을 적금처럼 넣는 편이다. ', null, 10);
insert into "ETEST"."PROBLEM_CHOICE" ("PROB_ID", "CHOICE_NUM", "TEXT", "UK_ID", "CHOICE_SCORE" ) values (26, 1, '호재가 이어지고 있기 때문에 좀 더 지켜본다.', null, 3);
insert into "ETEST"."PROBLEM_CHOICE" ("PROB_ID", "CHOICE_NUM", "TEXT", "UK_ID", "CHOICE_SCORE" ) values (26, 2, '목표수익은 도달했으니 매도한다.', null, 10);
insert into "ETEST"."PROBLEM_CHOICE" ("PROB_ID", "CHOICE_NUM", "TEXT", "UK_ID", "CHOICE_SCORE" ) values (27, 1, '인생의 기회이므로 호재가 끝날 때까지 기다립니다.', null, 3);
insert into "ETEST"."PROBLEM_CHOICE" ("PROB_ID", "CHOICE_NUM", "TEXT", "UK_ID", "CHOICE_SCORE" ) values (27, 2, '주식과 채권의 비율을 5:5로 정해 놓았으므로 주식을 매도합니다.', null, 10);
insert into "ETEST"."PROBLEM_CHOICE" ("PROB_ID", "CHOICE_NUM", "TEXT", "UK_ID", "CHOICE_SCORE" ) values (28, 1, '지켜봅니다. 목표한 수익을 얻지 못했기 때문입니다.', null, 3);
insert into "ETEST"."PROBLEM_CHOICE" ("PROB_ID", "CHOICE_NUM", "TEXT", "UK_ID", "CHOICE_SCORE" ) values (28, 2, '주식을 매수합니다. 계획한 투자금액은 1천만원이기 때문입니다.', null, 10);
insert into "ETEST"."PROBLEM_CHOICE" ("PROB_ID", "CHOICE_NUM", "TEXT", "UK_ID", "CHOICE_SCORE" ) values (29, 1, '일정 수입이 있고, 앞으로 유지되거나 증가할 것으로 예상', null, 3);
insert into "ETEST"."PROBLEM_CHOICE" ("PROB_ID", "CHOICE_NUM", "TEXT", "UK_ID", "CHOICE_SCORE" ) values (29, 2, '일정 수입이 있지만, 앞으로 감소하거나 불안정할 것으로 예상', null, 2);
insert into "ETEST"."PROBLEM_CHOICE" ("PROB_ID", "CHOICE_NUM", "TEXT", "UK_ID", "CHOICE_SCORE" ) values (29, 3, '현재 일정 수입이 없음', null, 1);
insert into "ETEST"."PROBLEM_CHOICE" ("PROB_ID", "CHOICE_NUM", "TEXT", "UK_ID", "CHOICE_SCORE" ) values (30, 1, '6개월 미만', null, 1);
insert into "ETEST"."PROBLEM_CHOICE" ("PROB_ID", "CHOICE_NUM", "TEXT", "UK_ID", "CHOICE_SCORE" ) values (30, 2, '6개월 이상~1년 미만', null, 2);
insert into "ETEST"."PROBLEM_CHOICE" ("PROB_ID", "CHOICE_NUM", "TEXT", "UK_ID", "CHOICE_SCORE" ) values (30, 3, '1년 이상~2년 미만', null, 3);
insert into "ETEST"."PROBLEM_CHOICE" ("PROB_ID", "CHOICE_NUM", "TEXT", "UK_ID", "CHOICE_SCORE" ) values (30, 4, '2년 이상', null, 4);
insert into "ETEST"."PROBLEM_CHOICE" ("PROB_ID", "CHOICE_NUM", "TEXT", "UK_ID", "CHOICE_SCORE" ) values (31, 1, '은행의 예금이나 단기 금융 시장 상품(MMA, CMA) 등에 저축한다.', null, 1);
insert into "ETEST"."PROBLEM_CHOICE" ("PROB_ID", "CHOICE_NUM", "TEXT", "UK_ID", "CHOICE_SCORE" ) values (31, 2, '안전한 고수익 채권 혹은 채권형 펀드에 투자한다.', null, 2);
insert into "ETEST"."PROBLEM_CHOICE" ("PROB_ID", "CHOICE_NUM", "TEXT", "UK_ID", "CHOICE_SCORE" ) values (31, 3, '주식이나 주식형 펀드에 투자한다.', null, 3);
insert into "ETEST"."PROBLEM_CHOICE" ("PROB_ID", "CHOICE_NUM", "TEXT", "UK_ID", "CHOICE_SCORE" ) values (31, 4, '선물옵션이나 주식 신용거래를 한다.', null, 4);
insert into "ETEST"."PROBLEM_CHOICE" ("PROB_ID", "CHOICE_NUM", "TEXT", "UK_ID", "CHOICE_SCORE" ) values (32, 1, '전혀 하지 않는다.', null, 1);
insert into "ETEST"."PROBLEM_CHOICE" ("PROB_ID", "CHOICE_NUM", "TEXT", "UK_ID", "CHOICE_SCORE" ) values (32, 2, '한 달 치의 월급 정도', null, 2);
insert into "ETEST"."PROBLEM_CHOICE" ("PROB_ID", "CHOICE_NUM", "TEXT", "UK_ID", "CHOICE_SCORE" ) values (32, 3, '세 달 치의 월급 정도', null, 3);
insert into "ETEST"."PROBLEM_CHOICE" ("PROB_ID", "CHOICE_NUM", "TEXT", "UK_ID", "CHOICE_SCORE" ) values (32, 4, '여섯 달 치의 월급 정도', null, 4);
insert into "ETEST"."PROBLEM_CHOICE" ("PROB_ID", "CHOICE_NUM", "TEXT", "UK_ID", "CHOICE_SCORE" ) values (33, 1, '100만원의 확실한 이득', null, 1);
insert into "ETEST"."PROBLEM_CHOICE" ("PROB_ID", "CHOICE_NUM", "TEXT", "UK_ID", "CHOICE_SCORE" ) values (33, 2, '50%의 확률로 500만원 획득', null, 2);
insert into "ETEST"."PROBLEM_CHOICE" ("PROB_ID", "CHOICE_NUM", "TEXT", "UK_ID", "CHOICE_SCORE" ) values (33, 3, '25%의 확률로 1000만원 획득', null, 3);
insert into "ETEST"."PROBLEM_CHOICE" ("PROB_ID", "CHOICE_NUM", "TEXT", "UK_ID", "CHOICE_SCORE" ) values (33, 4, '5%의 확률로 1억 획득', null, 4);
insert into "ETEST"."PROBLEM_CHOICE" ("PROB_ID", "CHOICE_NUM", "TEXT", "UK_ID", "CHOICE_SCORE" ) values (34, 1, '전혀 편안하지 않다.', null, 1);
insert into "ETEST"."PROBLEM_CHOICE" ("PROB_ID", "CHOICE_NUM", "TEXT", "UK_ID", "CHOICE_SCORE" ) values (34, 2, '보통이다.', null, 2);
insert into "ETEST"."PROBLEM_CHOICE" ("PROB_ID", "CHOICE_NUM", "TEXT", "UK_ID", "CHOICE_SCORE" ) values (34, 3, '편안하다.', null, 3);
insert into "ETEST"."PROBLEM_CHOICE" ("PROB_ID", "CHOICE_NUM", "TEXT", "UK_ID", "CHOICE_SCORE" ) values (34, 4, '아주 편안하다.', null, 4);
insert into "ETEST"."PROBLEM_CHOICE" ("PROB_ID", "CHOICE_NUM", "TEXT", "UK_ID", "CHOICE_SCORE" ) values (35, 1, '여행을 취소한다.', null, 1);
insert into "ETEST"."PROBLEM_CHOICE" ("PROB_ID", "CHOICE_NUM", "TEXT", "UK_ID", "CHOICE_SCORE" ) values (35, 2, '계획보다 훨씬 값싼 여행을 간다.', null, 2);
insert into "ETEST"."PROBLEM_CHOICE" ("PROB_ID", "CHOICE_NUM", "TEXT", "UK_ID", "CHOICE_SCORE" ) values (35, 3, '새로운 직장을 얻기 위해 준비하는 시간이 필요하므로 계획대로 여행을 간다.', null, 3);
insert into "ETEST"."PROBLEM_CHOICE" ("PROB_ID", "CHOICE_NUM", "TEXT", "UK_ID", "CHOICE_SCORE" ) values (35, 4, '어쩌면 마지막 기회일지도 모르기 때문에 여행을 계획보다 늘린다.', null, 4);
insert into "ETEST"."PROBLEM_CHOICE" ("PROB_ID", "CHOICE_NUM", "TEXT", "UK_ID", "CHOICE_SCORE" ) values (36, 1, '확실히 50만원을 얻을 수 있는 기회', null, 1);
insert into "ETEST"."PROBLEM_CHOICE" ("PROB_ID", "CHOICE_NUM", "TEXT", "UK_ID", "CHOICE_SCORE" ) values (36, 2, '50%의 확률로 100만원을 얻거나 50%의 확률로 아무것도 못 얻는 기회', null, 2);
insert into "ETEST"."PROBLEM_CHOICE" ("PROB_ID", "CHOICE_NUM", "TEXT", "UK_ID", "CHOICE_SCORE" ) values (36, 3, '25%의 확률로 300만원을 얻거나 75%의 확률로 아무것도 못 얻는 기회', null, 3);
insert into "ETEST"."PROBLEM_CHOICE" ("PROB_ID", "CHOICE_NUM", "TEXT", "UK_ID", "CHOICE_SCORE" ) values (36, 4, '5%의 확률로 1000만원을 얻거나 95%의 확률로 아무것도 못 얻는 기회', null, 4);
insert into "ETEST"."PROBLEM_CHOICE" ("PROB_ID", "CHOICE_NUM", "TEXT", "UK_ID", "CHOICE_SCORE" ) values (37, 1, '최고 20만원 이익/최악 0원 손실', null, 1);
insert into "ETEST"."PROBLEM_CHOICE" ("PROB_ID", "CHOICE_NUM", "TEXT", "UK_ID", "CHOICE_SCORE" ) values (37, 2, '최고 80만원 이익/최악 20만원 손실', null, 2);
insert into "ETEST"."PROBLEM_CHOICE" ("PROB_ID", "CHOICE_NUM", "TEXT", "UK_ID", "CHOICE_SCORE" ) values (37, 3, '최고 260만원 이익/최악 80만원 손실', null, 3);
insert into "ETEST"."PROBLEM_CHOICE" ("PROB_ID", "CHOICE_NUM", "TEXT", "UK_ID", "CHOICE_SCORE" ) values (37, 4, '최고 480만원 이익/최악 240만원 손실', null, 4);
insert into "ETEST"."PROBLEM_CHOICE" ("PROB_ID", "CHOICE_NUM", "TEXT", "UK_ID", "CHOICE_SCORE" ) values (38, 1, '국채를 그대로 가지고 있는다.', null, 1);
insert into "ETEST"."PROBLEM_CHOICE" ("PROB_ID", "CHOICE_NUM", "TEXT", "UK_ID", "CHOICE_SCORE" ) values (38, 2, '국채를 모두 팔아서 절반은 은행에 넣고 절반 금에 투자한다.', null, 2);
insert into "ETEST"."PROBLEM_CHOICE" ("PROB_ID", "CHOICE_NUM", "TEXT", "UK_ID", "CHOICE_SCORE" ) values (38, 3, '국채를 모두 팔아서 모두 금에 투자한다.', null, 3);
insert into "ETEST"."PROBLEM_CHOICE" ("PROB_ID", "CHOICE_NUM", "TEXT", "UK_ID", "CHOICE_SCORE" ) values (38, 4, '국채를 모두 팔아서 모두 금에 투자할 뿐 아니라 돈을 더 빌려서 추가로 투자한다.', null, 4);
insert into "ETEST"."PROBLEM_CHOICE" ("PROB_ID", "CHOICE_NUM", "TEXT", "UK_ID", "CHOICE_SCORE" ) values (39, 1, '400만원의 확실한 손실', null, 1);
insert into "ETEST"."PROBLEM_CHOICE" ("PROB_ID", "CHOICE_NUM", "TEXT", "UK_ID", "CHOICE_SCORE" ) values (39, 2, '50%의 확률로 300만원 손실을 보거나 50%의 확률로 아무런 손실도 보지 않는 것', null, 2);
insert into "ETEST"."PROBLEM_CHOICE" ("PROB_ID", "CHOICE_NUM", "TEXT", "UK_ID", "CHOICE_SCORE" ) values (39, 3, '25%의 확률로 200만원 손실을 보거나 75%의 확률로 아무런 손실도 보지 않는 것', null, 3);
insert into "ETEST"."PROBLEM_CHOICE" ("PROB_ID", "CHOICE_NUM", "TEXT", "UK_ID", "CHOICE_SCORE" ) values (39, 4, '5%의 확률로 50만원 손실을 보거나 95%의 확률로 아무런 손실도 보지 않는 것', null, 4);
insert into "ETEST"."PROBLEM_CHOICE" ("PROB_ID", "CHOICE_NUM", "TEXT", "UK_ID", "CHOICE_SCORE" ) values (40, 1, '2.8%', null, 4);
insert into "ETEST"."PROBLEM_CHOICE" ("PROB_ID", "CHOICE_NUM", "TEXT", "UK_ID", "CHOICE_SCORE" ) values (40, 2, '3.6%', null, 9);
insert into "ETEST"."PROBLEM_CHOICE" ("PROB_ID", "CHOICE_NUM", "TEXT", "UK_ID", "CHOICE_SCORE" ) values (41, 1, '90점 이상', null, 4);
insert into "ETEST"."PROBLEM_CHOICE" ("PROB_ID", "CHOICE_NUM", "TEXT", "UK_ID", "CHOICE_SCORE" ) values (41, 2, '60점 이상', null, 9);
insert into "ETEST"."PROBLEM_CHOICE" ("PROB_ID", "CHOICE_NUM", "TEXT", "UK_ID", "CHOICE_SCORE" ) values (42, 1, '기존 주식의 포트폴리오는 꾸준한 성장을 보였기 때문에 보유해야 합니다.', null, 4);
insert into "ETEST"."PROBLEM_CHOICE" ("PROB_ID", "CHOICE_NUM", "TEXT", "UK_ID", "CHOICE_SCORE" ) values (42, 2, '전문가의 조언을 받아들여 기존 주식보다 새로운 주식을 고려합니다.', null, 9);
insert into "ETEST"."PROBLEM_CHOICE" ("PROB_ID", "CHOICE_NUM", "TEXT", "UK_ID", "CHOICE_SCORE" ) values (43, 1, '성과에 만족하고 자신감을 얻습니다.', null, 4);
insert into "ETEST"."PROBLEM_CHOICE" ("PROB_ID", "CHOICE_NUM", "TEXT", "UK_ID", "CHOICE_SCORE" ) values (43, 2, '만족하지 않고 폭락한 주식에 대한 투자 과정을 살펴봅니다.', null, 9);
insert into "ETEST"."PROBLEM_CHOICE" ("PROB_ID", "CHOICE_NUM", "TEXT", "UK_ID", "CHOICE_SCORE" ) values (44, 1, '정보를 업데이트하여 향후 주식시장의 변동으로부터 포트폴리오를 방어하기 위해 주식을 재조정합니다.', null, 4);
insert into "ETEST"."PROBLEM_CHOICE" ("PROB_ID", "CHOICE_NUM", "TEXT", "UK_ID", "CHOICE_SCORE" ) values (44, 2, '장기 목표는 변하지 않았으므로 현재 포트폴리오를 유지합니다.', null, 9);
insert into "ETEST"."PROBLEM_CHOICE" ("PROB_ID", "CHOICE_NUM", "TEXT", "UK_ID", "CHOICE_SCORE" ) values (45, 1, '10% 이하', null, 4);
insert into "ETEST"."PROBLEM_CHOICE" ("PROB_ID", "CHOICE_NUM", "TEXT", "UK_ID", "CHOICE_SCORE" ) values (45, 2, '10% 이상', null, 9);
insert into "ETEST"."PROBLEM_CHOICE" ("PROB_ID", "CHOICE_NUM", "TEXT", "UK_ID", "CHOICE_SCORE" ) values (46, 1, '90점 이상', null, 4);
insert into "ETEST"."PROBLEM_CHOICE" ("PROB_ID", "CHOICE_NUM", "TEXT", "UK_ID", "CHOICE_SCORE" ) values (46, 2, '60점 이상', null, 9);
insert into "ETEST"."PROBLEM_CHOICE" ("PROB_ID", "CHOICE_NUM", "TEXT", "UK_ID", "CHOICE_SCORE" ) values (47, 1, '예, 손실 난 주식을 정리합니다.', null, 4);
insert into "ETEST"."PROBLEM_CHOICE" ("PROB_ID", "CHOICE_NUM", "TEXT", "UK_ID", "CHOICE_SCORE" ) values (47, 2, '아니오, 전체적으로 포트폴리오는 수익이기 때문에 보유합니다.', null, 9);
insert into "ETEST"."PROBLEM_CHOICE" ("PROB_ID", "CHOICE_NUM", "TEXT", "UK_ID", "CHOICE_SCORE" ) values (48, 1, '예, 신뢰하는 언론사이므로 믿을 수 있는 정보이기 때문입니다.', null, 4);
insert into "ETEST"."PROBLEM_CHOICE" ("PROB_ID", "CHOICE_NUM", "TEXT", "UK_ID", "CHOICE_SCORE" ) values (48, 2, '아니오, 주가는 여러가지 요인으로 결정되기 때문입니다.', null, 9);
insert into "ETEST"."PROBLEM_CHOICE" ("PROB_ID", "CHOICE_NUM", "TEXT", "UK_ID", "CHOICE_SCORE" ) values (49, 1, '예, 다수의 매체에서 한 종목을 추천하고 있어서 매수하였습니다.', null, 4);
insert into "ETEST"."PROBLEM_CHOICE" ("PROB_ID", "CHOICE_NUM", "TEXT", "UK_ID", "CHOICE_SCORE" ) values (49, 2, '아니오, 계획한 것과 거리가 멀어 추천한 종목을 매수하지 않았습니다.', null, 9);
insert into "ETEST"."PROBLEM_CHOICE" ("PROB_ID", "CHOICE_NUM", "TEXT", "UK_ID", "CHOICE_SCORE" ) values (50, 1, '전년보다 올랐을 것이다.', null, 4);
insert into "ETEST"."PROBLEM_CHOICE" ("PROB_ID", "CHOICE_NUM", "TEXT", "UK_ID", "CHOICE_SCORE" ) values (50, 2, '전년보다 떨어졌을 것이다.', null, 9);
insert into "ETEST"."PROBLEM_CHOICE" ("PROB_ID", "CHOICE_NUM", "TEXT", "UK_ID", "CHOICE_SCORE" ) values (51, 1, '90점 이상', null, 4);
insert into "ETEST"."PROBLEM_CHOICE" ("PROB_ID", "CHOICE_NUM", "TEXT", "UK_ID", "CHOICE_SCORE" ) values (51, 2, '60점 이상', null, 9);
insert into "ETEST"."PROBLEM_CHOICE" ("PROB_ID", "CHOICE_NUM", "TEXT", "UK_ID", "CHOICE_SCORE" ) values (52, 1, '주가가 장기간 하락하면 상승하는 경우가 많으므로 다음 달의 주가는 오를 것이다.', null, 4);
insert into "ETEST"."PROBLEM_CHOICE" ("PROB_ID", "CHOICE_NUM", "TEXT", "UK_ID", "CHOICE_SCORE" ) values (52, 2, '시장경기가 좋지 않으므로 주가가 하락할 것이다.', null, 9);
insert into "ETEST"."PROBLEM_CHOICE" ("PROB_ID", "CHOICE_NUM", "TEXT", "UK_ID", "CHOICE_SCORE" ) values (53, 1, '아직 더 오를것이라 판단하고 더 투자합니다.', null, 4);
insert into "ETEST"."PROBLEM_CHOICE" ("PROB_ID", "CHOICE_NUM", "TEXT", "UK_ID", "CHOICE_SCORE" ) values (53, 2, '다른 산업분야를 분석을 합니다.', null, 9);
insert into "ETEST"."PROBLEM_CHOICE" ("PROB_ID", "CHOICE_NUM", "TEXT", "UK_ID", "CHOICE_SCORE" ) values (54, 1, '선호한다.', null, 4);
insert into "ETEST"."PROBLEM_CHOICE" ("PROB_ID", "CHOICE_NUM", "TEXT", "UK_ID", "CHOICE_SCORE" ) values (54, 2, '선호하지 않는다.', null, 9);
insert into "ETEST"."PROBLEM_CHOICE" ("PROB_ID", "CHOICE_NUM", "TEXT", "UK_ID", "CHOICE_SCORE" ) values (55, 1, 'PER', null, null);
insert into "ETEST"."PROBLEM_CHOICE" ("PROB_ID", "CHOICE_NUM", "TEXT", "UK_ID", "CHOICE_SCORE" ) values (55, 2, 'PBR', null, null);
insert into "ETEST"."PROBLEM_CHOICE" ("PROB_ID", "CHOICE_NUM", "TEXT", "UK_ID", "CHOICE_SCORE" ) values (55, 3, '배당률', null, null);
insert into "ETEST"."PROBLEM_CHOICE" ("PROB_ID", "CHOICE_NUM", "TEXT", "UK_ID", "CHOICE_SCORE" ) values (55, 4, '이익증가율', null, null);
insert into "ETEST"."PROBLEM_CHOICE" ("PROB_ID", "CHOICE_NUM", "TEXT", "UK_ID", "CHOICE_SCORE" ) values (56, 1, '3개년 당기순이익', null, null);
insert into "ETEST"."PROBLEM_CHOICE" ("PROB_ID", "CHOICE_NUM", "TEXT", "UK_ID", "CHOICE_SCORE" ) values (56, 2, '3개년 부채비율', null, null);
insert into "ETEST"."PROBLEM_CHOICE" ("PROB_ID", "CHOICE_NUM", "TEXT", "UK_ID", "CHOICE_SCORE" ) values (56, 3, '3개년 유동비율', null, null);
insert into "ETEST"."PROBLEM_CHOICE" ("PROB_ID", "CHOICE_NUM", "TEXT", "UK_ID", "CHOICE_SCORE" ) values (56, 4, '3개년 배당비율', null, null);
insert into "ETEST"."PROBLEM_CHOICE" ("PROB_ID", "CHOICE_NUM", "TEXT", "UK_ID", "CHOICE_SCORE" ) values (57, 1, '어닝 서프라이즈', null, null);
insert into "ETEST"."PROBLEM_CHOICE" ("PROB_ID", "CHOICE_NUM", "TEXT", "UK_ID", "CHOICE_SCORE" ) values (57, 2, '어닝 쇼크', null, null);
insert into "ETEST"."PROBLEM_CHOICE" ("PROB_ID", "CHOICE_NUM", "TEXT", "UK_ID", "CHOICE_SCORE" ) values (57, 3, '어닝 디폴트', null, null);
insert into "ETEST"."PROBLEM_CHOICE" ("PROB_ID", "CHOICE_NUM", "TEXT", "UK_ID", "CHOICE_SCORE" ) values (57, 4, '어닝 패일', null, null);
insert into "ETEST"."PROBLEM_CHOICE" ("PROB_ID", "CHOICE_NUM", "TEXT", "UK_ID", "CHOICE_SCORE" ) values (58, 1, '일반적으로 A는 고평가 되었다.', null, null);
insert into "ETEST"."PROBLEM_CHOICE" ("PROB_ID", "CHOICE_NUM", "TEXT", "UK_ID", "CHOICE_SCORE" ) values (58, 2, '일반적으로 B는 저평가 되었다.', null, null);
insert into "ETEST"."PROBLEM_CHOICE" ("PROB_ID", "CHOICE_NUM", "TEXT", "UK_ID", "CHOICE_SCORE" ) values (58, 3, '일반적으로 저PER주보다 고PER주를 매수하는것이 유리하다.', null, null);
insert into "ETEST"."PROBLEM_CHOICE" ("PROB_ID", "CHOICE_NUM", "TEXT", "UK_ID", "CHOICE_SCORE" ) values (58, 4, 'A 주식을 일반적으로 우량주라 의미한다.', null, null);
insert into "ETEST"."PROBLEM_CHOICE" ("PROB_ID", "CHOICE_NUM", "TEXT", "UK_ID", "CHOICE_SCORE" ) values (59, 1, '맞다', null, null);
insert into "ETEST"."PROBLEM_CHOICE" ("PROB_ID", "CHOICE_NUM", "TEXT", "UK_ID", "CHOICE_SCORE" ) values (59, 2, '틀리다', null, null);
insert into "ETEST"."PROBLEM_CHOICE" ("PROB_ID", "CHOICE_NUM", "TEXT", "UK_ID", "CHOICE_SCORE" ) values (59, 3, '맞다', null, null);
insert into "ETEST"."PROBLEM_CHOICE" ("PROB_ID", "CHOICE_NUM", "TEXT", "UK_ID", "CHOICE_SCORE" ) values (59, 4, '틀리다', null, null);
insert into "ETEST"."PROBLEM_CHOICE" ("PROB_ID", "CHOICE_NUM", "TEXT", "UK_ID", "CHOICE_SCORE" ) values (60, 1, '수익성', null, null);
insert into "ETEST"."PROBLEM_CHOICE" ("PROB_ID", "CHOICE_NUM", "TEXT", "UK_ID", "CHOICE_SCORE" ) values (60, 2, '안정성', null, null);
insert into "ETEST"."PROBLEM_CHOICE" ("PROB_ID", "CHOICE_NUM", "TEXT", "UK_ID", "CHOICE_SCORE" ) values (60, 3, '성장성', null, null);
insert into "ETEST"."PROBLEM_CHOICE" ("PROB_ID", "CHOICE_NUM", "TEXT", "UK_ID", "CHOICE_SCORE" ) values (60, 4, '역사', null, null);
insert into "ETEST"."PROBLEM_CHOICE" ("PROB_ID", "CHOICE_NUM", "TEXT", "UK_ID", "CHOICE_SCORE" ) values (61, 1, 'PER', null, null);
insert into "ETEST"."PROBLEM_CHOICE" ("PROB_ID", "CHOICE_NUM", "TEXT", "UK_ID", "CHOICE_SCORE" ) values (61, 2, 'PBR', null, null);
insert into "ETEST"."PROBLEM_CHOICE" ("PROB_ID", "CHOICE_NUM", "TEXT", "UK_ID", "CHOICE_SCORE" ) values (61, 3, '배당률', null, null);
insert into "ETEST"."PROBLEM_CHOICE" ("PROB_ID", "CHOICE_NUM", "TEXT", "UK_ID", "CHOICE_SCORE" ) values (61, 4, '이익증가율', null, null);
insert into "ETEST"."PROBLEM_CHOICE" ("PROB_ID", "CHOICE_NUM", "TEXT", "UK_ID", "CHOICE_SCORE" ) values (62, 1, '3개년 당기순이익', null, null);
insert into "ETEST"."PROBLEM_CHOICE" ("PROB_ID", "CHOICE_NUM", "TEXT", "UK_ID", "CHOICE_SCORE" ) values (62, 2, '3개년 부채비율', null, null);
insert into "ETEST"."PROBLEM_CHOICE" ("PROB_ID", "CHOICE_NUM", "TEXT", "UK_ID", "CHOICE_SCORE" ) values (62, 3, '3개년 유동비율', null, null);
insert into "ETEST"."PROBLEM_CHOICE" ("PROB_ID", "CHOICE_NUM", "TEXT", "UK_ID", "CHOICE_SCORE" ) values (62, 4, '3개년 배당비율', null, null);
insert into "ETEST"."PROBLEM_CHOICE" ("PROB_ID", "CHOICE_NUM", "TEXT", "UK_ID", "CHOICE_SCORE" ) values (63, 1, '어닝 서프라이즈', null, null);
insert into "ETEST"."PROBLEM_CHOICE" ("PROB_ID", "CHOICE_NUM", "TEXT", "UK_ID", "CHOICE_SCORE" ) values (63, 2, '어닝 쇼크', null, null);
insert into "ETEST"."PROBLEM_CHOICE" ("PROB_ID", "CHOICE_NUM", "TEXT", "UK_ID", "CHOICE_SCORE" ) values (63, 3, '어닝 디폴트', null, null);
insert into "ETEST"."PROBLEM_CHOICE" ("PROB_ID", "CHOICE_NUM", "TEXT", "UK_ID", "CHOICE_SCORE" ) values (63, 4, '어닝 패일', null, null);
insert into "ETEST"."PROBLEM_CHOICE" ("PROB_ID", "CHOICE_NUM", "TEXT", "UK_ID", "CHOICE_SCORE" ) values (64, 1, '일반적으로 A는 고평가 되었다.', null, null);
insert into "ETEST"."PROBLEM_CHOICE" ("PROB_ID", "CHOICE_NUM", "TEXT", "UK_ID", "CHOICE_SCORE" ) values (64, 2, '일반적으로 B는 저평가 되었다.', null, null);
insert into "ETEST"."PROBLEM_CHOICE" ("PROB_ID", "CHOICE_NUM", "TEXT", "UK_ID", "CHOICE_SCORE" ) values (64, 3, '일반적으로 저PER주보다 고PER주를 매수하는것이 유리하다.', null, null);
insert into "ETEST"."PROBLEM_CHOICE" ("PROB_ID", "CHOICE_NUM", "TEXT", "UK_ID", "CHOICE_SCORE" ) values (64, 4, 'A 주식을 일반적으로 우량주라 의미한다.', null, null);
insert into "ETEST"."PROBLEM_CHOICE" ("PROB_ID", "CHOICE_NUM", "TEXT", "UK_ID", "CHOICE_SCORE" ) values (65, 1, '맞다', null, null);
insert into "ETEST"."PROBLEM_CHOICE" ("PROB_ID", "CHOICE_NUM", "TEXT", "UK_ID", "CHOICE_SCORE" ) values (65, 2, '틀리다', null, null);
insert into "ETEST"."PROBLEM_CHOICE" ("PROB_ID", "CHOICE_NUM", "TEXT", "UK_ID", "CHOICE_SCORE" ) values (65, 3, '맞다', null, null);
insert into "ETEST"."PROBLEM_CHOICE" ("PROB_ID", "CHOICE_NUM", "TEXT", "UK_ID", "CHOICE_SCORE" ) values (65, 4, '틀리다', null, null);
insert into "ETEST"."PROBLEM_CHOICE" ("PROB_ID", "CHOICE_NUM", "TEXT", "UK_ID", "CHOICE_SCORE" ) values (66, 1, '수익성', null, null);
insert into "ETEST"."PROBLEM_CHOICE" ("PROB_ID", "CHOICE_NUM", "TEXT", "UK_ID", "CHOICE_SCORE" ) values (66, 2, '안정성', null, null);
insert into "ETEST"."PROBLEM_CHOICE" ("PROB_ID", "CHOICE_NUM", "TEXT", "UK_ID", "CHOICE_SCORE" ) values (66, 3, '성장성', null, null);
insert into "ETEST"."PROBLEM_CHOICE" ("PROB_ID", "CHOICE_NUM", "TEXT", "UK_ID", "CHOICE_SCORE" ) values (66, 4, '역사', null, null);
insert into "ETEST"."PROBLEM_CHOICE" ("PROB_ID", "CHOICE_NUM", "TEXT", "UK_ID", "CHOICE_SCORE" ) values (67, 1, 'PER', null, null);
insert into "ETEST"."PROBLEM_CHOICE" ("PROB_ID", "CHOICE_NUM", "TEXT", "UK_ID", "CHOICE_SCORE" ) values (67, 2, 'PBR', null, null);
insert into "ETEST"."PROBLEM_CHOICE" ("PROB_ID", "CHOICE_NUM", "TEXT", "UK_ID", "CHOICE_SCORE" ) values (67, 3, '배당률', null, null);
insert into "ETEST"."PROBLEM_CHOICE" ("PROB_ID", "CHOICE_NUM", "TEXT", "UK_ID", "CHOICE_SCORE" ) values (67, 4, '이익증가율', null, null);
insert into "ETEST"."PROBLEM_CHOICE" ("PROB_ID", "CHOICE_NUM", "TEXT", "UK_ID", "CHOICE_SCORE" ) values (68, 1, '3개년 당기순이익', null, null);
insert into "ETEST"."PROBLEM_CHOICE" ("PROB_ID", "CHOICE_NUM", "TEXT", "UK_ID", "CHOICE_SCORE" ) values (68, 2, '3개년 부채비율', null, null);
insert into "ETEST"."PROBLEM_CHOICE" ("PROB_ID", "CHOICE_NUM", "TEXT", "UK_ID", "CHOICE_SCORE" ) values (68, 3, '3개년 유동비율', null, null);
insert into "ETEST"."PROBLEM_CHOICE" ("PROB_ID", "CHOICE_NUM", "TEXT", "UK_ID", "CHOICE_SCORE" ) values (68, 4, '3개년 배당비율', null, null);
insert into "ETEST"."PROBLEM_CHOICE" ("PROB_ID", "CHOICE_NUM", "TEXT", "UK_ID", "CHOICE_SCORE" ) values (69, 1, '어닝 서프라이즈', null, null);
insert into "ETEST"."PROBLEM_CHOICE" ("PROB_ID", "CHOICE_NUM", "TEXT", "UK_ID", "CHOICE_SCORE" ) values (69, 2, '어닝 쇼크', null, null);
insert into "ETEST"."PROBLEM_CHOICE" ("PROB_ID", "CHOICE_NUM", "TEXT", "UK_ID", "CHOICE_SCORE" ) values (69, 3, '어닝 디폴트', null, null);
insert into "ETEST"."PROBLEM_CHOICE" ("PROB_ID", "CHOICE_NUM", "TEXT", "UK_ID", "CHOICE_SCORE" ) values (69, 4, '어닝 패일', null, null);
insert into "ETEST"."PROBLEM_CHOICE" ("PROB_ID", "CHOICE_NUM", "TEXT", "UK_ID", "CHOICE_SCORE" ) values (70, 1, '일반적으로 A는 고평가 되었다.', null, null);
insert into "ETEST"."PROBLEM_CHOICE" ("PROB_ID", "CHOICE_NUM", "TEXT", "UK_ID", "CHOICE_SCORE" ) values (70, 2, '일반적으로 B는 저평가 되었다.', null, null);
insert into "ETEST"."PROBLEM_CHOICE" ("PROB_ID", "CHOICE_NUM", "TEXT", "UK_ID", "CHOICE_SCORE" ) values (70, 3, '일반적으로 저PER주보다 고PER주를 매수하는것이 유리하다.', null, null);
insert into "ETEST"."PROBLEM_CHOICE" ("PROB_ID", "CHOICE_NUM", "TEXT", "UK_ID", "CHOICE_SCORE" ) values (70, 4, 'A 주식을 일반적으로 우량주라 의미한다.', null, null);
insert into "ETEST"."PROBLEM_CHOICE" ("PROB_ID", "CHOICE_NUM", "TEXT", "UK_ID", "CHOICE_SCORE" ) values (71, 1, '맞다', null, null);
insert into "ETEST"."PROBLEM_CHOICE" ("PROB_ID", "CHOICE_NUM", "TEXT", "UK_ID", "CHOICE_SCORE" ) values (71, 2, '틀리다', null, null);
insert into "ETEST"."PROBLEM_CHOICE" ("PROB_ID", "CHOICE_NUM", "TEXT", "UK_ID", "CHOICE_SCORE" ) values (71, 3, '맞다', null, null);
insert into "ETEST"."PROBLEM_CHOICE" ("PROB_ID", "CHOICE_NUM", "TEXT", "UK_ID", "CHOICE_SCORE" ) values (71, 4, '틀리다', null, null);
insert into "ETEST"."PROBLEM_CHOICE" ("PROB_ID", "CHOICE_NUM", "TEXT", "UK_ID", "CHOICE_SCORE" ) values (72, 1, '수익성', null, null);
insert into "ETEST"."PROBLEM_CHOICE" ("PROB_ID", "CHOICE_NUM", "TEXT", "UK_ID", "CHOICE_SCORE" ) values (72, 2, '안정성', null, null);
insert into "ETEST"."PROBLEM_CHOICE" ("PROB_ID", "CHOICE_NUM", "TEXT", "UK_ID", "CHOICE_SCORE" ) values (72, 3, '성장성', null, null);
insert into "ETEST"."PROBLEM_CHOICE" ("PROB_ID", "CHOICE_NUM", "TEXT", "UK_ID", "CHOICE_SCORE" ) values (72, 4, '역사', null, null);
insert into "ETEST"."PROBLEM_CHOICE" ("PROB_ID", "CHOICE_NUM", "TEXT", "UK_ID", "CHOICE_SCORE" ) values (73, 1, 'PER', null, null);
insert into "ETEST"."PROBLEM_CHOICE" ("PROB_ID", "CHOICE_NUM", "TEXT", "UK_ID", "CHOICE_SCORE" ) values (73, 2, 'PBR', null, null);
insert into "ETEST"."PROBLEM_CHOICE" ("PROB_ID", "CHOICE_NUM", "TEXT", "UK_ID", "CHOICE_SCORE" ) values (73, 3, '배당률', null, null);
insert into "ETEST"."PROBLEM_CHOICE" ("PROB_ID", "CHOICE_NUM", "TEXT", "UK_ID", "CHOICE_SCORE" ) values (73, 4, '이익증가율', null, null);
insert into "ETEST"."PROBLEM_CHOICE" ("PROB_ID", "CHOICE_NUM", "TEXT", "UK_ID", "CHOICE_SCORE" ) values (74, 1, '3개년 당기순이익', null, null);
insert into "ETEST"."PROBLEM_CHOICE" ("PROB_ID", "CHOICE_NUM", "TEXT", "UK_ID", "CHOICE_SCORE" ) values (74, 2, '3개년 부채비율', null, null);
insert into "ETEST"."PROBLEM_CHOICE" ("PROB_ID", "CHOICE_NUM", "TEXT", "UK_ID", "CHOICE_SCORE" ) values (74, 3, '3개년 유동비율', null, null);
insert into "ETEST"."PROBLEM_CHOICE" ("PROB_ID", "CHOICE_NUM", "TEXT", "UK_ID", "CHOICE_SCORE" ) values (74, 4, '3개년 배당비율', null, null);
insert into "ETEST"."PROBLEM_CHOICE" ("PROB_ID", "CHOICE_NUM", "TEXT", "UK_ID", "CHOICE_SCORE" ) values (75, 1, '어닝 서프라이즈', null, null);
insert into "ETEST"."PROBLEM_CHOICE" ("PROB_ID", "CHOICE_NUM", "TEXT", "UK_ID", "CHOICE_SCORE" ) values (75, 2, '어닝 쇼크', null, null);
insert into "ETEST"."PROBLEM_CHOICE" ("PROB_ID", "CHOICE_NUM", "TEXT", "UK_ID", "CHOICE_SCORE" ) values (75, 3, '어닝 디폴트', null, null);
insert into "ETEST"."PROBLEM_CHOICE" ("PROB_ID", "CHOICE_NUM", "TEXT", "UK_ID", "CHOICE_SCORE" ) values (75, 4, '어닝 패일', null, null);
insert into "ETEST"."PROBLEM_CHOICE" ("PROB_ID", "CHOICE_NUM", "TEXT", "UK_ID", "CHOICE_SCORE" ) values (76, 1, '일반적으로 A는 고평가 되었다.', null, null);
insert into "ETEST"."PROBLEM_CHOICE" ("PROB_ID", "CHOICE_NUM", "TEXT", "UK_ID", "CHOICE_SCORE" ) values (76, 2, '일반적으로 B는 저평가 되었다.', null, null);
insert into "ETEST"."PROBLEM_CHOICE" ("PROB_ID", "CHOICE_NUM", "TEXT", "UK_ID", "CHOICE_SCORE" ) values (76, 3, '일반적으로 저PER주보다 고PER주를 매수하는것이 유리하다.', null, null);
insert into "ETEST"."PROBLEM_CHOICE" ("PROB_ID", "CHOICE_NUM", "TEXT", "UK_ID", "CHOICE_SCORE" ) values (76, 4, 'A 주식을 일반적으로 우량주라 의미한다.', null, null);
insert into "ETEST"."PROBLEM_CHOICE" ("PROB_ID", "CHOICE_NUM", "TEXT", "UK_ID", "CHOICE_SCORE" ) values (77, 1, '맞다', null, null);
insert into "ETEST"."PROBLEM_CHOICE" ("PROB_ID", "CHOICE_NUM", "TEXT", "UK_ID", "CHOICE_SCORE" ) values (77, 2, '틀리다', null, null);
insert into "ETEST"."PROBLEM_CHOICE" ("PROB_ID", "CHOICE_NUM", "TEXT", "UK_ID", "CHOICE_SCORE" ) values (77, 3, '맞다', null, null);
insert into "ETEST"."PROBLEM_CHOICE" ("PROB_ID", "CHOICE_NUM", "TEXT", "UK_ID", "CHOICE_SCORE" ) values (77, 4, '틀리다', null, null);
insert into "ETEST"."PROBLEM_CHOICE" ("PROB_ID", "CHOICE_NUM", "TEXT", "UK_ID", "CHOICE_SCORE" ) values (78, 1, '수익성', null, null);
insert into "ETEST"."PROBLEM_CHOICE" ("PROB_ID", "CHOICE_NUM", "TEXT", "UK_ID", "CHOICE_SCORE" ) values (78, 2, '안정성', null, null);
insert into "ETEST"."PROBLEM_CHOICE" ("PROB_ID", "CHOICE_NUM", "TEXT", "UK_ID", "CHOICE_SCORE" ) values (78, 3, '성장성', null, null);
insert into "ETEST"."PROBLEM_CHOICE" ("PROB_ID", "CHOICE_NUM", "TEXT", "UK_ID", "CHOICE_SCORE" ) values (78, 4, '역사', null, null);
insert into "ETEST"."PROBLEM_CHOICE" ("PROB_ID", "CHOICE_NUM", "TEXT", "UK_ID", "CHOICE_SCORE" ) values (79, 1, 'PER', null, null);
insert into "ETEST"."PROBLEM_CHOICE" ("PROB_ID", "CHOICE_NUM", "TEXT", "UK_ID", "CHOICE_SCORE" ) values (79, 2, 'PBR', null, null);
insert into "ETEST"."PROBLEM_CHOICE" ("PROB_ID", "CHOICE_NUM", "TEXT", "UK_ID", "CHOICE_SCORE" ) values (79, 3, '배당률', null, null);
insert into "ETEST"."PROBLEM_CHOICE" ("PROB_ID", "CHOICE_NUM", "TEXT", "UK_ID", "CHOICE_SCORE" ) values (79, 4, '이익증가율', null, null);
insert into "ETEST"."PROBLEM_CHOICE" ("PROB_ID", "CHOICE_NUM", "TEXT", "UK_ID", "CHOICE_SCORE" ) values (80, 1, '3개년 당기순이익', null, null);
insert into "ETEST"."PROBLEM_CHOICE" ("PROB_ID", "CHOICE_NUM", "TEXT", "UK_ID", "CHOICE_SCORE" ) values (80, 2, '3개년 부채비율', null, null);
insert into "ETEST"."PROBLEM_CHOICE" ("PROB_ID", "CHOICE_NUM", "TEXT", "UK_ID", "CHOICE_SCORE" ) values (80, 3, '3개년 유동비율', null, null);
insert into "ETEST"."PROBLEM_CHOICE" ("PROB_ID", "CHOICE_NUM", "TEXT", "UK_ID", "CHOICE_SCORE" ) values (80, 4, '3개년 배당비율', null, null);
insert into "ETEST"."PROBLEM_CHOICE" ("PROB_ID", "CHOICE_NUM", "TEXT", "UK_ID", "CHOICE_SCORE" ) values (81, 1, '어닝 서프라이즈', null, null);
insert into "ETEST"."PROBLEM_CHOICE" ("PROB_ID", "CHOICE_NUM", "TEXT", "UK_ID", "CHOICE_SCORE" ) values (81, 2, '어닝 쇼크', null, null);
insert into "ETEST"."PROBLEM_CHOICE" ("PROB_ID", "CHOICE_NUM", "TEXT", "UK_ID", "CHOICE_SCORE" ) values (81, 3, '어닝 디폴트', null, null);
insert into "ETEST"."PROBLEM_CHOICE" ("PROB_ID", "CHOICE_NUM", "TEXT", "UK_ID", "CHOICE_SCORE" ) values (81, 4, '어닝 패일', null, null);
insert into "ETEST"."PROBLEM_CHOICE" ("PROB_ID", "CHOICE_NUM", "TEXT", "UK_ID", "CHOICE_SCORE" ) values (82, 1, '일반적으로 A는 고평가 되었다.', null, null);
insert into "ETEST"."PROBLEM_CHOICE" ("PROB_ID", "CHOICE_NUM", "TEXT", "UK_ID", "CHOICE_SCORE" ) values (82, 2, '일반적으로 B는 저평가 되었다.', null, null);
insert into "ETEST"."PROBLEM_CHOICE" ("PROB_ID", "CHOICE_NUM", "TEXT", "UK_ID", "CHOICE_SCORE" ) values (82, 3, '일반적으로 저PER주보다 고PER주를 매수하는것이 유리하다.', null, null);
insert into "ETEST"."PROBLEM_CHOICE" ("PROB_ID", "CHOICE_NUM", "TEXT", "UK_ID", "CHOICE_SCORE" ) values (82, 4, 'A 주식을 일반적으로 우량주라 의미한다.', null, null);
insert into "ETEST"."PROBLEM_CHOICE" ("PROB_ID", "CHOICE_NUM", "TEXT", "UK_ID", "CHOICE_SCORE" ) values (83, 1, '맞다', null, null);
insert into "ETEST"."PROBLEM_CHOICE" ("PROB_ID", "CHOICE_NUM", "TEXT", "UK_ID", "CHOICE_SCORE" ) values (83, 2, '틀리다', null, null);
insert into "ETEST"."PROBLEM_CHOICE" ("PROB_ID", "CHOICE_NUM", "TEXT", "UK_ID", "CHOICE_SCORE" ) values (83, 3, '맞다', null, null);
insert into "ETEST"."PROBLEM_CHOICE" ("PROB_ID", "CHOICE_NUM", "TEXT", "UK_ID", "CHOICE_SCORE" ) values (83, 4, '틀리다', null, null);
insert into "ETEST"."PROBLEM_CHOICE" ("PROB_ID", "CHOICE_NUM", "TEXT", "UK_ID", "CHOICE_SCORE" ) values (84, 1, '수익성', null, null);
insert into "ETEST"."PROBLEM_CHOICE" ("PROB_ID", "CHOICE_NUM", "TEXT", "UK_ID", "CHOICE_SCORE" ) values (84, 2, '안정성', null, null);
insert into "ETEST"."PROBLEM_CHOICE" ("PROB_ID", "CHOICE_NUM", "TEXT", "UK_ID", "CHOICE_SCORE" ) values (84, 3, '성장성', null, null);
insert into "ETEST"."PROBLEM_CHOICE" ("PROB_ID", "CHOICE_NUM", "TEXT", "UK_ID", "CHOICE_SCORE" ) values (84, 4, '역사', null, null);
insert into "ETEST"."PROBLEM_CHOICE" ("PROB_ID", "CHOICE_NUM", "TEXT", "UK_ID", "CHOICE_SCORE" ) values (85, 1, 'PER', null, null);
insert into "ETEST"."PROBLEM_CHOICE" ("PROB_ID", "CHOICE_NUM", "TEXT", "UK_ID", "CHOICE_SCORE" ) values (85, 2, 'PBR', null, null);
insert into "ETEST"."PROBLEM_CHOICE" ("PROB_ID", "CHOICE_NUM", "TEXT", "UK_ID", "CHOICE_SCORE" ) values (85, 3, '배당률', null, null);
insert into "ETEST"."PROBLEM_CHOICE" ("PROB_ID", "CHOICE_NUM", "TEXT", "UK_ID", "CHOICE_SCORE" ) values (85, 4, '이익증가율', null, null);
insert into "ETEST"."PROBLEM_CHOICE" ("PROB_ID", "CHOICE_NUM", "TEXT", "UK_ID", "CHOICE_SCORE" ) values (86, 1, '3개년 당기순이익', null, null);
insert into "ETEST"."PROBLEM_CHOICE" ("PROB_ID", "CHOICE_NUM", "TEXT", "UK_ID", "CHOICE_SCORE" ) values (86, 2, '3개년 부채비율', null, null);
insert into "ETEST"."PROBLEM_CHOICE" ("PROB_ID", "CHOICE_NUM", "TEXT", "UK_ID", "CHOICE_SCORE" ) values (86, 3, '3개년 유동비율', null, null);
insert into "ETEST"."PROBLEM_CHOICE" ("PROB_ID", "CHOICE_NUM", "TEXT", "UK_ID", "CHOICE_SCORE" ) values (86, 4, '3개년 배당비율', null, null);
insert into "ETEST"."PROBLEM_CHOICE" ("PROB_ID", "CHOICE_NUM", "TEXT", "UK_ID", "CHOICE_SCORE" ) values (87, 1, '어닝 서프라이즈', null, null);
insert into "ETEST"."PROBLEM_CHOICE" ("PROB_ID", "CHOICE_NUM", "TEXT", "UK_ID", "CHOICE_SCORE" ) values (87, 2, '어닝 쇼크', null, null);
insert into "ETEST"."PROBLEM_CHOICE" ("PROB_ID", "CHOICE_NUM", "TEXT", "UK_ID", "CHOICE_SCORE" ) values (87, 3, '어닝 디폴트', null, null);
insert into "ETEST"."PROBLEM_CHOICE" ("PROB_ID", "CHOICE_NUM", "TEXT", "UK_ID", "CHOICE_SCORE" ) values (87, 4, '어닝 패일', null, null);
insert into "ETEST"."PROBLEM_CHOICE" ("PROB_ID", "CHOICE_NUM", "TEXT", "UK_ID", "CHOICE_SCORE" ) values (1, 1, '20%', null, null);
insert into "ETEST"."PROBLEM_CHOICE" ("PROB_ID", "CHOICE_NUM", "TEXT", "UK_ID", "CHOICE_SCORE" ) values (1, 2, '25%', null, null);
insert into "ETEST"."PROBLEM_CHOICE" ("PROB_ID", "CHOICE_NUM", "TEXT", "UK_ID", "CHOICE_SCORE" ) values (1, 3, '30%', null, null);
insert into "ETEST"."PROBLEM_CHOICE" ("PROB_ID", "CHOICE_NUM", "TEXT", "UK_ID", "CHOICE_SCORE" ) values (1, 4, '35%', null, null);
insert into "ETEST"."PROBLEM_CHOICE" ("PROB_ID", "CHOICE_NUM", "TEXT", "UK_ID", "CHOICE_SCORE" ) values (2, 1, '6년', null, null);
insert into "ETEST"."PROBLEM_CHOICE" ("PROB_ID", "CHOICE_NUM", "TEXT", "UK_ID", "CHOICE_SCORE" ) values (2, 2, '8년', null, null);
insert into "ETEST"."PROBLEM_CHOICE" ("PROB_ID", "CHOICE_NUM", "TEXT", "UK_ID", "CHOICE_SCORE" ) values (2, 3, '10년', null, null);
insert into "ETEST"."PROBLEM_CHOICE" ("PROB_ID", "CHOICE_NUM", "TEXT", "UK_ID", "CHOICE_SCORE" ) values (2, 4, '12년', null, null);
insert into "ETEST"."PROBLEM_CHOICE" ("PROB_ID", "CHOICE_NUM", "TEXT", "UK_ID", "CHOICE_SCORE" ) values (3, 1, '자산배분', null, null);
insert into "ETEST"."PROBLEM_CHOICE" ("PROB_ID", "CHOICE_NUM", "TEXT", "UK_ID", "CHOICE_SCORE" ) values (3, 2, '종목선정', null, null);
insert into "ETEST"."PROBLEM_CHOICE" ("PROB_ID", "CHOICE_NUM", "TEXT", "UK_ID", "CHOICE_SCORE" ) values (3, 3, '투자타이밍', null, null);
insert into "ETEST"."PROBLEM_CHOICE" ("PROB_ID", "CHOICE_NUM", "TEXT", "UK_ID", "CHOICE_SCORE" ) values (3, 4, '리밸런싱', null, null);
insert into "ETEST"."PROBLEM_CHOICE" ("PROB_ID", "CHOICE_NUM", "TEXT", "UK_ID", "CHOICE_SCORE" ) values (4, 1, '주식을 매수한 다음 장기보유한다', 145, null);
insert into "ETEST"."PROBLEM_CHOICE" ("PROB_ID", "CHOICE_NUM", "TEXT", "UK_ID", "CHOICE_SCORE" ) values (4, 2, '인덱스펀드에 투자한다', 145, null);
insert into "ETEST"."PROBLEM_CHOICE" ("PROB_ID", "CHOICE_NUM", "TEXT", "UK_ID", "CHOICE_SCORE" ) values (4, 3, '시장대표지수를 추종하는 상장지수펀드(ETF)에 투자한다', 145, null);
insert into "ETEST"."PROBLEM_CHOICE" ("PROB_ID", "CHOICE_NUM", "TEXT", "UK_ID", "CHOICE_SCORE" ) values (4, 4, '미래 성장이 예상되는 일부 종목에 집중투자한다', 144, null);
insert into "ETEST"."PROBLEM_CHOICE" ("PROB_ID", "CHOICE_NUM", "TEXT", "UK_ID", "CHOICE_SCORE" ) values (5, 1, '가, 다', 257, null);
insert into "ETEST"."PROBLEM_CHOICE" ("PROB_ID", "CHOICE_NUM", "TEXT", "UK_ID", "CHOICE_SCORE" ) values (5, 2, '나, 다, 라', null, null);
insert into "ETEST"."PROBLEM_CHOICE" ("PROB_ID", "CHOICE_NUM", "TEXT", "UK_ID", "CHOICE_SCORE" ) values (5, 3, '가, 나, 다', null, null);
insert into "ETEST"."PROBLEM_CHOICE" ("PROB_ID", "CHOICE_NUM", "TEXT", "UK_ID", "CHOICE_SCORE" ) values (5, 4, '가, 나, 다, 라, 마 모두', null, null);
insert into "ETEST"."PROBLEM_CHOICE" ("PROB_ID", "CHOICE_NUM", "TEXT", "UK_ID", "CHOICE_SCORE" ) values (6, 1, '재무상태표', null, null);
insert into "ETEST"."PROBLEM_CHOICE" ("PROB_ID", "CHOICE_NUM", "TEXT", "UK_ID", "CHOICE_SCORE" ) values (6, 2, '현금흐름표', null, null);
insert into "ETEST"."PROBLEM_CHOICE" ("PROB_ID", "CHOICE_NUM", "TEXT", "UK_ID", "CHOICE_SCORE" ) values (6, 3, '주석', null, null);
insert into "ETEST"."PROBLEM_CHOICE" ("PROB_ID", "CHOICE_NUM", "TEXT", "UK_ID", "CHOICE_SCORE" ) values (6, 4, '산업연관표', null, null);
insert into "ETEST"."PROBLEM_CHOICE" ("PROB_ID", "CHOICE_NUM", "TEXT", "UK_ID", "CHOICE_SCORE" ) values (7, 1, '“삼성전자 우”는 삼성전자 주식 중 우선주를 의미한다', null, null);
insert into "ETEST"."PROBLEM_CHOICE" ("PROB_ID", "CHOICE_NUM", "TEXT", "UK_ID", "CHOICE_SCORE" ) values (7, 2, '“삼성전자 우”를 보유한 주주는 주주총회에 참석하여 안건에 대해 투표할 수 있다', null, null);
insert into "ETEST"."PROBLEM_CHOICE" ("PROB_ID", "CHOICE_NUM", "TEXT", "UK_ID", "CHOICE_SCORE" ) values (7, 3, '“삼성전자 우”를 보유한 주주는 보통주 주주보다 이익배당에서 우선 순위에 있다', null, null);
insert into "ETEST"."PROBLEM_CHOICE" ("PROB_ID", "CHOICE_NUM", "TEXT", "UK_ID", "CHOICE_SCORE" ) values (7, 4, '“삼성전자 우”는 보통주보다 일반적으로 배당률이 높은 편이다', null, null);
insert into "ETEST"."PROBLEM_CHOICE" ("PROB_ID", "CHOICE_NUM", "TEXT", "UK_ID", "CHOICE_SCORE" ) values (8, 1, '시가보다 종가가 높다면 캔들챠트의 몸통은 빨간색으로 표시된다', null, null);
insert into "ETEST"."PROBLEM_CHOICE" ("PROB_ID", "CHOICE_NUM", "TEXT", "UK_ID", "CHOICE_SCORE" ) values (8, 2, '시가보다 종가가 높다면 결과적으로 주가가 장중에 상승세를 보인 것이다', null, null);
insert into "ETEST"."PROBLEM_CHOICE" ("PROB_ID", "CHOICE_NUM", "TEXT", "UK_ID", "CHOICE_SCORE" ) values (8, 3, '장중 고가와 저가를 캔들챠트의 몸통 위아래에 표시하여 장중 가격 등락의 범위를 보여준다', null, null);
insert into "ETEST"."PROBLEM_CHOICE" ("PROB_ID", "CHOICE_NUM", "TEXT", "UK_ID", "CHOICE_SCORE" ) values (8, 4, '캔들챠트의 위에서 아래까지의 길이가 길어질수록 장중 가격 등락은 매우 적은 편으로 해석한다.', null, null);
insert into "ETEST"."PROBLEM_CHOICE" ("PROB_ID", "CHOICE_NUM", "TEXT", "UK_ID", "CHOICE_SCORE" ) values (9, 1, '저축의 증가를 통한 경제활동 활성화', null, null);
insert into "ETEST"."PROBLEM_CHOICE" ("PROB_ID", "CHOICE_NUM", "TEXT", "UK_ID", "CHOICE_SCORE" ) values (9, 2, '예금 등 금리상품 대비 주식, 부동산 등 실물경제 상대적 매력 증가', null, null);
insert into "ETEST"."PROBLEM_CHOICE" ("PROB_ID", "CHOICE_NUM", "TEXT", "UK_ID", "CHOICE_SCORE" ) values (9, 3, '대출 등 조달금리 하락으로 투자와 생산 증가에 영향', null, null);
insert into "ETEST"."PROBLEM_CHOICE" ("PROB_ID", "CHOICE_NUM", "TEXT", "UK_ID", "CHOICE_SCORE" ) values (9, 4, '생산활동, 투자활동 방향으로 시중의 유동성 이동', null, null);
insert into "ETEST"."PROBLEM_CHOICE" ("PROB_ID", "CHOICE_NUM", "TEXT", "UK_ID", "CHOICE_SCORE" ) values (10, 1, '상관계수가 1', null, null);
insert into "ETEST"."PROBLEM_CHOICE" ("PROB_ID", "CHOICE_NUM", "TEXT", "UK_ID", "CHOICE_SCORE" ) values (10, 2, '상관계수가 0', null, null);
insert into "ETEST"."PROBLEM_CHOICE" ("PROB_ID", "CHOICE_NUM", "TEXT", "UK_ID", "CHOICE_SCORE" ) values (10, 3, '상관계수가 마이너스', null, null);
insert into "ETEST"."PROBLEM_CHOICE" ("PROB_ID", "CHOICE_NUM", "TEXT", "UK_ID", "CHOICE_SCORE" ) values (10, 4, '상관계수가 플러스', null, null);
insert into "ETEST"."PROBLEM_CHOICE" ("PROB_ID", "CHOICE_NUM", "TEXT", "UK_ID", "CHOICE_SCORE" ) values (11, 1, '투자자들이 가장 관심 깊게 지켜보는 증시주변자금 지표는 고객예탁금과 신용잔고의 추이인데 일부 전문가는 고객예탁금과 신용잔고를 합한 총계 금액을 종합 증시주변자금으로 계측한다', 307, null);
insert into "ETEST"."PROBLEM_CHOICE" ("PROB_ID", "CHOICE_NUM", "TEXT", "UK_ID", "CHOICE_SCORE" ) values (11, 2, '고객예탁금 : 언제든지 주식매입 자금으로 동원될 수 있는 대기자금 성격이 강하기에 증가할수록 주식시장에 호재로 해석하는 전문가들이 많다', 308, null);
insert into "ETEST"."PROBLEM_CHOICE" ("PROB_ID", "CHOICE_NUM", "TEXT", "UK_ID", "CHOICE_SCORE" ) values (11, 3, '신용잔고 : 언젠가 주식의 매도 등을 통해 상환해야 하기에 일정 기간내 주식 매도가 발생할 가능성이 매우 높은 일종의 매도대기물량으로 계산된다', 309, null);
insert into "ETEST"."PROBLEM_CHOICE" ("PROB_ID", "CHOICE_NUM", "TEXT", "UK_ID", "CHOICE_SCORE" ) values (11, 4, '주식 공매도 : 과열된 주가를 정상화시키기도 하며 증권시장의 유동성을 높이기도 하는 순기능이 있지만 불법적인 매매를 위해 주식 공매도가 실행되는 역기능도 존재한다', 310, null);
insert into "ETEST"."PROBLEM_CHOICE" ("PROB_ID", "CHOICE_NUM", "TEXT", "UK_ID", "CHOICE_SCORE" ) values (12, 1, '자국 상품의 경쟁력에 비해 자국의 환가격이 약해지면 무역수지를 포함한 경상수지나 국제수지의 흑자 증가로 경제성장에 큰 플러스 요인이 된다', null, null);
insert into "ETEST"."PROBLEM_CHOICE" ("PROB_ID", "CHOICE_NUM", "TEXT", "UK_ID", "CHOICE_SCORE" ) values (12, 2, '다른 나라 통화들에 비해 자국의 환이 싸진다는 것은 다른 나라들의 입장에서는 자국에서 생산되는 상품 또는 주식, 부동산 등 국내 자산들의 가격이 떨어진다는 것과 같은 이야기다', null, null);
insert into "ETEST"."PROBLEM_CHOICE" ("PROB_ID", "CHOICE_NUM", "TEXT", "UK_ID", "CHOICE_SCORE" ) values (12, 3, '자국 상품의 경쟁력에 비해 자국의 환가격이 강해지면 국부의 가치 증가로 경제성장에 큰 플러스 요인이 된다. 이른바 전 세계적으로 확산되어 있는 소리 없는 전쟁, 환율전쟁의 이유이다', null, null);
insert into "ETEST"."PROBLEM_CHOICE" ("PROB_ID", "CHOICE_NUM", "TEXT", "UK_ID", "CHOICE_SCORE" ) values (12, 4, '1997년 IMF 외환위기 전까지만 하더라도, 미국과 일본의 플라자 합의로 한국이 수혜를 입었던 3년(1986~1988년)을 제외하고는, 한국은 수십년간 고질적으로 무역수지 적자를 지속하였다', null, null);
insert into "ETEST"."PROBLEM_CHOICE" ("PROB_ID", "CHOICE_NUM", "TEXT", "UK_ID", "CHOICE_SCORE" ) values (13, 1, '금융투자상품에 대한 경험과 기회가 적다', null, null);
insert into "ETEST"."PROBLEM_CHOICE" ("PROB_ID", "CHOICE_NUM", "TEXT", "UK_ID", "CHOICE_SCORE" ) values (13, 2, '많은 금융투자 의사결정이 감정적으로 이루어진다', null, null);
insert into "ETEST"."PROBLEM_CHOICE" ("PROB_ID", "CHOICE_NUM", "TEXT", "UK_ID", "CHOICE_SCORE" ) values (13, 3, '투자의사결정의 실수가 있었다면 이를 반복하지 않기 위해 노력한다', null, null);
insert into "ETEST"."PROBLEM_CHOICE" ("PROB_ID", "CHOICE_NUM", "TEXT", "UK_ID", "CHOICE_SCORE" ) values (13, 4, '금융투자자들이 금융상품을 복잡하게 여겨 제대로 알고 의사결정을 하려 하지 않는다', null, null);
insert into "ETEST"."PROBLEM_CHOICE" ("PROB_ID", "CHOICE_NUM", "TEXT", "UK_ID", "CHOICE_SCORE" ) values (14, 1, '남들이 주식으로 돈을 벌었다는 소식이 들리면 소외감이 커져 군중심리가 발동한다', null, null);
insert into "ETEST"."PROBLEM_CHOICE" ("PROB_ID", "CHOICE_NUM", "TEXT", "UK_ID", "CHOICE_SCORE" ) values (14, 2, '경험이 적은 금융투자자이거나, 자신감이 없는 금융투자자일수록 군중심리에 현혹되지 않는다', null, null);
insert into "ETEST"."PROBLEM_CHOICE" ("PROB_ID", "CHOICE_NUM", "TEXT", "UK_ID", "CHOICE_SCORE" ) values (14, 3, '군중심리에 빠지는 것은 다른 이들과 다른 결정을 내리는 것보다, 그들과 함께하는 것이 더 마음이 편하고 쉽기 때문이다', null, null);
insert into "ETEST"."PROBLEM_CHOICE" ("PROB_ID", "CHOICE_NUM", "TEXT", "UK_ID", "CHOICE_SCORE" ) values (14, 4, '사회에 순응하고 싶어하는 인간의 본능 때문에 대다수와 다르게 행동함으로써 군중에서 소외되고 싶지 않아 군중심리가 생긴다', null, null);
insert into "ETEST"."PROBLEM_CHOICE" ("PROB_ID", "CHOICE_NUM", "TEXT", "UK_ID", "CHOICE_SCORE" ) values (15, 1, '자기과신', null, null);
insert into "ETEST"."PROBLEM_CHOICE" ("PROB_ID", "CHOICE_NUM", "TEXT", "UK_ID", "CHOICE_SCORE" ) values (15, 2, '시기추론', null, null);
insert into "ETEST"."PROBLEM_CHOICE" ("PROB_ID", "CHOICE_NUM", "TEXT", "UK_ID", "CHOICE_SCORE" ) values (15, 3, '매몰비용', null, null);
insert into "ETEST"."PROBLEM_CHOICE" ("PROB_ID", "CHOICE_NUM", "TEXT", "UK_ID", "CHOICE_SCORE" ) values (15, 4, '현재중시', null, null);
insert into "ETEST"."PROBLEM_CHOICE" ("PROB_ID", "CHOICE_NUM", "TEXT", "UK_ID", "CHOICE_SCORE" ) values (16, 1, '확증 편향', null, null);
insert into "ETEST"."PROBLEM_CHOICE" ("PROB_ID", "CHOICE_NUM", "TEXT", "UK_ID", "CHOICE_SCORE" ) values (16, 2, '현재중시 편향', null, null);
insert into "ETEST"."PROBLEM_CHOICE" ("PROB_ID", "CHOICE_NUM", "TEXT", "UK_ID", "CHOICE_SCORE" ) values (16, 3, '현상유지 편향', null, null);
insert into "ETEST"."PROBLEM_CHOICE" ("PROB_ID", "CHOICE_NUM", "TEXT", "UK_ID", "CHOICE_SCORE" ) values (16, 4, '사후확신 편향', null, null);
insert into "ETEST"."PROBLEM_CHOICE" ("PROB_ID", "CHOICE_NUM", "TEXT", "UK_ID", "CHOICE_SCORE" ) values (17, 1, '증권회사', null, null);
insert into "ETEST"."PROBLEM_CHOICE" ("PROB_ID", "CHOICE_NUM", "TEXT", "UK_ID", "CHOICE_SCORE" ) values (17, 2, '선물회사', null, null);
insert into "ETEST"."PROBLEM_CHOICE" ("PROB_ID", "CHOICE_NUM", "TEXT", "UK_ID", "CHOICE_SCORE" ) values (17, 3, '자산운용회사', null, null);
insert into "ETEST"."PROBLEM_CHOICE" ("PROB_ID", "CHOICE_NUM", "TEXT", "UK_ID", "CHOICE_SCORE" ) values (17, 4, '상호저축은행', null, null);
insert into "ETEST"."PROBLEM_CHOICE" ("PROB_ID", "CHOICE_NUM", "TEXT", "UK_ID", "CHOICE_SCORE" ) values (18, 1, '공모주 청약은 증권회사 계좌없이 은행에서도 할 수 있다', 365, null);
insert into "ETEST"."PROBLEM_CHOICE" ("PROB_ID", "CHOICE_NUM", "TEXT", "UK_ID", "CHOICE_SCORE" ) values (18, 2, '공모주 청약은 IPO(Initial Public Offering)를 주관하는 주관사나 공동주관사를 통해서만 청약이 가능하다', 366, null);
insert into "ETEST"."PROBLEM_CHOICE" ("PROB_ID", "CHOICE_NUM", "TEXT", "UK_ID", "CHOICE_SCORE" ) values (18, 3, '스팩이 만기 시점까지 합병하지 못하는 경우에는 투자자에게 투자금의 원금과 이자를 반환하는 수익구조를 가진다', 367, null);
insert into "ETEST"."PROBLEM_CHOICE" ("PROB_ID", "CHOICE_NUM", "TEXT", "UK_ID", "CHOICE_SCORE" ) values (18, 4, '스팩은 공모를 통해 M&A자금을 먼저 마련하며 상장한 후 다른회사와 합병하는 것을 유일한 사업목적으로 하는 Paper Company다', 367, null);
insert into "ETEST"."PROBLEM_CHOICE" ("PROB_ID", "CHOICE_NUM", "TEXT", "UK_ID", "CHOICE_SCORE" ) values (19, 1, '월요일', null, null);
insert into "ETEST"."PROBLEM_CHOICE" ("PROB_ID", "CHOICE_NUM", "TEXT", "UK_ID", "CHOICE_SCORE" ) values (19, 2, '화요일', null, null);
insert into "ETEST"."PROBLEM_CHOICE" ("PROB_ID", "CHOICE_NUM", "TEXT", "UK_ID", "CHOICE_SCORE" ) values (19, 3, '수요일', null, null);
insert into "ETEST"."PROBLEM_CHOICE" ("PROB_ID", "CHOICE_NUM", "TEXT", "UK_ID", "CHOICE_SCORE" ) values (19, 4, '목요일', null, null);
insert into "ETEST"."PROBLEM_CHOICE" ("PROB_ID", "CHOICE_NUM", "TEXT", "UK_ID", "CHOICE_SCORE" ) values (20, 1, '수익률', null, null);
insert into "ETEST"."PROBLEM_CHOICE" ("PROB_ID", "CHOICE_NUM", "TEXT", "UK_ID", "CHOICE_SCORE" ) values (20, 2, '벤치마크', null, null);
insert into "ETEST"."PROBLEM_CHOICE" ("PROB_ID", "CHOICE_NUM", "TEXT", "UK_ID", "CHOICE_SCORE" ) values (20, 3, '위험조정 성과지표', null, null);
insert into "ETEST"."PROBLEM_CHOICE" ("PROB_ID", "CHOICE_NUM", "TEXT", "UK_ID", "CHOICE_SCORE" ) values (20, 4, '절대수익 추구 성과지표', null, null);

------- End of ETEST.PROBLEM_CHOICE -------

------- Begin of ETEST.DIAGNOSIS_CURRICULUM-------

insert into "ETEST"."DIAGNOSIS_CURRICULUM" ("CURRICULUM_ID", "CHAPTER", "SECTION", "SUB_SECTION" ) values (1, '성향', '투자현황', '증권사 거래기간');
insert into "ETEST"."DIAGNOSIS_CURRICULUM" ("CURRICULUM_ID", "CHAPTER", "SECTION", "SUB_SECTION" ) values (2, '성향', '투자현황', '주식투자 비중');
insert into "ETEST"."DIAGNOSIS_CURRICULUM" ("CURRICULUM_ID", "CHAPTER", "SECTION", "SUB_SECTION" ) values (3, '성향', '투자현황', '보유 종목 수');
insert into "ETEST"."DIAGNOSIS_CURRICULUM" ("CURRICULUM_ID", "CHAPTER", "SECTION", "SUB_SECTION" ) values (4, '성향', '투자현황', '선호 투자 종목');
insert into "ETEST"."DIAGNOSIS_CURRICULUM" ("CURRICULUM_ID", "CHAPTER", "SECTION", "SUB_SECTION" ) values (5, '성향', '투자원칙', '투자원칙');
insert into "ETEST"."DIAGNOSIS_CURRICULUM" ("CURRICULUM_ID", "CHAPTER", "SECTION", "SUB_SECTION" ) values (6, '성향', '리스크', '리스크 감내역량');
insert into "ETEST"."DIAGNOSIS_CURRICULUM" ("CURRICULUM_ID", "CHAPTER", "SECTION", "SUB_SECTION" ) values (7, '성향', '리스크', '리스크 감내수준');
insert into "ETEST"."DIAGNOSIS_CURRICULUM" ("CURRICULUM_ID", "CHAPTER", "SECTION", "SUB_SECTION" ) values (8, '성향', '인지편향', '인지편향');
insert into "ETEST"."DIAGNOSIS_CURRICULUM" ("CURRICULUM_ID", "CHAPTER", "SECTION", "SUB_SECTION" ) values (9, '지식', '투자지식', '투자 상식');
insert into "ETEST"."DIAGNOSIS_CURRICULUM" ("CURRICULUM_ID", "CHAPTER", "SECTION", "SUB_SECTION" ) values (10, '지식', '투자지식', '종목고르기');
insert into "ETEST"."DIAGNOSIS_CURRICULUM" ("CURRICULUM_ID", "CHAPTER", "SECTION", "SUB_SECTION" ) values (11, '지식', '투자지식', '변동요인');
insert into "ETEST"."DIAGNOSIS_CURRICULUM" ("CURRICULUM_ID", "CHAPTER", "SECTION", "SUB_SECTION" ) values (12, '지식', '투자지식', '매매방법');

------- End of ETEST.DIAGNOSIS_CURRICULUM -------


------- Begin of ETEST.DIAGNOSIS_PROBLEM-------

insert into "ETEST"."DIAGNOSIS_PROBLEM" ("SUBJECT", "PROB_ID", "CURRICULUM_ID", "SET_TYPE", "ORDER_NUM" ) values (null, 21, 1, null, 1);
insert into "ETEST"."DIAGNOSIS_PROBLEM" ("SUBJECT", "PROB_ID", "CURRICULUM_ID", "SET_TYPE", "ORDER_NUM" ) values (null, 22, 2, null, 1);
insert into "ETEST"."DIAGNOSIS_PROBLEM" ("SUBJECT", "PROB_ID", "CURRICULUM_ID", "SET_TYPE", "ORDER_NUM" ) values (null, 23, 3, null, 1);
insert into "ETEST"."DIAGNOSIS_PROBLEM" ("SUBJECT", "PROB_ID", "CURRICULUM_ID", "SET_TYPE", "ORDER_NUM" ) values (null, 24, 4, null, 1);
insert into "ETEST"."DIAGNOSIS_PROBLEM" ("SUBJECT", "PROB_ID", "CURRICULUM_ID", "SET_TYPE", "ORDER_NUM" ) values (null, 25, 5, null, 1);
insert into "ETEST"."DIAGNOSIS_PROBLEM" ("SUBJECT", "PROB_ID", "CURRICULUM_ID", "SET_TYPE", "ORDER_NUM" ) values (null, 26, 5, null, 2);
insert into "ETEST"."DIAGNOSIS_PROBLEM" ("SUBJECT", "PROB_ID", "CURRICULUM_ID", "SET_TYPE", "ORDER_NUM" ) values (null, 27, 5, null, 3);
insert into "ETEST"."DIAGNOSIS_PROBLEM" ("SUBJECT", "PROB_ID", "CURRICULUM_ID", "SET_TYPE", "ORDER_NUM" ) values (null, 28, 5, null, 4);
insert into "ETEST"."DIAGNOSIS_PROBLEM" ("SUBJECT", "PROB_ID", "CURRICULUM_ID", "SET_TYPE", "ORDER_NUM" ) values (null, 29, 6, null, 1);
insert into "ETEST"."DIAGNOSIS_PROBLEM" ("SUBJECT", "PROB_ID", "CURRICULUM_ID", "SET_TYPE", "ORDER_NUM" ) values (null, 30, 6, null, 2);
insert into "ETEST"."DIAGNOSIS_PROBLEM" ("SUBJECT", "PROB_ID", "CURRICULUM_ID", "SET_TYPE", "ORDER_NUM" ) values (null, 31, 7, 'A', 1);
insert into "ETEST"."DIAGNOSIS_PROBLEM" ("SUBJECT", "PROB_ID", "CURRICULUM_ID", "SET_TYPE", "ORDER_NUM" ) values (null, 32, 7, 'A', 2);
insert into "ETEST"."DIAGNOSIS_PROBLEM" ("SUBJECT", "PROB_ID", "CURRICULUM_ID", "SET_TYPE", "ORDER_NUM" ) values (null, 33, 7, 'A', 3);
insert into "ETEST"."DIAGNOSIS_PROBLEM" ("SUBJECT", "PROB_ID", "CURRICULUM_ID", "SET_TYPE", "ORDER_NUM" ) values (null, 34, 7, 'B', 1);
insert into "ETEST"."DIAGNOSIS_PROBLEM" ("SUBJECT", "PROB_ID", "CURRICULUM_ID", "SET_TYPE", "ORDER_NUM" ) values (null, 35, 7, 'B', 2);
insert into "ETEST"."DIAGNOSIS_PROBLEM" ("SUBJECT", "PROB_ID", "CURRICULUM_ID", "SET_TYPE", "ORDER_NUM" ) values (null, 36, 7, 'B', 3);
insert into "ETEST"."DIAGNOSIS_PROBLEM" ("SUBJECT", "PROB_ID", "CURRICULUM_ID", "SET_TYPE", "ORDER_NUM" ) values (null, 37, 7, 'C', 1);
insert into "ETEST"."DIAGNOSIS_PROBLEM" ("SUBJECT", "PROB_ID", "CURRICULUM_ID", "SET_TYPE", "ORDER_NUM" ) values (null, 38, 7, 'C', 2);
insert into "ETEST"."DIAGNOSIS_PROBLEM" ("SUBJECT", "PROB_ID", "CURRICULUM_ID", "SET_TYPE", "ORDER_NUM" ) values (null, 39, 7, 'C', 3);
insert into "ETEST"."DIAGNOSIS_PROBLEM" ("SUBJECT", "PROB_ID", "CURRICULUM_ID", "SET_TYPE", "ORDER_NUM" ) values (null, 40, 8, 'A', 1);
insert into "ETEST"."DIAGNOSIS_PROBLEM" ("SUBJECT", "PROB_ID", "CURRICULUM_ID", "SET_TYPE", "ORDER_NUM" ) values (null, 41, 8, 'A', 2);
insert into "ETEST"."DIAGNOSIS_PROBLEM" ("SUBJECT", "PROB_ID", "CURRICULUM_ID", "SET_TYPE", "ORDER_NUM" ) values (null, 42, 8, 'A', 3);
insert into "ETEST"."DIAGNOSIS_PROBLEM" ("SUBJECT", "PROB_ID", "CURRICULUM_ID", "SET_TYPE", "ORDER_NUM" ) values (null, 43, 8, 'A', 4);
insert into "ETEST"."DIAGNOSIS_PROBLEM" ("SUBJECT", "PROB_ID", "CURRICULUM_ID", "SET_TYPE", "ORDER_NUM" ) values (null, 44, 8, 'A', 5);
insert into "ETEST"."DIAGNOSIS_PROBLEM" ("SUBJECT", "PROB_ID", "CURRICULUM_ID", "SET_TYPE", "ORDER_NUM" ) values (null, 45, 8, 'B', 1);
insert into "ETEST"."DIAGNOSIS_PROBLEM" ("SUBJECT", "PROB_ID", "CURRICULUM_ID", "SET_TYPE", "ORDER_NUM" ) values (null, 46, 8, 'B', 2);
insert into "ETEST"."DIAGNOSIS_PROBLEM" ("SUBJECT", "PROB_ID", "CURRICULUM_ID", "SET_TYPE", "ORDER_NUM" ) values (null, 47, 8, 'B', 3);
insert into "ETEST"."DIAGNOSIS_PROBLEM" ("SUBJECT", "PROB_ID", "CURRICULUM_ID", "SET_TYPE", "ORDER_NUM" ) values (null, 48, 8, 'B', 4);
insert into "ETEST"."DIAGNOSIS_PROBLEM" ("SUBJECT", "PROB_ID", "CURRICULUM_ID", "SET_TYPE", "ORDER_NUM" ) values (null, 49, 8, 'B', 5);
insert into "ETEST"."DIAGNOSIS_PROBLEM" ("SUBJECT", "PROB_ID", "CURRICULUM_ID", "SET_TYPE", "ORDER_NUM" ) values (null, 50, 8, 'C', 1);
insert into "ETEST"."DIAGNOSIS_PROBLEM" ("SUBJECT", "PROB_ID", "CURRICULUM_ID", "SET_TYPE", "ORDER_NUM" ) values (null, 51, 8, 'C', 2);
insert into "ETEST"."DIAGNOSIS_PROBLEM" ("SUBJECT", "PROB_ID", "CURRICULUM_ID", "SET_TYPE", "ORDER_NUM" ) values (null, 52, 8, 'C', 3);
insert into "ETEST"."DIAGNOSIS_PROBLEM" ("SUBJECT", "PROB_ID", "CURRICULUM_ID", "SET_TYPE", "ORDER_NUM" ) values (null, 53, 8, 'C', 4);
insert into "ETEST"."DIAGNOSIS_PROBLEM" ("SUBJECT", "PROB_ID", "CURRICULUM_ID", "SET_TYPE", "ORDER_NUM" ) values (null, 54, 8, 'C', 5);
insert into "ETEST"."DIAGNOSIS_PROBLEM" ("SUBJECT", "PROB_ID", "CURRICULUM_ID", "SET_TYPE", "ORDER_NUM" ) values ('종목추천', 55, 9, null, 1);
insert into "ETEST"."DIAGNOSIS_PROBLEM" ("SUBJECT", "PROB_ID", "CURRICULUM_ID", "SET_TYPE", "ORDER_NUM" ) values ('투자상식
', 56, 9, null, 2);
insert into "ETEST"."DIAGNOSIS_PROBLEM" ("SUBJECT", "PROB_ID", "CURRICULUM_ID", "SET_TYPE", "ORDER_NUM" ) values ('투자상식
', 57, 9, null, 2);
insert into "ETEST"."DIAGNOSIS_PROBLEM" ("SUBJECT", "PROB_ID", "CURRICULUM_ID", "SET_TYPE", "ORDER_NUM" ) values ('투자원칙
', 58, 9, null, 3);
insert into "ETEST"."DIAGNOSIS_PROBLEM" ("SUBJECT", "PROB_ID", "CURRICULUM_ID", "SET_TYPE", "ORDER_NUM" ) values ('투자원칙
', 59, 9, null, 3);
insert into "ETEST"."DIAGNOSIS_PROBLEM" ("SUBJECT", "PROB_ID", "CURRICULUM_ID", "SET_TYPE", "ORDER_NUM" ) values ('투자원칙
', 60, 9, null, 3);
insert into "ETEST"."DIAGNOSIS_PROBLEM" ("SUBJECT", "PROB_ID", "CURRICULUM_ID", "SET_TYPE", "ORDER_NUM" ) values ('수익/성장/안정', 61, 10, null, 1);
insert into "ETEST"."DIAGNOSIS_PROBLEM" ("SUBJECT", "PROB_ID", "CURRICULUM_ID", "SET_TYPE", "ORDER_NUM" ) values ('수익/성장/안정', 62, 10, null, 1);
insert into "ETEST"."DIAGNOSIS_PROBLEM" ("SUBJECT", "PROB_ID", "CURRICULUM_ID", "SET_TYPE", "ORDER_NUM" ) values ('수익/성장/안정', 63, 10, null, 1);
insert into "ETEST"."DIAGNOSIS_PROBLEM" ("SUBJECT", "PROB_ID", "CURRICULUM_ID", "SET_TYPE", "ORDER_NUM" ) values ('적정가격
', 64, 10, null, 2);
insert into "ETEST"."DIAGNOSIS_PROBLEM" ("SUBJECT", "PROB_ID", "CURRICULUM_ID", "SET_TYPE", "ORDER_NUM" ) values ('적정가격
', 65, 10, null, 2);
insert into "ETEST"."DIAGNOSIS_PROBLEM" ("SUBJECT", "PROB_ID", "CURRICULUM_ID", "SET_TYPE", "ORDER_NUM" ) values ('적정가격
', 66, 10, null, 2);
insert into "ETEST"."DIAGNOSIS_PROBLEM" ("SUBJECT", "PROB_ID", "CURRICULUM_ID", "SET_TYPE", "ORDER_NUM" ) values ('배당
', 67, 10, null, 3);
insert into "ETEST"."DIAGNOSIS_PROBLEM" ("SUBJECT", "PROB_ID", "CURRICULUM_ID", "SET_TYPE", "ORDER_NUM" ) values ('배당
', 68, 10, null, 3);
insert into "ETEST"."DIAGNOSIS_PROBLEM" ("SUBJECT", "PROB_ID", "CURRICULUM_ID", "SET_TYPE", "ORDER_NUM" ) values ('배당
', 69, 10, null, 3);
insert into "ETEST"."DIAGNOSIS_PROBLEM" ("SUBJECT", "PROB_ID", "CURRICULUM_ID", "SET_TYPE", "ORDER_NUM" ) values ('주식 리스크
', 70, 11, null, 1);
insert into "ETEST"."DIAGNOSIS_PROBLEM" ("SUBJECT", "PROB_ID", "CURRICULUM_ID", "SET_TYPE", "ORDER_NUM" ) values ('주식 리스크
', 71, 11, null, 1);
insert into "ETEST"."DIAGNOSIS_PROBLEM" ("SUBJECT", "PROB_ID", "CURRICULUM_ID", "SET_TYPE", "ORDER_NUM" ) values ('주식 리스크
', 72, 11, null, 1);
insert into "ETEST"."DIAGNOSIS_PROBLEM" ("SUBJECT", "PROB_ID", "CURRICULUM_ID", "SET_TYPE", "ORDER_NUM" ) values ('업종
', 73, 11, null, 2);
insert into "ETEST"."DIAGNOSIS_PROBLEM" ("SUBJECT", "PROB_ID", "CURRICULUM_ID", "SET_TYPE", "ORDER_NUM" ) values ('업종
', 74, 11, null, 2);
insert into "ETEST"."DIAGNOSIS_PROBLEM" ("SUBJECT", "PROB_ID", "CURRICULUM_ID", "SET_TYPE", "ORDER_NUM" ) values ('업종
', 75, 11, null, 2);
insert into "ETEST"."DIAGNOSIS_PROBLEM" ("SUBJECT", "PROB_ID", "CURRICULUM_ID", "SET_TYPE", "ORDER_NUM" ) values ('거시경제
', 76, 11, null, 3);
insert into "ETEST"."DIAGNOSIS_PROBLEM" ("SUBJECT", "PROB_ID", "CURRICULUM_ID", "SET_TYPE", "ORDER_NUM" ) values ('거시경제
', 77, 11, null, 3);
insert into "ETEST"."DIAGNOSIS_PROBLEM" ("SUBJECT", "PROB_ID", "CURRICULUM_ID", "SET_TYPE", "ORDER_NUM" ) values ('거시경제
', 78, 11, null, 3);
insert into "ETEST"."DIAGNOSIS_PROBLEM" ("SUBJECT", "PROB_ID", "CURRICULUM_ID", "SET_TYPE", "ORDER_NUM" ) values ('매매거래
', 79, 12, null, 1);
insert into "ETEST"."DIAGNOSIS_PROBLEM" ("SUBJECT", "PROB_ID", "CURRICULUM_ID", "SET_TYPE", "ORDER_NUM" ) values ('매매거래
', 80, 12, null, 1);
insert into "ETEST"."DIAGNOSIS_PROBLEM" ("SUBJECT", "PROB_ID", "CURRICULUM_ID", "SET_TYPE", "ORDER_NUM" ) values ('매매거래
', 81, 12, null, 1);
insert into "ETEST"."DIAGNOSIS_PROBLEM" ("SUBJECT", "PROB_ID", "CURRICULUM_ID", "SET_TYPE", "ORDER_NUM" ) values ('시장상황
', 82, 12, null, 2);
insert into "ETEST"."DIAGNOSIS_PROBLEM" ("SUBJECT", "PROB_ID", "CURRICULUM_ID", "SET_TYPE", "ORDER_NUM" ) values ('시장상황
', 83, 12, null, 2);
insert into "ETEST"."DIAGNOSIS_PROBLEM" ("SUBJECT", "PROB_ID", "CURRICULUM_ID", "SET_TYPE", "ORDER_NUM" ) values ('시장상황
', 84, 12, null, 2);
insert into "ETEST"."DIAGNOSIS_PROBLEM" ("SUBJECT", "PROB_ID", "CURRICULUM_ID", "SET_TYPE", "ORDER_NUM" ) values ('매매전략
', 85, 12, null, 3);
insert into "ETEST"."DIAGNOSIS_PROBLEM" ("SUBJECT", "PROB_ID", "CURRICULUM_ID", "SET_TYPE", "ORDER_NUM" ) values ('매매전략
', 86, 12, null, 3);
insert into "ETEST"."DIAGNOSIS_PROBLEM" ("SUBJECT", "PROB_ID", "CURRICULUM_ID", "SET_TYPE", "ORDER_NUM" ) values ('매매전략
', 87, 12, null, 3);

------- End of ETEST.DIAGNOSIS_PROBLEM -------

------- Begin of ETEST.TEST_PROBLEM-------

insert into "ETEST"."TEST_PROBLEM" ("SET_NUM", "SEQUENCE", "PROB_ID", "SUBJECT" ) values (2, 1, 88, null);
insert into "ETEST"."TEST_PROBLEM" ("SET_NUM", "SEQUENCE", "PROB_ID", "SUBJECT" ) values (2, 2, 89, null);
insert into "ETEST"."TEST_PROBLEM" ("SET_NUM", "SEQUENCE", "PROB_ID", "SUBJECT" ) values (2, 3, 90, null);
insert into "ETEST"."TEST_PROBLEM" ("SET_NUM", "SEQUENCE", "PROB_ID", "SUBJECT" ) values (2, 4, 91, null);
insert into "ETEST"."TEST_PROBLEM" ("SET_NUM", "SEQUENCE", "PROB_ID", "SUBJECT" ) values (2, 5, 92, null);
insert into "ETEST"."TEST_PROBLEM" ("SET_NUM", "SEQUENCE", "PROB_ID", "SUBJECT" ) values (2, 6, 93, null);
insert into "ETEST"."TEST_PROBLEM" ("SET_NUM", "SEQUENCE", "PROB_ID", "SUBJECT" ) values (2, 7, 94, null);
insert into "ETEST"."TEST_PROBLEM" ("SET_NUM", "SEQUENCE", "PROB_ID", "SUBJECT" ) values (2, 8, 95, null);
insert into "ETEST"."TEST_PROBLEM" ("SET_NUM", "SEQUENCE", "PROB_ID", "SUBJECT" ) values (2, 9, 96, null);
insert into "ETEST"."TEST_PROBLEM" ("SET_NUM", "SEQUENCE", "PROB_ID", "SUBJECT" ) values (2, 10, 97, null);
insert into "ETEST"."TEST_PROBLEM" ("SET_NUM", "SEQUENCE", "PROB_ID", "SUBJECT" ) values (2, 11, 98, null);
insert into "ETEST"."TEST_PROBLEM" ("SET_NUM", "SEQUENCE", "PROB_ID", "SUBJECT" ) values (2, 12, 99, null);
insert into "ETEST"."TEST_PROBLEM" ("SET_NUM", "SEQUENCE", "PROB_ID", "SUBJECT" ) values (2, 13, 100, null);
insert into "ETEST"."TEST_PROBLEM" ("SET_NUM", "SEQUENCE", "PROB_ID", "SUBJECT" ) values (2, 14, 101, null);
insert into "ETEST"."TEST_PROBLEM" ("SET_NUM", "SEQUENCE", "PROB_ID", "SUBJECT" ) values (2, 15, 102, null);
insert into "ETEST"."TEST_PROBLEM" ("SET_NUM", "SEQUENCE", "PROB_ID", "SUBJECT" ) values (2, 16, 103, null);
insert into "ETEST"."TEST_PROBLEM" ("SET_NUM", "SEQUENCE", "PROB_ID", "SUBJECT" ) values (2, 17, 104, null);
insert into "ETEST"."TEST_PROBLEM" ("SET_NUM", "SEQUENCE", "PROB_ID", "SUBJECT" ) values (2, 18, 105, null);
insert into "ETEST"."TEST_PROBLEM" ("SET_NUM", "SEQUENCE", "PROB_ID", "SUBJECT" ) values (2, 19, 106, null);
insert into "ETEST"."TEST_PROBLEM" ("SET_NUM", "SEQUENCE", "PROB_ID", "SUBJECT" ) values (2, 20, 107, null);
insert into "ETEST"."TEST_PROBLEM" ("SET_NUM", "SEQUENCE", "PROB_ID", "SUBJECT" ) values (3, 1, 108, null);
insert into "ETEST"."TEST_PROBLEM" ("SET_NUM", "SEQUENCE", "PROB_ID", "SUBJECT" ) values (3, 2, 109, null);
insert into "ETEST"."TEST_PROBLEM" ("SET_NUM", "SEQUENCE", "PROB_ID", "SUBJECT" ) values (3, 3, 110, null);
insert into "ETEST"."TEST_PROBLEM" ("SET_NUM", "SEQUENCE", "PROB_ID", "SUBJECT" ) values (3, 4, 111, null);
insert into "ETEST"."TEST_PROBLEM" ("SET_NUM", "SEQUENCE", "PROB_ID", "SUBJECT" ) values (3, 5, 112, null);
insert into "ETEST"."TEST_PROBLEM" ("SET_NUM", "SEQUENCE", "PROB_ID", "SUBJECT" ) values (3, 6, 113, null);
insert into "ETEST"."TEST_PROBLEM" ("SET_NUM", "SEQUENCE", "PROB_ID", "SUBJECT" ) values (3, 7, 114, null);
insert into "ETEST"."TEST_PROBLEM" ("SET_NUM", "SEQUENCE", "PROB_ID", "SUBJECT" ) values (3, 8, 115, null);
insert into "ETEST"."TEST_PROBLEM" ("SET_NUM", "SEQUENCE", "PROB_ID", "SUBJECT" ) values (3, 9, 116, null);
insert into "ETEST"."TEST_PROBLEM" ("SET_NUM", "SEQUENCE", "PROB_ID", "SUBJECT" ) values (3, 10, 117, null);
insert into "ETEST"."TEST_PROBLEM" ("SET_NUM", "SEQUENCE", "PROB_ID", "SUBJECT" ) values (3, 11, 118, null);
insert into "ETEST"."TEST_PROBLEM" ("SET_NUM", "SEQUENCE", "PROB_ID", "SUBJECT" ) values (3, 12, 119, null);
insert into "ETEST"."TEST_PROBLEM" ("SET_NUM", "SEQUENCE", "PROB_ID", "SUBJECT" ) values (3, 13, 120, null);
insert into "ETEST"."TEST_PROBLEM" ("SET_NUM", "SEQUENCE", "PROB_ID", "SUBJECT" ) values (3, 14, 121, null);
insert into "ETEST"."TEST_PROBLEM" ("SET_NUM", "SEQUENCE", "PROB_ID", "SUBJECT" ) values (3, 15, 122, null);
insert into "ETEST"."TEST_PROBLEM" ("SET_NUM", "SEQUENCE", "PROB_ID", "SUBJECT" ) values (3, 16, 123, null);
insert into "ETEST"."TEST_PROBLEM" ("SET_NUM", "SEQUENCE", "PROB_ID", "SUBJECT" ) values (3, 17, 124, null);
insert into "ETEST"."TEST_PROBLEM" ("SET_NUM", "SEQUENCE", "PROB_ID", "SUBJECT" ) values (3, 18, 125, null);
insert into "ETEST"."TEST_PROBLEM" ("SET_NUM", "SEQUENCE", "PROB_ID", "SUBJECT" ) values (3, 19, 126, null);
insert into "ETEST"."TEST_PROBLEM" ("SET_NUM", "SEQUENCE", "PROB_ID", "SUBJECT" ) values (3, 20, 127, null);
insert into "ETEST"."TEST_PROBLEM" ("SET_NUM", "SEQUENCE", "PROB_ID", "SUBJECT" ) values (1, 1, 1, null);
insert into "ETEST"."TEST_PROBLEM" ("SET_NUM", "SEQUENCE", "PROB_ID", "SUBJECT" ) values (1, 2, 2, null);
insert into "ETEST"."TEST_PROBLEM" ("SET_NUM", "SEQUENCE", "PROB_ID", "SUBJECT" ) values (1, 3, 3, null);
insert into "ETEST"."TEST_PROBLEM" ("SET_NUM", "SEQUENCE", "PROB_ID", "SUBJECT" ) values (1, 4, 4, null);
insert into "ETEST"."TEST_PROBLEM" ("SET_NUM", "SEQUENCE", "PROB_ID", "SUBJECT" ) values (1, 5, 5, null);
insert into "ETEST"."TEST_PROBLEM" ("SET_NUM", "SEQUENCE", "PROB_ID", "SUBJECT" ) values (1, 6, 6, null);
insert into "ETEST"."TEST_PROBLEM" ("SET_NUM", "SEQUENCE", "PROB_ID", "SUBJECT" ) values (1, 7, 7, null);
insert into "ETEST"."TEST_PROBLEM" ("SET_NUM", "SEQUENCE", "PROB_ID", "SUBJECT" ) values (1, 8, 8, null);
insert into "ETEST"."TEST_PROBLEM" ("SET_NUM", "SEQUENCE", "PROB_ID", "SUBJECT" ) values (1, 9, 9, null);
insert into "ETEST"."TEST_PROBLEM" ("SET_NUM", "SEQUENCE", "PROB_ID", "SUBJECT" ) values (1, 10, 10, null);
insert into "ETEST"."TEST_PROBLEM" ("SET_NUM", "SEQUENCE", "PROB_ID", "SUBJECT" ) values (1, 11, 11, null);
insert into "ETEST"."TEST_PROBLEM" ("SET_NUM", "SEQUENCE", "PROB_ID", "SUBJECT" ) values (1, 12, 12, null);
insert into "ETEST"."TEST_PROBLEM" ("SET_NUM", "SEQUENCE", "PROB_ID", "SUBJECT" ) values (1, 13, 13, null);
insert into "ETEST"."TEST_PROBLEM" ("SET_NUM", "SEQUENCE", "PROB_ID", "SUBJECT" ) values (1, 14, 14, null);
insert into "ETEST"."TEST_PROBLEM" ("SET_NUM", "SEQUENCE", "PROB_ID", "SUBJECT" ) values (1, 15, 15, null);
insert into "ETEST"."TEST_PROBLEM" ("SET_NUM", "SEQUENCE", "PROB_ID", "SUBJECT" ) values (1, 16, 16, null);
insert into "ETEST"."TEST_PROBLEM" ("SET_NUM", "SEQUENCE", "PROB_ID", "SUBJECT" ) values (1, 17, 17, null);
insert into "ETEST"."TEST_PROBLEM" ("SET_NUM", "SEQUENCE", "PROB_ID", "SUBJECT" ) values (1, 18, 18, null);
insert into "ETEST"."TEST_PROBLEM" ("SET_NUM", "SEQUENCE", "PROB_ID", "SUBJECT" ) values (1, 19, 19, null);
insert into "ETEST"."TEST_PROBLEM" ("SET_NUM", "SEQUENCE", "PROB_ID", "SUBJECT" ) values (1, 20, 20, null);

------- End of ETEST.TEST_PROBLEM -------


------- 210902 add part and external_link in UK_MASTER table -------
update uk_master set part = '생애주기' where uk_id between (select uk_id from uk_master where uk_name= '생애주기') AND (select uk_id from uk_master where uk_name = '은퇴 준비를 위한 재무 계획');
update uk_master set part = '필요자금 마련방법' where uk_id between (select uk_id from uk_master where uk_name = '필요자금 마련방법') AND (select uk_id from uk_master where uk_name= '방어형 투자자');
update uk_master set part = '금융투자상품 가치변동요인' where uk_id between (select uk_id from uk_master where uk_name = '금융투자상품 가치변동요인') AND (select uk_id from uk_master where uk_name = '코리아디스카운트');
update uk_master set part = '금융투자상품의 매매' where uk_id between (select uk_id from uk_master where uk_name = '금융투자상품의 매매') AND (select uk_id from uk_master where uk_name = '자산보관관리보고서(펀드)');
update uk_master set part = '금융투자상품 관리' where uk_id between (select uk_id from uk_master where uk_name = '금융투자상품 관리') AND (select uk_id from uk_master where uk_name = '상장폐지 사유');
update uk_master set part = '행동편향' where uk_id between (select uk_id from uk_master where uk_name = '행동편향') AND (select uk_id from uk_master where uk_name = '편향 극복을 위한 지속적 노력');
update uk_master set external_link = concat('https://www.example.com/', uk_master.uk_id);

--------------------- Video_Curriculum --------------------------------
insert into "ETEST"."VIDEO_CURRICULUM" ("CURRICULUM_ID", "SUBJECT") values (1, '위험관리 기초');
insert into "ETEST"."VIDEO_CURRICULUM" ("CURRICULUM_ID", "SUBJECT") values (2, '자산배분 기초');
insert into "ETEST"."VIDEO_CURRICULUM" ("CURRICULUM_ID", "SUBJECT") values (3, '위험관리/자산배분 응용');
insert into "ETEST"."VIDEO_CURRICULUM" ("CURRICULUM_ID", "SUBJECT") values (4, '행동편향 기초');
insert into "ETEST"."VIDEO_CURRICULUM" ("CURRICULUM_ID", "SUBJECT") values (5, '행동편향 응용');
insert into "ETEST"."VIDEO_CURRICULUM" ("CURRICULUM_ID", "SUBJECT") values (6, '투자기초(지식 기초)');
insert into "ETEST"."VIDEO_CURRICULUM" ("CURRICULUM_ID", "SUBJECT") values (7, '투자실전(종목고르기)');
insert into "ETEST"."VIDEO_CURRICULUM" ("CURRICULUM_ID", "SUBJECT") values (8, '투자실전(가격변동특징)');
insert into "ETEST"."VIDEO_CURRICULUM" ("CURRICULUM_ID", "SUBJECT") values (9, '투자실전(매매방법)');
insert into "ETEST"."VIDEO_CURRICULUM" ("CURRICULUM_ID", "SUBJECT") values (10, '기타');

--------------- Contents_Meta_Code --------------------------------------------------
insert into "ETEST"."META_CODE_MASTER" ("META_CODE_ID", "DOMAIN", "SEQUENCE", "CODE", "CODE_NAME") values ('콘텐츠 그룹영역11', '콘텐츠 그룹영역', 2, '11', '위험관리 기초');
insert into "ETEST"."META_CODE_MASTER" ("META_CODE_ID", "DOMAIN", "SEQUENCE", "CODE", "CODE_NAME") values ('콘텐츠 그룹영역12', '콘텐츠 그룹영역', 2, '12', '자산배분 기초');
insert into "ETEST"."META_CODE_MASTER" ("META_CODE_ID", "DOMAIN", "SEQUENCE", "CODE", "CODE_NAME") values ('콘텐츠 그룹영역13', '콘텐츠 그룹영역', 2, '13', '위험관리/자산배분 응용');
insert into "ETEST"."META_CODE_MASTER" ("META_CODE_ID", "DOMAIN", "SEQUENCE", "CODE", "CODE_NAME") values ('콘텐츠 그룹영역21', '콘텐츠 그룹영역', 2, '21', '행동편향 기초');
insert into "ETEST"."META_CODE_MASTER" ("META_CODE_ID", "DOMAIN", "SEQUENCE", "CODE", "CODE_NAME") values ('콘텐츠 그룹영역22', '콘텐츠 그룹영역', 2, '22', '행동편향 응용');
insert into "ETEST"."META_CODE_MASTER" ("META_CODE_ID", "DOMAIN", "SEQUENCE", "CODE", "CODE_NAME") values ('콘텐츠 그룹영역31', '콘텐츠 그룹영역', 2, '31', '투자기초(지식 기초)');
insert into "ETEST"."META_CODE_MASTER" ("META_CODE_ID", "DOMAIN", "SEQUENCE", "CODE", "CODE_NAME") values ('콘텐츠 그룹영역32', '콘텐츠 그룹영역', 2, '32', '투자실전(종목고르기)');
insert into "ETEST"."META_CODE_MASTER" ("META_CODE_ID", "DOMAIN", "SEQUENCE", "CODE", "CODE_NAME") values ('콘텐츠 그룹영역33', '콘텐츠 그룹영역', 2, '33', '투자실전(가격변동특징)');
insert into "ETEST"."META_CODE_MASTER" ("META_CODE_ID", "DOMAIN", "SEQUENCE", "CODE", "CODE_NAME") values ('콘텐츠 그룹영역34', '콘텐츠 그룹영역', 2, '34', '투자실전(매매방법)');
insert into "ETEST"."META_CODE_MASTER" ("META_CODE_ID", "DOMAIN", "SEQUENCE", "CODE", "CODE_NAME") values ('콘텐츠 그룹영역999', '콘텐츠 그룹영역', 2, '999', '기타');
insert into "ETEST"."META_CODE_MASTER" ("META_CODE_ID", "DOMAIN", "SEQUENCE", "CODE", "CODE_NAME") values ('콘텐츠 난이도10', '콘텐츠 난이도', 7, '10', '1레벨');
insert into "ETEST"."META_CODE_MASTER" ("META_CODE_ID", "DOMAIN", "SEQUENCE", "CODE", "CODE_NAME") values ('콘텐츠 난이도20', '콘텐츠 난이도', 7, '20', '2레벨');
insert into "ETEST"."META_CODE_MASTER" ("META_CODE_ID", "DOMAIN", "SEQUENCE", "CODE", "CODE_NAME") values ('콘텐츠 난이도30', '콘텐츠 난이도', 7, '30', '3레벨');
insert into "ETEST"."META_CODE_MASTER" ("META_CODE_ID", "DOMAIN", "SEQUENCE", "CODE", "CODE_NAME") values ('콘텐츠 난이도40', '콘텐츠 난이도', 7, '40', '4레벨');
insert into "ETEST"."META_CODE_MASTER" ("META_CODE_ID", "DOMAIN", "SEQUENCE", "CODE", "CODE_NAME") values ('콘텐츠 난이도50', '콘텐츠 난이도', 7, '50', '5레벨');
insert into "ETEST"."META_CODE_MASTER" ("META_CODE_ID", "DOMAIN", "SEQUENCE", "CODE", "CODE_NAME") values ('콘텐츠 난이도999', '콘텐츠 난이도', 7, '999', '기타');
insert into "ETEST"."META_CODE_MASTER" ("META_CODE_ID", "DOMAIN", "SEQUENCE", "CODE", "CODE_NAME") values ('콘텐츠 대영역10', '콘텐츠 대영역', 1, '10', 'Risk');
insert into "ETEST"."META_CODE_MASTER" ("META_CODE_ID", "DOMAIN", "SEQUENCE", "CODE", "CODE_NAME") values ('콘텐츠 대영역20', '콘텐츠 대영역', 1, '20', 'Bias');
insert into "ETEST"."META_CODE_MASTER" ("META_CODE_ID", "DOMAIN", "SEQUENCE", "CODE", "CODE_NAME") values ('콘텐츠 대영역30', '콘텐츠 대영역', 1, '30', 'Knowledge');
insert into "ETEST"."META_CODE_MASTER" ("META_CODE_ID", "DOMAIN", "SEQUENCE", "CODE", "CODE_NAME") values ('콘텐츠 대영역999', '콘텐츠 대영역', 1, '999', '기타');
insert into "ETEST"."META_CODE_MASTER" ("META_CODE_ID", "DOMAIN", "SEQUENCE", "CODE", "CODE_NAME") values ('콘텐츠 분류10', '콘텐츠 분류', null, '10', '금융투자상품');
insert into "ETEST"."META_CODE_MASTER" ("META_CODE_ID", "DOMAIN", "SEQUENCE", "CODE", "CODE_NAME") values ('콘텐츠 분류20', '콘텐츠 분류', null, '20', '주식');
insert into "ETEST"."META_CODE_MASTER" ("META_CODE_ID", "DOMAIN", "SEQUENCE", "CODE", "CODE_NAME") values ('콘텐츠 분류30', '콘텐츠 분류', null, '30', '채권');
insert into "ETEST"."META_CODE_MASTER" ("META_CODE_ID", "DOMAIN", "SEQUENCE", "CODE", "CODE_NAME") values ('콘텐츠 분류40', '콘텐츠 분류', null, '40', '파생');
insert into "ETEST"."META_CODE_MASTER" ("META_CODE_ID", "DOMAIN", "SEQUENCE", "CODE", "CODE_NAME") values ('콘텐츠 분류50', '콘텐츠 분류', null, '50', '펀드');
insert into "ETEST"."META_CODE_MASTER" ("META_CODE_ID", "DOMAIN", "SEQUENCE", "CODE", "CODE_NAME") values ('콘텐츠 분류60', '콘텐츠 분류', null, '60', '일임');
insert into "ETEST"."META_CODE_MASTER" ("META_CODE_ID", "DOMAIN", "SEQUENCE", "CODE", "CODE_NAME") values ('콘텐츠 분류70', '콘텐츠 분류', null, '70', '신탁');
insert into "ETEST"."META_CODE_MASTER" ("META_CODE_ID", "DOMAIN", "SEQUENCE", "CODE", "CODE_NAME") values ('콘텐츠 분류80', '콘텐츠 분류', null, '80', '대체');
insert into "ETEST"."META_CODE_MASTER" ("META_CODE_ID", "DOMAIN", "SEQUENCE", "CODE", "CODE_NAME") values ('콘텐츠 분류999', '콘텐츠 분류', null, '999', '기타');
insert into "ETEST"."META_CODE_MASTER" ("META_CODE_ID", "DOMAIN", "SEQUENCE", "CODE", "CODE_NAME") values ('콘텐츠 상세영역101', '콘텐츠 상세영역', 4, '101', '투자위험 정의');
insert into "ETEST"."META_CODE_MASTER" ("META_CODE_ID", "DOMAIN", "SEQUENCE", "CODE", "CODE_NAME") values ('콘텐츠 상세영역102', '콘텐츠 상세영역', 4, '102', '투자위험 크기');
insert into "ETEST"."META_CODE_MASTER" ("META_CODE_ID", "DOMAIN", "SEQUENCE", "CODE", "CODE_NAME") values ('콘텐츠 상세영역103', '콘텐츠 상세영역', 4, '103', '자산배분 정의');
insert into "ETEST"."META_CODE_MASTER" ("META_CODE_ID", "DOMAIN", "SEQUENCE", "CODE", "CODE_NAME") values ('콘텐츠 상세영역104', '콘텐츠 상세영역', 4, '104', '자산배분 방법');
insert into "ETEST"."META_CODE_MASTER" ("META_CODE_ID", "DOMAIN", "SEQUENCE", "CODE", "CODE_NAME") values ('콘텐츠 상세영역105', '콘텐츠 상세영역', 4, '105', '자산배분 기준');
insert into "ETEST"."META_CODE_MASTER" ("META_CODE_ID", "DOMAIN", "SEQUENCE", "CODE", "CODE_NAME") values ('콘텐츠 상세영역106', '콘텐츠 상세영역', 4, '106', '방어형투자자의 위험관리');
insert into "ETEST"."META_CODE_MASTER" ("META_CODE_ID", "DOMAIN", "SEQUENCE", "CODE", "CODE_NAME") values ('콘텐츠 상세영역107', '콘텐츠 상세영역', 4, '107', '공격형투자자의 위험관리');
insert into "ETEST"."META_CODE_MASTER" ("META_CODE_ID", "DOMAIN", "SEQUENCE", "CODE", "CODE_NAME") values ('콘텐츠 상세영역201', '콘텐츠 상세영역', 4, '201', '행동편향 정의');
insert into "ETEST"."META_CODE_MASTER" ("META_CODE_ID", "DOMAIN", "SEQUENCE", "CODE", "CODE_NAME") values ('콘텐츠 상세영역202', '콘텐츠 상세영역', 4, '202', '행동편향 특징');
insert into "ETEST"."META_CODE_MASTER" ("META_CODE_ID", "DOMAIN", "SEQUENCE", "CODE", "CODE_NAME") values ('콘텐츠 상세영역203', '콘텐츠 상세영역', 4, '203', '행동편향 종류');
insert into "ETEST"."META_CODE_MASTER" ("META_CODE_ID", "DOMAIN", "SEQUENCE", "CODE", "CODE_NAME") values ('콘텐츠 상세영역204', '콘텐츠 상세영역', 4, '204', '공격형투자자의 행동편향');
insert into "ETEST"."META_CODE_MASTER" ("META_CODE_ID", "DOMAIN", "SEQUENCE", "CODE", "CODE_NAME") values ('콘텐츠 상세영역205', '콘텐츠 상세영역', 4, '205', '방어형투자자의 행동편향');
insert into "ETEST"."META_CODE_MASTER" ("META_CODE_ID", "DOMAIN", "SEQUENCE", "CODE", "CODE_NAME") values ('콘텐츠 상세영역206', '콘텐츠 상세영역', 4, '206', '단기투자자의 행동편향');
insert into "ETEST"."META_CODE_MASTER" ("META_CODE_ID", "DOMAIN", "SEQUENCE", "CODE", "CODE_NAME") values ('콘텐츠 상세영역207', '콘텐츠 상세영역', 4, '207', '장기투자자의 행동편향');
insert into "ETEST"."META_CODE_MASTER" ("META_CODE_ID", "DOMAIN", "SEQUENCE", "CODE", "CODE_NAME") values ('콘텐츠 상세영역208', '콘텐츠 상세영역', 4, '208', '행동편향 극복방법');
insert into "ETEST"."META_CODE_MASTER" ("META_CODE_ID", "DOMAIN", "SEQUENCE", "CODE", "CODE_NAME") values ('콘텐츠 상세영역209', '콘텐츠 상세영역', 4, '209', '행동편향 극복루틴');
insert into "ETEST"."META_CODE_MASTER" ("META_CODE_ID", "DOMAIN", "SEQUENCE", "CODE", "CODE_NAME") values ('콘텐츠 상세영역301', '콘텐츠 상세영역', 4, '301', '수익보장의심');
insert into "ETEST"."META_CODE_MASTER" ("META_CODE_ID", "DOMAIN", "SEQUENCE", "CODE", "CODE_NAME") values ('콘텐츠 상세영역401', '콘텐츠 상세영역', 4, '401', '투자원리');
insert into "ETEST"."META_CODE_MASTER" ("META_CODE_ID", "DOMAIN", "SEQUENCE", "CODE", "CODE_NAME") values ('콘텐츠 상세영역402', '콘텐츠 상세영역', 4, '402', '주식의 수익/위험');
insert into "ETEST"."META_CODE_MASTER" ("META_CODE_ID", "DOMAIN", "SEQUENCE", "CODE", "CODE_NAME") values ('콘텐츠 상세영역403', '콘텐츠 상세영역', 4, '403', '자산관리 목표');
insert into "ETEST"."META_CODE_MASTER" ("META_CODE_ID", "DOMAIN", "SEQUENCE", "CODE", "CODE_NAME") values ('콘텐츠 상세영역404', '콘텐츠 상세영역', 4, '404', '포트폴리오');
insert into "ETEST"."META_CODE_MASTER" ("META_CODE_ID", "DOMAIN", "SEQUENCE", "CODE", "CODE_NAME") values ('콘텐츠 상세영역405', '콘텐츠 상세영역', 4, '405', '장기투자');
insert into "ETEST"."META_CODE_MASTER" ("META_CODE_ID", "DOMAIN", "SEQUENCE", "CODE", "CODE_NAME") values ('콘텐츠 상세영역406', '콘텐츠 상세영역', 4, '406', '재무제표');
insert into "ETEST"."META_CODE_MASTER" ("META_CODE_ID", "DOMAIN", "SEQUENCE", "CODE", "CODE_NAME") values ('콘텐츠 상세영역407', '콘텐츠 상세영역', 4, '407', '기업부채');
insert into "ETEST"."META_CODE_MASTER" ("META_CODE_ID", "DOMAIN", "SEQUENCE", "CODE", "CODE_NAME") values ('콘텐츠 상세영역408', '콘텐츠 상세영역', 4, '408', '기업이익');
insert into "ETEST"."META_CODE_MASTER" ("META_CODE_ID", "DOMAIN", "SEQUENCE", "CODE", "CODE_NAME") values ('콘텐츠 상세영역409', '콘텐츠 상세영역', 4, '409', '사업가치/재산가치');
insert into "ETEST"."META_CODE_MASTER" ("META_CODE_ID", "DOMAIN", "SEQUENCE", "CODE", "CODE_NAME") values ('콘텐츠 상세영역410', '콘텐츠 상세영역', 4, '410', '시가총액');
insert into "ETEST"."META_CODE_MASTER" ("META_CODE_ID", "DOMAIN", "SEQUENCE", "CODE", "CODE_NAME") values ('콘텐츠 상세영역411', '콘텐츠 상세영역', 4, '411', 'PER/PBR/PSR');
insert into "ETEST"."META_CODE_MASTER" ("META_CODE_ID", "DOMAIN", "SEQUENCE", "CODE", "CODE_NAME") values ('콘텐츠 상세영역412', '콘텐츠 상세영역', 4, '412', '시장가치 한계');
insert into "ETEST"."META_CODE_MASTER" ("META_CODE_ID", "DOMAIN", "SEQUENCE", "CODE", "CODE_NAME") values ('콘텐츠 상세영역413', '콘텐츠 상세영역', 4, '413', '종목고르기 종합판단');
insert into "ETEST"."META_CODE_MASTER" ("META_CODE_ID", "DOMAIN", "SEQUENCE", "CODE", "CODE_NAME") values ('콘텐츠 상세영역414', '콘텐츠 상세영역', 4, '414', '배당');
insert into "ETEST"."META_CODE_MASTER" ("META_CODE_ID", "DOMAIN", "SEQUENCE", "CODE", "CODE_NAME") values ('콘텐츠 상세영역415', '콘텐츠 상세영역', 4, '415', '고배당, 시가배당');
insert into "ETEST"."META_CODE_MASTER" ("META_CODE_ID", "DOMAIN", "SEQUENCE", "CODE", "CODE_NAME") values ('콘텐츠 상세영역416', '콘텐츠 상세영역', 4, '416', '가격변동 단기요인');
insert into "ETEST"."META_CODE_MASTER" ("META_CODE_ID", "DOMAIN", "SEQUENCE", "CODE", "CODE_NAME") values ('콘텐츠 상세영역417', '콘텐츠 상세영역', 4, '417', '주식종류별 변동특징');
insert into "ETEST"."META_CODE_MASTER" ("META_CODE_ID", "DOMAIN", "SEQUENCE", "CODE", "CODE_NAME") values ('콘텐츠 상세영역418', '콘텐츠 상세영역', 4, '418', '유통주식수');
insert into "ETEST"."META_CODE_MASTER" ("META_CODE_ID", "DOMAIN", "SEQUENCE", "CODE", "CODE_NAME") values ('콘텐츠 상세영역419', '콘텐츠 상세영역', 4, '419', '기업단기실적');
insert into "ETEST"."META_CODE_MASTER" ("META_CODE_ID", "DOMAIN", "SEQUENCE", "CODE", "CODE_NAME") values ('콘텐츠 상세영역420', '콘텐츠 상세영역', 4, '420', 'CEO, 고객');
insert into "ETEST"."META_CODE_MASTER" ("META_CODE_ID", "DOMAIN", "SEQUENCE", "CODE", "CODE_NAME") values ('콘텐츠 상세영역421', '콘텐츠 상세영역', 4, '421', '업종특징');
insert into "ETEST"."META_CODE_MASTER" ("META_CODE_ID", "DOMAIN", "SEQUENCE", "CODE", "CODE_NAME") values ('콘텐츠 상세영역422', '콘텐츠 상세영역', 4, '422', '금리');
insert into "ETEST"."META_CODE_MASTER" ("META_CODE_ID", "DOMAIN", "SEQUENCE", "CODE", "CODE_NAME") values ('콘텐츠 상세영역423', '콘텐츠 상세영역', 4, '423', '경기');
insert into "ETEST"."META_CODE_MASTER" ("META_CODE_ID", "DOMAIN", "SEQUENCE", "CODE", "CODE_NAME") values ('콘텐츠 상세영역424', '콘텐츠 상세영역', 4, '424', '원자재');
insert into "ETEST"."META_CODE_MASTER" ("META_CODE_ID", "DOMAIN", "SEQUENCE", "CODE", "CODE_NAME") values ('콘텐츠 상세영역425', '콘텐츠 상세영역', 4, '425', '주식기초');
insert into "ETEST"."META_CODE_MASTER" ("META_CODE_ID", "DOMAIN", "SEQUENCE", "CODE", "CODE_NAME") values ('콘텐츠 상세영역426', '콘텐츠 상세영역', 4, '426', '주식시장 기초');
insert into "ETEST"."META_CODE_MASTER" ("META_CODE_ID", "DOMAIN", "SEQUENCE", "CODE", "CODE_NAME") values ('콘텐츠 상세영역427', '콘텐츠 상세영역', 4, '427', '주문/결제');
insert into "ETEST"."META_CODE_MASTER" ("META_CODE_ID", "DOMAIN", "SEQUENCE", "CODE", "CODE_NAME") values ('콘텐츠 상세영역428', '콘텐츠 상세영역', 4, '428', '손익계산');
insert into "ETEST"."META_CODE_MASTER" ("META_CODE_ID", "DOMAIN", "SEQUENCE", "CODE", "CODE_NAME") values ('콘텐츠 상세영역429', '콘텐츠 상세영역', 4, '429', '공시');
insert into "ETEST"."META_CODE_MASTER" ("META_CODE_ID", "DOMAIN", "SEQUENCE", "CODE", "CODE_NAME") values ('콘텐츠 상세영역430', '콘텐츠 상세영역', 4, '430', '역사적인 가격');
insert into "ETEST"."META_CODE_MASTER" ("META_CODE_ID", "DOMAIN", "SEQUENCE", "CODE", "CODE_NAME") values ('콘텐츠 상세영역431', '콘텐츠 상세영역', 4, '431', '시장가격');
insert into "ETEST"."META_CODE_MASTER" ("META_CODE_ID", "DOMAIN", "SEQUENCE", "CODE", "CODE_NAME") values ('콘텐츠 상세영역432', '콘텐츠 상세영역', 4, '432', '시세');
insert into "ETEST"."META_CODE_MASTER" ("META_CODE_ID", "DOMAIN", "SEQUENCE", "CODE", "CODE_NAME") values ('콘텐츠 상세영역433', '콘텐츠 상세영역', 4, '433', '기술적분석');
insert into "ETEST"."META_CODE_MASTER" ("META_CODE_ID", "DOMAIN", "SEQUENCE", "CODE", "CODE_NAME") values ('콘텐츠 상세영역434', '콘텐츠 상세영역', 4, '434', '세금/수수료');
insert into "ETEST"."META_CODE_MASTER" ("META_CODE_ID", "DOMAIN", "SEQUENCE", "CODE", "CODE_NAME") values ('콘텐츠 상세영역435', '콘텐츠 상세영역', 4, '435', '매매전략');
insert into "ETEST"."META_CODE_MASTER" ("META_CODE_ID", "DOMAIN", "SEQUENCE", "CODE", "CODE_NAME") values ('콘텐츠 상세영역999999', '콘텐츠 상세영역', 4, '999999', '기타');
insert into "ETEST"."META_CODE_MASTER" ("META_CODE_ID", "DOMAIN", "SEQUENCE", "CODE", "CODE_NAME") values ('콘텐츠 세부영역101', '콘텐츠 세부영역', 3, '101', '투자위험 기초');
insert into "ETEST"."META_CODE_MASTER" ("META_CODE_ID", "DOMAIN", "SEQUENCE", "CODE", "CODE_NAME") values ('콘텐츠 세부영역102', '콘텐츠 세부영역', 3, '102', '자산배분 기초');
insert into "ETEST"."META_CODE_MASTER" ("META_CODE_ID", "DOMAIN", "SEQUENCE", "CODE", "CODE_NAME") values ('콘텐츠 세부영역103', '콘텐츠 세부영역', 3, '103', '투자유형별 위험관리');
insert into "ETEST"."META_CODE_MASTER" ("META_CODE_ID", "DOMAIN", "SEQUENCE", "CODE", "CODE_NAME") values ('콘텐츠 세부영역201', '콘텐츠 세부영역', 3, '201', '행동편향기초');
insert into "ETEST"."META_CODE_MASTER" ("META_CODE_ID", "DOMAIN", "SEQUENCE", "CODE", "CODE_NAME") values ('콘텐츠 세부영역202', '콘텐츠 세부영역', 3, '202', '투자유형별 행동편향');
insert into "ETEST"."META_CODE_MASTER" ("META_CODE_ID", "DOMAIN", "SEQUENCE", "CODE", "CODE_NAME") values ('콘텐츠 세부영역203', '콘텐츠 세부영역', 3, '203', '행동편향 극복방안');
insert into "ETEST"."META_CODE_MASTER" ("META_CODE_ID", "DOMAIN", "SEQUENCE", "CODE", "CODE_NAME") values ('콘텐츠 세부영역301', '콘텐츠 세부영역', 3, '301', '투자자보호 ');
insert into "ETEST"."META_CODE_MASTER" ("META_CODE_ID", "DOMAIN", "SEQUENCE", "CODE", "CODE_NAME") values ('콘텐츠 세부영역401', '콘텐츠 세부영역', 3, '401', '기본개념');
insert into "ETEST"."META_CODE_MASTER" ("META_CODE_ID", "DOMAIN", "SEQUENCE", "CODE", "CODE_NAME") values ('콘텐츠 세부영역402', '콘텐츠 세부영역', 3, '402', '투자원칙 ');
insert into "ETEST"."META_CODE_MASTER" ("META_CODE_ID", "DOMAIN", "SEQUENCE", "CODE", "CODE_NAME") values ('콘텐츠 세부영역403', '콘텐츠 세부영역', 3, '403', '회계기초 ');
insert into "ETEST"."META_CODE_MASTER" ("META_CODE_ID", "DOMAIN", "SEQUENCE", "CODE", "CODE_NAME") values ('콘텐츠 세부영역404', '콘텐츠 세부영역', 3, '404', '본질가치');
insert into "ETEST"."META_CODE_MASTER" ("META_CODE_ID", "DOMAIN", "SEQUENCE", "CODE", "CODE_NAME") values ('콘텐츠 세부영역405', '콘텐츠 세부영역', 3, '405', '시장가치');
insert into "ETEST"."META_CODE_MASTER" ("META_CODE_ID", "DOMAIN", "SEQUENCE", "CODE", "CODE_NAME") values ('콘텐츠 세부영역406', '콘텐츠 세부영역', 3, '406', '종목판단');
insert into "ETEST"."META_CODE_MASTER" ("META_CODE_ID", "DOMAIN", "SEQUENCE", "CODE", "CODE_NAME") values ('콘텐츠 세부영역407', '콘텐츠 세부영역', 3, '407', '배당 ');
insert into "ETEST"."META_CODE_MASTER" ("META_CODE_ID", "DOMAIN", "SEQUENCE", "CODE", "CODE_NAME") values ('콘텐츠 세부영역408', '콘텐츠 세부영역', 3, '408', '주식특징');
insert into "ETEST"."META_CODE_MASTER" ("META_CODE_ID", "DOMAIN", "SEQUENCE", "CODE", "CODE_NAME") values ('콘텐츠 세부영역409', '콘텐츠 세부영역', 3, '409', '기업/업종특징');
insert into "ETEST"."META_CODE_MASTER" ("META_CODE_ID", "DOMAIN", "SEQUENCE", "CODE", "CODE_NAME") values ('콘텐츠 세부영역410', '콘텐츠 세부영역', 3, '410', '거시경제특징');
insert into "ETEST"."META_CODE_MASTER" ("META_CODE_ID", "DOMAIN", "SEQUENCE", "CODE", "CODE_NAME") values ('콘텐츠 세부영역411', '콘텐츠 세부영역', 3, '411', '매매기초');
insert into "ETEST"."META_CODE_MASTER" ("META_CODE_ID", "DOMAIN", "SEQUENCE", "CODE", "CODE_NAME") values ('콘텐츠 세부영역412', '콘텐츠 세부영역', 3, '412', '매매거래');
insert into "ETEST"."META_CODE_MASTER" ("META_CODE_ID", "DOMAIN", "SEQUENCE", "CODE", "CODE_NAME") values ('콘텐츠 세부영역413', '콘텐츠 세부영역', 3, '413', '시장상황');
insert into "ETEST"."META_CODE_MASTER" ("META_CODE_ID", "DOMAIN", "SEQUENCE", "CODE", "CODE_NAME") values ('콘텐츠 세부영역414', '콘텐츠 세부영역', 3, '414', '매매전략');
insert into "ETEST"."META_CODE_MASTER" ("META_CODE_ID", "DOMAIN", "SEQUENCE", "CODE", "CODE_NAME") values ('콘텐츠 세부영역9999', '콘텐츠 세부영역', 3, '9999', '기타');
insert into "ETEST"."META_CODE_MASTER" ("META_CODE_ID", "DOMAIN", "SEQUENCE", "CODE", "CODE_NAME") values ('콘텐츠 수준10', '콘텐츠 수준', 6, '10', '기본');
insert into "ETEST"."META_CODE_MASTER" ("META_CODE_ID", "DOMAIN", "SEQUENCE", "CODE", "CODE_NAME") values ('콘텐츠 수준20', '콘텐츠 수준', 6, '20', '심화');
insert into "ETEST"."META_CODE_MASTER" ("META_CODE_ID", "DOMAIN", "SEQUENCE", "CODE", "CODE_NAME") values ('콘텐츠 수준999', '콘텐츠 수준', 6, '999', '기타');
insert into "ETEST"."META_CODE_MASTER" ("META_CODE_ID", "DOMAIN", "SEQUENCE", "CODE", "CODE_NAME") values ('콘텐츠 제작기관10', '콘텐츠 제작기관', null, '10', '금융투자협회');
insert into "ETEST"."META_CODE_MASTER" ("META_CODE_ID", "DOMAIN", "SEQUENCE", "CODE", "CODE_NAME") values ('콘텐츠 제작기관11', '콘텐츠 제작기관', null, '11', '금융투자교육원(전문)');
insert into "ETEST"."META_CODE_MASTER" ("META_CODE_ID", "DOMAIN", "SEQUENCE", "CODE", "CODE_NAME") values ('콘텐츠 제작기관12', '콘텐츠 제작기관', null, '12', '전국투자자교육협의회');
insert into "ETEST"."META_CODE_MASTER" ("META_CODE_ID", "DOMAIN", "SEQUENCE", "CODE", "CODE_NAME") values ('콘텐츠 제작기관21', '콘텐츠 제작기관', null, '21', '미래에셋증권');
insert into "ETEST"."META_CODE_MASTER" ("META_CODE_ID", "DOMAIN", "SEQUENCE", "CODE", "CODE_NAME") values ('콘텐츠 제작기관22', '콘텐츠 제작기관', null, '22', '대신증권');
insert into "ETEST"."META_CODE_MASTER" ("META_CODE_ID", "DOMAIN", "SEQUENCE", "CODE", "CODE_NAME") values ('콘텐츠 제작기관23', '콘텐츠 제작기관', null, '23', '신한금융투자증권');
insert into "ETEST"."META_CODE_MASTER" ("META_CODE_ID", "DOMAIN", "SEQUENCE", "CODE", "CODE_NAME") values ('콘텐츠 제작기관25', '콘텐츠 제작기관', null, '25', '삼성증권');
insert into "ETEST"."META_CODE_MASTER" ("META_CODE_ID", "DOMAIN", "SEQUENCE", "CODE", "CODE_NAME") values ('콘텐츠 제작기관26', '콘텐츠 제작기관', null, '26', '키움증권');
insert into "ETEST"."META_CODE_MASTER" ("META_CODE_ID", "DOMAIN", "SEQUENCE", "CODE", "CODE_NAME") values ('콘텐츠 제작기관31', '콘텐츠 제작기관', null, '31', '금융감독원');
insert into "ETEST"."META_CODE_MASTER" ("META_CODE_ID", "DOMAIN", "SEQUENCE", "CODE", "CODE_NAME") values ('콘텐츠 제작기관32', '콘텐츠 제작기관', null, '32', '한국거래소');
insert into "ETEST"."META_CODE_MASTER" ("META_CODE_ID", "DOMAIN", "SEQUENCE", "CODE", "CODE_NAME") values ('콘텐츠 제작기관33', '콘텐츠 제작기관', null, '33', '한국은행');
insert into "ETEST"."META_CODE_MASTER" ("META_CODE_ID", "DOMAIN", "SEQUENCE", "CODE", "CODE_NAME") values ('콘텐츠 제작기관34', '콘텐츠 제작기관', null, '34', '자본시장연구원');
insert into "ETEST"."META_CODE_MASTER" ("META_CODE_ID", "DOMAIN", "SEQUENCE", "CODE", "CODE_NAME") values ('콘텐츠 제작기관35', '콘텐츠 제작기관', null, '35', '금융연수원');
insert into "ETEST"."META_CODE_MASTER" ("META_CODE_ID", "DOMAIN", "SEQUENCE", "CODE", "CODE_NAME") values ('콘텐츠 제작기관61', '콘텐츠 제작기관', null, '61', '삼프로TV');
insert into "ETEST"."META_CODE_MASTER" ("META_CODE_ID", "DOMAIN", "SEQUENCE", "CODE", "CODE_NAME") values ('콘텐츠 제작기관62', '콘텐츠 제작기관', null, '62', '슈카');
insert into "ETEST"."META_CODE_MASTER" ("META_CODE_ID", "DOMAIN", "SEQUENCE", "CODE", "CODE_NAME") values ('콘텐츠 제작기관63', '콘텐츠 제작기관', null, '63', '815머니톡');
insert into "ETEST"."META_CODE_MASTER" ("META_CODE_ID", "DOMAIN", "SEQUENCE", "CODE", "CODE_NAME") values ('콘텐츠 제작기관81', '콘텐츠 제작기관', null, '81', 'BNP Paribas 그룹');
insert into "ETEST"."META_CODE_MASTER" ("META_CODE_ID", "DOMAIN", "SEQUENCE", "CODE", "CODE_NAME") values ('콘텐츠 제작기관9999', '콘텐츠 제작기관', null, '9999', '기타');
insert into "ETEST"."META_CODE_MASTER" ("META_CODE_ID", "DOMAIN", "SEQUENCE", "CODE", "CODE_NAME") values ('콘텐츠 종류CV', '콘텐츠 종류', null, 'CV', 'Video Content');
insert into "ETEST"."META_CODE_MASTER" ("META_CODE_ID", "DOMAIN", "SEQUENCE", "CODE", "CODE_NAME") values ('콘텐츠 종류CW', '콘텐츠 종류', null, 'CW', 'Web Book Content');
insert into "ETEST"."META_CODE_MASTER" ("META_CODE_ID", "DOMAIN", "SEQUENCE", "CODE", "CODE_NAME") values ('콘텐츠 출처10', '콘텐츠 출처', 5, '10', '자체');
insert into "ETEST"."META_CODE_MASTER" ("META_CODE_ID", "DOMAIN", "SEQUENCE", "CODE", "CODE_NAME") values ('콘텐츠 출처20', '콘텐츠 출처', 5, '20', '외부');
insert into "ETEST"."META_CODE_MASTER" ("META_CODE_ID", "DOMAIN", "SEQUENCE", "CODE", "CODE_NAME") values ('콘텐츠 출처999', '콘텐츠 출처', 5, '999', '기타');
